time,emg1,emg2,emg3,emg4,emg5,emg6,emg7,emg8,hand,pose,orientation,testPerson
0,-1,0,0,0,-2,-1,-1,0,1,2,100,BueBaby!
5,0,-1,3,-1,0,0,0,0
10,-2,-1,-2,0,-1,-1,-1,-1
15,-1,-2,3,-3,0,-2,-1,-1
20,-1,-1,-2,1,-1,0,1,0
25,1,0,-1,-2,1,-1,-2,-1
30,0,1,-1,-3,-2,1,-3,-2
35,-1,-1,0,-1,0,0,0,0
40,-1,2,1,0,1,0,0,-2
45,-3,-2,-1,-1,1,0,-1,-1
50,0,-1,-1,0,0,-1,-1,0
55,-1,-1,-2,-1,-2,-1,-1,-2
60,0,-1,0,-1,-3,-1,-2,0
65,0,1,-2,-1,-1,0,0,1
70,0,-2,-1,-2,-1,0,-1,0
75,0,-1,-1,0,0,-1,-2,-1
80,-1,-3,-1,-1,1,-1,-1,-1
85,-1,-1,-1,0,-1,0,0,-1
90,-1,-1,1,-1,0,-2,0,2
95,-1,0,-2,0,-1,-1,-1,-1
100,0,-1,-2,-2,2,-2,-2,-1
105,-1,0,-1,-1,-1,-1,-1,-2
110,-1,-1,0,-1,0,-2,0,-2
115,-1,0,0,-2,0,-1,0,0
120,-1,-1,5,-3,-2,-1,-1,0
125,-1,-2,-2,0,-1,0,-2,-1
130,0,0,-1,-2,-2,0,-1,-1
135,-1,0,-1,-1,1,-1,-3,-1
140,-1,-1,-3,-2,0,0,-2,-3
145,0,0,0,-1,-2,-1,0,0
150,-1,-1,-2,0,-1,-1,-1,0
155,-1,-2,0,0,0,1,0,-2
160,-1,0,-2,1,0,0,-1,0
165,0,0,0,-1,0,-1,0,0
170,-1,-3,-3,0,0,-2,-1,-1
175,1,0,0,0,-2,-1,0,0
180,-1,-1,-1,-1,-1,-1,-2,-1
185,-1,-1,-2,-2,-1,0,0,-2
190,-1,0,1,1,0,0,0,-1
195,0,-2,0,1,0,-2,-3,0
200,0,-1,-4,0,-3,-1,0,-1
205,-1,-1,5,-2,-2,0,-1,0
210,-1,-1,-3,0,-1,1,1,-1
215,-1,-1,-2,3,-1,-1,1,-1
220,0,0,-1,0,0,1,0,0
225,0,-1,-1,0,0,-1,-3,-2
230,0,0,-2,-2,0,0,-3,1
235,1,-2,-2,-1,-3,0,-1,-1
240,-1,-2,0,0,-2,-1,-2,0
245,-2,-2,-4,-1,1,-1,-1,-1
250,-1,-1,1,-1,-1,-2,-1,0
255,-1,0,-4,-1,0,0,0,-1
260,-1,-1,-1,-2,0,-1,0,-1
265,0,1,-3,0,-1,1,0,-1
270,-1,-1,-1,0,-1,0,-1,-1
275,-1,-1,0,-3,1,-1,-1,0
280,0,-1,1,0,0,-1,0,0
285,1,-1,-1,0,-2,-1,-2,0
290,0,1,0,0,-2,0,0,-2
295,-2,-1,-2,0,-3,-1,-2,-2
300,-1,0,-1,1,0,-1,-2,-2
305,0,-1,-1,-1,-1,-2,-1,-2
310,0,-1,-2,-2,-1,1,2,-1
315,-1,0,0,-1,0,0,-1,0
320,-2,0,-2,-2,0,0,0,0
325,-2,-1,-1,0,-1,-2,-1,-1
330,-1,-2,-2,0,-2,0,-3,-2
335,0,-2,-2,-1,0,2,1,0
340,0,-2,-3,-1,-2,-1,-1,-2
345,-1,-2,-1,-1,-1,0,0,-1
350,0,0,1,-1,0,-1,-2,-1
355,-1,1,0,-2,0,-2,0,-1
360,-2,-2,-1,-1,0,-1,-1,0
365,0,-1,-2,0,1,0,-1,-2
370,-1,-2,0,-1,0,-1,0,0
375,-1,1,0,0,-3,0,-1,-1
380,0,1,0,-1,1,1,0,-1
385,0,-2,-1,0,-2,-2,0,0
390,0,-1,-2,-2,-1,0,0,-1
395,-1,-1,-1,0,-2,-2,-1,0
400,-1,0,-1,-1,0,0,-1,-1
405,-1,-1,-2,-2,0,0,-1,0
410,0,-1,0,-1,-1,-1,2,0
415,-2,-2,0,-2,-2,-1,-2,-2
420,-1,-2,-2,0,-2,-1,0,-1
425,-1,-2,0,0,-1,1,-1,-3
430,0,-2,-1,-2,0,1,-2,-1
435,0,0,1,-2,-2,0,-1,-2
440,0,-1,4,-3,-1,-2,-1,1
445,-1,2,-3,0,2,-1,-2,-1
450,-1,-1,-2,-1,0,-1,-2,1
455,-1,-1,-1,-1,-1,-2,0,-1
460,0,-1,-3,0,-2,-2,-1,-2
465,-2,-1,0,0,-2,-1,1,0
470,-1,0,-1,1,-4,0,0,-1
475,0,-1,-3,-2,0,-2,-2,0
480,-1,0,1,-1,0,0,-1,-1
485,0,-2,-3,-3,-1,-1,-2,-1
490,-1,-1,-4,0,0,-3,-2,-1
495,1,-1,0,-1,0,1,-2,-1
500,0,-2,-2,-1,-2,-2,0,0
505,0,-1,-1,-2,-1,0,-1,0
510,-1,-1,1,-1,0,-1,0,-1
515,-1,-2,-1,0,0,-1,0,-1
520,0,2,0,1,-1,0,-1,-2
525,-1,-1,0,0,-3,-2,-2,0
530,-1,-1,1,-1,-2,0,1,1
535,0,1,-2,-2,0,-2,-2,1
540,0,-1,-3,0,1,1,0,-2
545,-2,-1,-1,0,-1,-1,-1,-1
550,1,0,-4,0,-1,-1,-2,-1
555,-1,0,-5,-1,1,-2,-1,-3
560,-2,-3,0,-2,-1,-1,0,1
565,1,-1,1,0,0,-1,-1,-2
570,0,-1,1,-2,0,-1,-2,-2
575,-1,-1,0,0,-1,-1,1,-1
580,-1,0,-2,-2,-1,0,-1,-1
585,-1,-1,0,-1,-1,2,0,1
590,0,-1,0,-1,-1,-1,-2,1
595,-1,-1,0,0,-2,0,1,-1
600,-2,-1,1,-1,-2,-2,-2,0
605,1,-2,-2,1,-2,-2,0,-1
610,1,-1,-1,0,-1,-2,-1,-3
615,0,-1,-2,-1,-1,0,-2,0
620,-1,0,-1,-1,-1,-2,-1,0
625,-2,0,-3,-2,1,1,-1,-1
630,1,-1,0,-1,0,0,1,-1
635,0,-1,-1,0,-2,0,0,0
640,1,-1,0,1,1,1,-1,-1
645,0,-1,0,-1,-3,-1,0,0
650,-2,0,-2,0,-2,-2,0,-1
655,-1,-1,-1,-1,-1,0,-2,0
660,0,-1,-1,-1,-1,-1,0,0
665,0,1,1,-1,-1,-1,-1,-2
670,-2,0,-4,-5,-3,0,-1,0
675,-1,-1,-5,1,-1,1,1,1
680,0,0,0,-2,-3,-1,-1,-1
685,0,-3,-2,0,0,-1,0,-1
690,0,0,0,0,-2,-2,-2,0
695,-3,-1,-1,-2,-1,-1,-2,-1
700,-1,-1,-2,0,0,0,1,-2
705,-2,-1,-2,-1,0,1,-2,1
710,-1,-4,2,-1,-1,-1,-2,1
715,-1,0,0,-1,0,-2,-1,-1
720,-1,-1,-1,0,-1,-1,0,-2
725,0,1,1,-2,-1,0,-1,-2
730,-2,-1,-2,-2,-1,-1,0,0
735,0,0,0,-1,0,0,0,-1
740,-1,0,-1,-4,-1,0,-1,0
745,-3,-2,-3,-1,0,-1,-1,-1
750,-1,0,1,-1,0,-2,-1,-2
755,-1,-2,-1,0,-2,-2,-2,-1
760,-1,0,0,-1,-2,0,0,-1
765,0,0,-1,-2,-1,-2,-1,-2
770,-1,0,-2,-1,1,0,1,0
775,1,-1,2,-3,-2,-2,-3,-3
780,0,0,-5,0,0,0,-2,0
785,-2,0,-1,-3,-2,-1,0,-1
790,-1,1,-1,-2,0,1,0,-2
795,-1,-2,0,0,0,-2,0,-3
800,-1,-1,1,0,1,-2,-1,-1
805,1,-2,-1,-2,-3,-1,1,0
810,-2,-3,-6,-1,0,0,-2,-2
815,-1,0,-1,-1,-1,0,-2,0
820,-1,-1,0,-1,0,-1,-2,0
825,-1,-1,-1,0,-1,-1,-2,-1
830,0,-1,0,1,-1,-1,0,0
835,0,0,-1,-2,-1,-1,-1,-1
840,0,-2,0,-1,-1,0,1,-2
845,-1,-1,-2,-1,2,0,-2,-2
850,0,-3,1,-1,0,0,-1,0
855,0,-1,-1,1,1,2,-1,1
860,-1,-1,-1,0,-1,-3,-1,1
865,0,-2,1,-1,0,-1,-2,-2
870,-1,0,-2,-1,-1,-2,-1,-1
875,-1,-2,-5,-3,2,-1,0,-1
880,1,-1,-3,-2,0,-1,-2,-1
885,-1,-2,1,-2,0,-2,0,1
890,0,0,-6,1,-1,-1,-1,-1
895,-3,0,3,0,0,-1,-3,0
900,-1,-2,-3,-2,-1,-1,-1,0
905,-1,-1,-2,1,-1,-1,-2,-2
910,-1,-1,2,1,-1,-1,-1,0
915,-2,0,-1,-2,-1,-1,-1,1
920,0,-1,-3,-1,-2,0,0,-2
925,-1,0,1,0,0,0,0,-1
930,-1,-1,2,-1,0,0,-1,1
935,0,0,-2,-1,-1,-1,-1,-3
940,-1,0,-1,0,-1,0,-2,-1
945,-1,0,-4,-3,0,-1,1,0
950,-1,-1,-1,-2,0,0,0,-1
955,1,-2,-1,-2,-3,-1,1,-1
960,-2,-1,0,-1,-1,-1,-1,-1
965,0,1,0,0,0,-1,-1,0
970,-1,-1,-1,-1,0,-1,-1,-1
975,-2,0,-1,-2,0,0,0,0
980,-1,-1,1,0,-1,0,-2,-2
985,-1,0,1,-3,1,-1,-1,0
990,-2,-2,0,0,-2,-2,0,0
995,-1,-1,0,0,-1,2,-1,-1
1000,0,-1,-1,1,0,-1,-1,-1
1005,0,-2,-1,-1,-2,1,-1,-1
1010,0,-2,-7,-1,-1,0,-2,-1
1015,0,-1,2,-1,-2,-1,-1,-1
1020,0,-1,-2,0,0,-1,-2,-2
1025,0,-2,-1,-1,-1,0,-1,-1
1030,-1,-2,0,-1,-2,-1,-1,-1
1035,-1,0,0,1,-1,-3,-2,0
1040,-2,-1,-1,-2,1,1,-1,1
1045,-1,-1,1,0,-3,-2,-1,0
1050,0,0,1,0,1,-1,-1,-1
1055,-2,0,-3,-2,1,1,0,1
1060,-1,-1,1,-1,-2,-1,1,1
1065,-3,-2,-2,-1,-2,0,-1,0
1070,0,1,3,-1,-1,-2,-1,-4
1075,1,-1,2,-1,-3,0,-1,-1
1080,0,0,-3,0,0,0,-2,0
1085,-1,0,0,0,0,-1,0,-1
1090,-1,0,3,-3,-1,-1,-1,0
1095,-2,-1,0,-1,-2,-2,-1,-2
1100,-2,0,-1,-2,0,-2,-1,-2
1105,-2,0,-2,0,-2,-1,-2,-1
1110,0,-1,-2,-1,-1,0,0,-1
1115,-1,-1,-3,0,0,0,0,-1
1120,-2,-2,-1,0,-1,1,1,-1
1125,-1,0,-2,-2,-1,-1,-1,-2
1130,-1,-2,0,1,-2,1,0,-2
1135,0,-1,-1,0,0,-1,-3,0
1140,1,0,3,1,-3,-1,-1,0
1145,-1,-1,-4,0,-1,0,-1,0
1150,-1,0,-1,-4,0,0,-1,-1
1155,0,-1,0,-1,-1,-2,1,0
1160,-2,-2,0,-1,0,-1,-1,-2
1165,-1,-1,0,1,2,1,0,-1
1170,0,0,0,-2,-3,-1,-1,-1
1175,-1,0,-3,-1,0,-1,-1,-1
1180,0,-1,-4,-1,-1,0,0,0
1185,-1,0,0,-1,-1,-1,0,-3
1190,-1,-1,-1,1,1,0,0,0
1195,0,-1,-3,-4,-1,-2,-1,-2
1200,-2,-1,-1,-1,-1,-1,-2,1
1205,1,0,-1,-1,-3,-2,-2,0
1210,-1,0,-2,0,0,-3,-1,-1
1215,-2,-1,-2,-1,-4,0,-1,0
1220,-2,0,1,-2,0,-2,-1,-2
1225,-1,-3,-3,-2,-3,0,0,0
1230,-2,1,1,0,-2,-3,-1,-1
1235,-1,-1,1,2,-1,-1,0,-1
1240,-1,0,-2,-2,-1,0,-2,-1
1245,0,0,1,1,-2,-2,-1,-1
1250,0,-1,-9,-1,-2,0,-2,0
1255,1,-2,-1,-2,0,0,0,-2
1260,0,0,-1,0,-3,-2,0,0
1265,-1,-4,0,-1,0,-1,-2,-4
1270,0,-1,-3,-1,-1,0,0,0
1275,0,0,0,0,0,0,0,-2
1280,-1,-2,-2,-1,0,0,-2,0
1285,0,0,0,-1,-1,-1,1,1
1290,0,-2,1,-1,-2,-1,-3,-1
1295,-2,0,1,1,0,0,-1,-1
1300,-1,-2,-2,-1,1,-1,0,0
1305,-1,0,-1,0,0,0,-1,0
1310,1,-1,3,-2,-1,0,-1,-1
1315,0,1,0,0,1,-1,0,-1
1320,-1,-1,-2,-1,-1,-1,-2,-1
1325,-1,-2,0,-1,0,-3,-2,0
1330,-2,-1,2,1,-1,1,1,0
1335,-2,-1,-6,-4,-2,0,-1,0
1340,-2,-1,3,-1,-2,-1,0,-1
1345,0,0,0,-1,0,-1,-1,0
1350,-1,-1,4,-2,-1,0,-1,-2
1355,0,-3,-1,1,1,-1,0,1
1360,-2,0,1,-1,-1,-1,0,-1
1365,-1,0,-2,-2,-1,0,-1,0
1370,-1,-1,-1,-2,0,0,-1,1
1375,-1,0,-2,-2,-2,1,-1,0
1380,1,-1,0,1,-1,-1,0,0
1385,-2,-2,2,-1,-3,-2,-2,-1
1390,-1,0,-3,-2,1,0,-1,-1
1395,-1,0,-2,-1,-1,-1,-1,0
1400,-2,-1,-2,-4,-2,0,0,-1
1405,-2,-2,-2,0,1,-1,-2,0
1410,0,-2,-2,0,-2,-2,0,-1
1415,-2,-1,-1,-1,-1,0,-1,-1
1420,0,-1,0,0,-1,0,0,-2
1425,-3,-1,-5,-1,-2,-1,1,-2
1430,1,1,-1,-1,1,0,0,-1
1435,-1,-1,0,0,1,-1,-1,0
1440,-1,-1,-2,-1,-1,-1,-1,-1
1445,0,-2,-1,0,0,0,1,-1
1450,-1,-2,-2,2,0,-2,-2,-1
1455,-1,-1,3,-1,-1,-2,0,0
1460,-2,2,1,-1,-2,0,-1,0
1465,0,0,0,-1,-2,0,-2,0
1470,-2,-1,-1,-1,-1,-1,1,-1
1475,0,0,-2,-2,-1,-2,-1,-2
1480,0,-1,0,0,0,1,0,0
1485,0,-1,-1,-2,-1,-1,-1,-1
1490,-1,-2,-3,-3,1,0,-1,-1
1495,-1,0,3,-1,-1,-4,-1,-1
1500,0,1,-4,-1,0,-3,0,-1
1505,-1,-1,-3,0,-1,0,0,-2
1510,0,-1,-4,0,0,-2,1,0
1515,1,-2,0,-1,-1,-2,0,-2
1520,-1,-1,2,-2,1,0,-2,0
1525,-3,1,-2,-1,1,-1,-1,0
1530,-2,1,0,0,-1,0,-1,0
1535,-1,-1,-2,-2,-1,-1,0,0
1540,-1,-2,0,0,0,-2,0,0
1545,-1,0,1,-1,0,0,-1,-1
1550,-2,0,-1,0,-2,-1,-3,0
1555,-1,-1,-3,1,0,0,-1,-1
1560,0,-3,-2,-2,-2,-1,0,0
1565,1,-2,-2,0,0,0,1,0
1570,0,0,0,-1,0,-2,0,-2
1575,-1,1,-1,0,-2,-1,0,-2
1580,-2,-1,-3,-1,-2,-1,-2,-1
1585,-1,0,2,1,-2,0,-1,-1
1590,-2,-1,1,1,-2,-1,0,-1
1595,0,-1,-5,-3,-1,-1,0,-1
1600,1,-1,1,1,1,0,1,-2
1605,-1,-2,-1,0,1,0,0,-1
1610,-2,-1,0,-1,0,-2,0,-2
1615,-2,-1,-2,0,0,1,0,0
1620,-2,0,-1,-2,0,-2,-1,-1
1625,0,-2,-1,0,-2,-1,0,-1
1630,-2,-1,-2,-2,0,-1,-1,-2
1635,0,-2,1,-1,-1,0,-2,0
1640,-2,-1,-3,-1,-1,-1,-2,-1
1645,0,-1,-2,0,1,0,0,-1
1650,-1,-2,1,0,-1,-2,-1,0
1655,-2,0,-5,1,-1,-1,0,0
1660,1,-1,0,0,-1,0,-3,0
1665,-1,1,1,-1,-2,-1,-1,-1
1670,-1,-3,0,-2,-1,1,0,0
1675,0,0,3,-1,-1,0,-1,-1
1680,-1,-1,-4,0,-1,1,-1,0
1685,-2,-1,-4,-1,0,-2,0,-1
1690,0,-1,-1,-1,-2,0,-1,0
1695,-2,-1,1,0,-1,-1,-1,-3
1700,-2,-1,1,-1,-1,-1,-1,-2
1705,0,-1,6,-1,0,-1,-2,-2
1710,0,-1,-8,-1,0,-1,-2,1
1715,-2,-2,0,-2,-1,0,0,1
1720,-2,-1,0,-1,1,0,-1,0
1725,0,0,-2,-1,-1,-1,-1,0
1730,-1,0,1,1,1,0,0,-2
1735,-1,-2,-1,1,0,0,0,-1
1740,-1,-2,-1,-2,-1,-1,0,-1
1745,-1,-1,1,-2,0,0,-1,1
1750,0,-1,0,-2,-1,-1,0,-1
1755,0,0,5,-1,-2,-2,-1,0
1760,0,0,-2,0,0,-3,0,-1
1765,0,-1,-1,-2,-1,-2,-1,-1
1770,-2,0,0,-1,-1,-1,-1,-2
1775,-3,-1,1,0,0,1,0,-1
1780,-1,0,2,0,2,-1,-1,0
1785,-2,0,-2,-2,-1,-2,-2,-1
1790,-1,-2,-4,-3,-1,0,0,0
1795,1,-1,0,-1,-1,-1,-1,0
1800,-1,-2,-3,-1,0,0,-1,-2
1805,-1,-1,-5,-1,1,0,1,-1
1810,0,0,3,-1,-1,-1,0,1
1815,0,-1,-4,0,-1,-2,0,-1
1820,0,0,3,-1,-1,-1,-2,-2
1825,-1,-2,-1,-1,-3,-1,1,0
1830,1,-1,-2,-1,-1,0,-1,-1
1835,0,-2,-2,-3,0,0,-1,-1
1840,0,-1,-6,1,0,-1,0,-1
1845,-2,0,0,-1,-2,-1,-1,-1
1850,-2,0,-2,-2,1,-1,0,0
1855,1,0,-6,-2,0,-1,-2,1
1860,-2,-1,-2,-3,-3,-1,-1,-2
1865,-2,-1,0,0,-1,0,0,1
1870,0,-2,-2,0,0,0,-1,-1
1875,-1,-1,-1,-1,0,0,0,-1
1880,0,0,0,-2,-2,0,0,0
1885,0,0,0,-2,1,0,-2,-2
1890,-1,-1,3,2,-1,-2,-1,-4
1895,-2,-2,-2,0,0,-1,-1,0
1900,0,-1,-1,-1,0,0,-1,0
1905,-3,-1,0,-1,1,-1,-1,1
1910,0,-1,0,0,1,0,-2,0
1915,-2,0,-1,-2,-2,-1,-2,0
1920,-1,0,0,0,-3,-1,0,-1
1925,-2,-3,-3,-2,-2,0,-1,-1
1930,-1,-1,-2,0,0,-1,0,-1
1935,0,-1,-7,-2,-1,0,-2,-2
1940,-1,0,0,-2,-1,-2,-1,0
1945,0,0,0,-2,-2,-1,1,1
1950,-1,0,0,0,0,1,-2,-2
1955,0,0,2,-2,-1,0,0,0
1960,-1,0,2,0,-1,-1,0,0
1965,0,-1,-2,0,-2,1,-1,-2
1970,1,-1,-2,-1,0,-1,-1,0
1975,-1,-1,1,1,-1,-1,-1,-1
1980,-1,-1,0,1,-1,-1,0,-1
1985,0,0,-1,0,-1,-2,0,0
1990,-1,1,0,-1,-3,-1,0,0
1995,-1,-1,1,-1,-1,-3,-1,-1
2000,-1,-2,-2,-1,1,0,0,-1
2005,0,1,-1,0,0,-2,-2,0
2010,-1,-1,-3,0,-1,-1,-1,2
2015,-2,-1,1,-2,0,-2,-2,-2
2020,-1,0,-8,1,0,2,0,0
2025,0,-1,0,0,0,0,-1,-2
2030,-1,0,0,-2,-2,0,1,-1
2035,-1,0,1,-1,0,0,-2,1
2040,-1,0,0,-1,-1,0,0,1
2045,-2,-1,-2,-2,1,0,0,-3
2050,-1,-1,-2,-2,-1,-1,0,-3
2055,-1,0,0,0,-1,0,0,-2
2060,-2,-1,-2,-2,-1,-3,-3,-1
2065,-1,-1,-2,-1,-3,-1,-2,1
2070,-1,0,-1,0,0,2,1,0
2075,1,-1,-1,-2,-1,-1,0,1
2080,-1,0,1,-1,-1,0,0,-3
2085,-1,-2,-1,0,-2,-2,0,-2
2090,-2,-1,0,0,0,0,-1,0
2095,-1,-1,-2,-1,0,0,-1,0
2100,1,-1,0,-1,0,-1,-2,0
2105,-1,0,-8,0,0,0,1,-1
2110,-1,-1,0,0,0,-2,-2,-1
2115,-2,0,0,1,0,-2,1,-1
2120,-2,-2,0,-1,1,1,0,0
2125,1,0,-3,-2,-1,0,-2,-1
2130,-1,-1,-2,-2,-1,-2,-1,-1
2135,0,-1,1,-1,-2,0,-1,-1
2140,0,-1,0,0,2,-1,-2,-1
2145,0,-1,3,-2,-1,-2,0,0
2150,0,-1,-4,0,-1,-1,0,0
2155,-1,-1,1,-1,-2,-1,0,-1
2160,-2,0,1,-2,-1,-1,0,0
2165,0,0,3,0,0,1,-2,0
2170,1,-3,-1,-1,0,0,0,-1
2175,-1,0,-2,1,0,0,-1,-1
2180,-1,-2,-2,0,-1,-2,-2,-1
2185,-2,-2,2,-3,-2,0,-3,0
2190,-2,0,-3,-1,-2,-1,-2,-1
2195,0,0,-2,-2,0,-2,0,-1
2200,0,-2,1,0,0,-1,-1,-1
2205,-2,-1,-3,-2,-3,-1,-1,0
2210,-1,0,-1,-1,0,-1,0,0
2215,0,-2,-1,-3,-1,-2,-2,-1
2220,0,1,1,-2,-2,-2,1,-1
2225,-1,-2,-1,0,1,-1,0,-1
2230,-1,-1,2,-2,-2,0,-2,-1
2235,-1,-1,-3,-2,0,0,-1,-1
2240,0,-2,1,-3,-1,0,0,0
2245,-1,1,0,1,-1,0,0,-2
2250,-1,1,1,-1,0,-3,0,-1
2255,-1,-1,-3,0,-1,-1,-2,-1
2260,-2,-2,-1,-2,0,0,-2,0
2265,-1,-2,-1,0,0,0,0,0
2270,-2,-3,-1,-2,0,-2,-2,-1
2275,-1,-2,3,-2,-3,0,-1,-2
2280,-2,0,-2,-2,-2,-1,0,-1
2285,-1,-1,-1,-1,-2,0,-2,-1
2290,-1,-1,1,-2,-1,-1,-1,0
2295,0,-2,0,0,-2,-1,1,-2
2300,-1,-1,-2,-1,-1,-2,-1,-1
2305,-1,0,-1,0,1,-2,-1,-1
2310,0,-1,-1,-2,-2,-2,-2,-1
2315,-2,-1,-2,-2,1,1,1,0
2320,0,1,-1,0,0,-1,1,-1
2325,0,-1,0,0,-1,-2,-3,-2
2330,-1,1,-1,-1,-1,0,-1,-2
2335,0,-1,-2,-1,0,-2,1,0
2340,-2,-2,-1,0,-2,-1,0,-1
2345,-1,-1,0,-2,0,-1,0,0
2350,0,0,-1,-1,-1,1,-2,-2
2355,-1,-1,3,-1,0,-2,-3,-1
2360,1,-2,-6,-1,-2,-1,0,1
2365,-1,0,-1,1,1,-3,-1,-1
2370,-2,-1,-1,-1,0,0,0,-1
2375,0,-2,-1,-1,0,-1,0,-1
2380,-1,0,3,-1,-1,0,-1,-1
2385,0,1,-1,0,0,-1,-3,-1
2390,0,0,0,1,0,0,-1,-1
2395,-1,-1,-5,1,1,0,-1,0
2400,0,-2,1,-1,-1,0,1,1
2405,0,-2,0,0,-3,-1,-1,0
2410,-2,-1,-1,0,-2,0,-1,-1
2415,-2,-1,-2,0,-2,-1,-1,1
2420,0,-1,-3,1,1,-1,-2,-3
2425,-2,-1,1,-2,-1,-2,1,-1
2430,0,-3,4,-1,-2,-2,-2,0
2435,-1,0,-1,1,0,1,0,0
2440,0,1,-2,0,-1,-1,-1,-1
2445,0,-1,-1,-4,-1,-1,-1,0
2450,-1,0,1,-1,0,-3,-1,-2
2455,0,0,-3,-1,-1,-1,-1,-1
2460,-1,1,2,0,-1,-1,-1,-2
2465,-1,-2,-2,0,-1,0,-1,0
2470,0,-2,-1,0,0,-1,-1,0
2475,-1,-2,-1,-2,-1,0,-1,-1
2480,-1,-1,-3,-1,-1,0,-2,-1
2485,-2,-1,-1,-1,-1,1,-1,-2
2490,0,0,-1,2,-1,0,-1,0
2495,0,0,0,0,1,0,-1,1
2500,-1,-2,0,-3,-1,-1,-2,-2
2505,-2,-2,1,-1,-2,0,0,0
2510,-2,0,-5,-2,0,-2,-2,-2
2515,-1,-1,-2,1,-2,-2,-2,-2
2520,-1,-1,-1,-1,1,-1,-1,0
2525,0,-2,-1,-2,0,-2,0,0
2530,0,-2,-1,0,0,0,0,-1
2535,0,1,0,-1,-1,-1,0,-1
2540,0,-1,-4,0,-2,-1,-1,-1
2545,-1,0,-2,1,-1,-1,-2,0
2550,-1,-2,0,0,1,-1,1,-2
2555,0,0,-2,-1,-3,-2,-1,-1
2560,0,-1,0,0,-1,1,-1,1
2565,0,-1,0,0,0,1,-2,-2
2570,0,-2,-3,-2,-1,-1,-3,0
2575,-1,0,1,0,-2,1,0,-2
2580,1,0,0,0,-2,-2,-1,-2
2585,-1,0,-2,-1,-1,-1,0,-1
2590,-1,-1,-2,-1,0,0,-2,0
2595,-1,-3,2,-1,-1,-4,0,-1
2600,-1,-2,-2,-1,-1,0,1,1
2605,-2,-1,-2,-1,-1,-1,1,-1
2610,0,-3,0,-1,-1,1,1,-2
2615,0,0,-1,-2,-1,-1,0,-1
2620,-2,-2,-1,0,0,-1,-2,-2
2625,0,-2,-1,1,-2,0,-2,-1
2630,-1,0,-2,0,0,1,1,2
2635,0,0,-1,-1,-1,0,0,-1
2640,-2,-2,-3,-3,-2,-2,-2,-2
2645,0,-1,-1,0,0,0,-1,0
2650,-1,-2,-2,-1,0,-3,-2,0
2655,-1,-1,-2,-1,0,-1,-1,-1
2660,0,2,0,-2,1,-1,1,1
2665,1,1,1,-1,-1,-2,-1,-2
2670,-1,-1,-1,-2,0,-1,1,-1
2675,-2,1,-6,0,0,0,-2,-1
2680,0,-1,-1,0,-2,-4,-1,-1
2685,-2,0,-4,-1,0,1,0,-1
2690,0,-1,0,-1,-1,-2,-2,-1
2695,-1,-2,-2,1,1,0,0,-1
2700,1,0,0,-1,-1,-2,-1,1
2705,-1,-2,-2,-2,1,0,-2,0
2710,-1,-1,0,-2,-3,-1,-1,0
2715,-2,0,-1,-1,0,-2,-1,-2
2720,0,0,0,0,-1,-2,-2,-2
2725,-1,-2,-2,-2,-2,0,1,-1
2730,-2,-1,-1,0,-1,0,0,-1
2735,-1,-1,-1,-1,-1,1,-1,0
2740,-1,-2,-1,1,0,0,0,-1
2745,0,0,0,-1,0,-3,-1,0
2750,-2,-1,-2,-1,-1,0,0,-2
2755,1,-3,2,-1,0,-2,-1,0
2760,-2,-1,1,-3,0,0,-1,-2
2765,1,-1,-5,1,0,-1,-2,-1
2770,0,0,-2,-1,0,-1,1,0
2775,-1,-1,3,-2,-2,-2,-1,-2
2780,0,-2,0,-2,-1,-1,0,-1
2785,-2,-2,5,0,1,0,0,-1
2790,0,0,-3,-1,-1,-1,-2,0
2795,0,0,-4,-1,1,-2,-1,-1
2800,-2,-2,-2,1,0,-1,-2,-1
2805,0,1,-1,0,-2,1,0,-1
2810,-1,0,-1,1,-1,-1,-2,-1
2815,0,-1,0,-3,-3,0,1,-1
2820,0,0,-3,-2,0,1,-1,-1
2825,0,1,-1,-3,-2,-1,-1,-1
2830,-1,-1,0,0,2,0,0,-2
2835,-1,1,0,2,-1,1,-1,-1
2840,1,-2,0,-2,-1,0,-3,-1
2845,-1,-1,-2,1,-1,-1,0,0
2850,-1,0,-1,-1,1,0,0,0
2855,0,0,0,0,-4,-2,-2,-1
2860,0,-1,-9,0,0,-2,-1,-1
2865,0,-1,-2,-1,1,-1,-2,-2
2870,-1,1,1,-1,-2,1,-1,0
2875,-1,-1,1,1,0,-1,-1,0
2880,-2,0,1,-1,-1,0,0,-1
2885,-2,-2,-2,0,-1,-1,-1,0
2890,0,-1,0,-1,-1,0,-1,-1
2895,1,-1,-1,-2,-1,-2,0,0
2900,-2,1,2,0,-1,-1,-1,-3
2905,-1,-1,0,1,-1,-1,0,-2
2910,-2,-2,-1,2,-1,-1,0,0
2915,-2,-2,-1,-3,-1,0,0,0
2920,-2,-1,0,-2,0,1,0,0
2925,-3,-2,-1,0,0,-1,-2,-1
2930,0,-1,-3,-1,0,0,-2,0
2935,-1,0,0,1,-1,-1,-1,0
2940,-1,0,-5,1,0,-1,0,1
2945,1,0,-1,-1,-3,-1,-1,1
2950,-3,-2,0,-1,-2,-1,-1,-1
2955,1,1,0,0,-1,0,-1,-2
2960,1,-2,0,-2,0,-2,-3,-1
2965,1,0,-2,-1,-1,-2,-2,-2
2970,-2,-1,1,0,-1,-2,-1,-1
2975,0,-2,-4,0,0,0,1,0
2980,-1,-1,-2,-1,-1,0,1,0
2985,-2,-2,1,-1,0,0,-1,-1
2990,1,0,-4,-1,-2,-2,-1,-1
2995,0,-2,-1,-2,0,-1,-2,-1
3000,-1,-1,1,-3,-2,-2,0,-2
3005,-1,-1,-6,-1,-1,-1,0,-1
3010,0,-1,1,-2,0,0,0,-2
3015,-2,-3,-3,0,0,-1,0,-1
3020,-1,-2,0,0,-2,0,-2,-1
3025,-1,-1,1,-1,-3,-1,-1,-2
3030,-1,0,0,1,0,-1,0,1
3035,-1,1,-9,-1,1,-1,-1,0
3040,-2,-1,1,1,1,0,0,-2
3045,-1,0,1,-3,-2,-1,-3,-1
3050,0,0,-1,0,0,-1,-1,0
3055,-1,-1,2,-2,-1,-1,-2,0
3060,-2,-2,0,-1,0,0,0,-1
3065,0,-1,2,1,1,1,1,0
3070,-2,-2,-2,-2,-1,-1,-1,-1
3075,-1,-1,1,0,-1,-1,-1,-2
3080,-1,-1,-1,1,-1,0,0,1
3085,-1,-1,1,0,0,-2,0,1
3090,-1,-1,-3,0,-1,-1,-2,-2
3095,1,-2,2,-1,-2,-2,-1,-1
3100,-2,-2,1,0,1,1,-1,-1
3105,0,-2,-2,-3,-1,1,-1,0
3110,-1,-1,-1,0,-3,-3,-1,0
3115,-1,0,1,-1,1,1,-1,-1
3120,0,-2,-1,1,-1,-1,-2,0
3125,0,2,-2,-2,-1,-1,0,0
3130,0,-3,3,-2,-3,-1,-1,-1
3135,0,-2,-2,0,0,0,-1,-2
3140,0,-2,0,-2,-4,-1,-1,-1
3145,-1,0,-1,0,1,0,0,0
3150,0,-2,0,-1,0,0,-1,-1
3155,0,-1,-1,0,0,-1,-2,-1
3160,-1,1,-2,-1,1,-1,-2,-2
3165,0,0,-2,0,-1,-2,-1,-1
3170,-1,0,-3,1,1,2,0,-2
3175,0,-1,0,0,-1,-1,0,-1
3180,0,0,-2,-3,-2,-2,-1,-1
3185,-1,-1,0,-2,0,-2,-2,-1
3190,-1,1,-1,-1,0,0,-1,-1
3195,-2,-1,-1,-3,-2,0,1,-1
3200,-1,0,0,0,2,0,0,-2
3205,-2,1,1,0,0,-1,0,-1
3210,-1,-1,-2,0,1,0,0,-1
3215,0,0,0,-1,0,1,0,0
3220,0,-1,-1,-2,0,-1,0,0
3225,-1,-3,3,-3,-2,-1,-2,-1
3230,-1,-1,-2,-1,-1,0,0,-2
3235,0,0,0,-1,-1,-2,-1,-2
3240,-2,0,2,1,-2,-1,-1,-2
3245,-1,-3,-7,-1,0,-1,1,-1
3250,-1,-2,-2,-1,-1,-1,-1,1
3255,-1,-2,1,1,-1,-3,0,0
3260,-1,0,-3,-1,-1,0,1,-1
3265,-1,0,1,1,-2,0,-1,-1
3270,-1,0,-1,0,-1,-1,-1,0
3275,-2,-1,-3,-2,-1,0,-2,0
3280,0,-2,-1,0,-2,-1,-1,0
3285,-2,-1,-5,0,-1,0,-2,0
3290,2,-1,-2,-1,1,-2,0,1
3295,0,2,1,-1,-2,0,-2,0
3300,0,0,-2,-1,-2,0,0,-1
3305,0,-1,0,-1,-1,0,-1,-2
3310,-3,0,-1,0,0,0,0,-2
3315,-3,-2,1,-3,0,-2,-1,0
3320,-1,-2,-3,-1,1,-1,-1,-1
3325,0,-1,-2,0,1,-1,-2,-1
3330,1,-2,1,-1,-1,1,-1,-2
3335,-1,-2,1,0,-1,-1,0,0
3340,-1,-1,-1,-2,1,-1,-2,-1
3345,-1,1,0,-1,-3,-3,0,-2
3350,-1,1,-2,-1,-2,-2,-1,-1
3355,-1,-2,-6,-2,-1,1,-1,-1
3360,0,-1,-2,-1,0,-1,0,0
3365,0,-1,0,2,0,-2,-3,-1
3370,0,-2,-1,0,-1,-2,-2,-2
3375,0,0,-2,-2,-2,-1,-1,-3
3380,0,0,-1,-1,-1,0,1,0
3385,1,-2,1,0,1,0,-1,-1
3390,-1,0,1,0,-2,-1,-3,-1
3395,-2,-2,-1,0,0,1,-1,-1
3400,0,-2,0,0,-4,-1,-2,-1
3405,-1,0,0,-1,1,-1,0,2
3410,0,-2,-2,-1,0,-1,0,1
3415,0,-1,0,0,-1,0,-1,2
3420,-1,1,6,-1,-1,-1,-3,0
3425,-1,-3,-3,-1,-1,1,-1,0
3430,-2,0,-2,0,-2,0,-1,-1
3435,1,-2,-1,2,0,-1,-3,-1
3440,-2,-1,0,-1,-2,1,0,0
3445,-3,-1,1,0,0,-1,-1,-2
3450,-1,-1,-3,-2,-2,-1,-1,-1
3455,0,-1,0,0,-1,1,-1,-3
3460,0,-1,-4,0,0,0,-1,-2
3465,-1,-1,-2,-2,-1,-2,-1,-1
3470,0,-1,0,-1,-2,-2,-1,-2
3475,-1,-2,-2,-3,0,-1,0,-1
3480,-1,-1,-3,0,0,0,-1,1
3485,0,-1,-1,-3,-2,0,0,-2
3490,-1,-2,-1,-1,-1,0,1,-1
3495,0,-1,1,1,-3,1,1,0
3500,0,-1,-2,-1,1,-2,-1,-1
3505,-1,1,0,-1,-1,-2,1,0
3510,0,-2,-7,0,-1,1,0,-2
3515,-2,1,-2,-1,-1,1,0,-2
3520,0,0,-2,-2,-1,-1,-1,-1
3525,-1,-2,0,1,1,1,0,1
3530,-1,-1,1,-1,1,-1,0,-1
3535,-1,-2,-3,-3,-1,-1,0,-1
3540,-1,0,-1,-2,-1,0,2,0
3545,-1,0,-1,0,-1,-2,0,-1
3550,-2,-1,0,-1,-1,-2,0,-2
3555,0,1,2,-1,0,-3,0,0
3560,-1,-1,-1,0,0,2,-1,-2
3565,0,-1,1,0,-1,1,0,0
3570,-2,-1,-1,-1,-1,-1,-1,0
3575,-2,1,-1,-2,0,-1,-1,0
3580,-3,-2,-4,-2,-1,-1,-1,0
3585,1,-2,0,-2,-1,1,0,-1
3590,0,1,0,0,0,-1,-2,0
3595,-2,-1,-1,-1,-1,-1,-1,-1
3600,-1,-1,3,0,-1,-1,0,-1
3605,-1,-2,-8,1,-1,1,1,0
3610,0,-2,1,0,0,0,1,0
3615,-2,0,1,-1,-2,-1,0,0
3620,-1,-2,-2,1,-1,-2,-2,-2
3625,-2,-1,3,-3,-4,-2,-3,-2
3630,0,-1,-3,-1,0,-1,-2,0
3635,-1,-1,0,-1,-1,-1,0,0
3640,-1,-2,-1,0,0,0,-1,-1
3645,-1,0,0,0,2,-1,-1,0
3650,0,1,1,0,-1,-1,-1,-1
3655,-1,-2,-1,-2,-1,-2,-1,-2
3660,-1,0,0,0,1,2,-1,0
3665,-1,1,-1,-1,-1,0,-2,-1
3670,0,-2,2,-1,-1,0,-2,-2
3675,-1,0,-1,0,0,0,-1,-1
3680,1,-1,-1,0,-2,-3,1,-1
3685,-2,-1,1,1,0,0,0,-1
3690,0,-2,-4,-3,0,0,0,0
3695,-1,-3,3,0,1,-1,-3,-1
3700,0,-2,-1,-2,-1,-1,-2,0
3705,1,2,2,-2,-2,-1,0,-1
3710,-1,1,1,1,-1,-1,0,0
3715,-1,-1,1,-1,-1,-1,-1,0
3720,-1,-1,-1,0,-1,0,-1,-1
3725,1,-3,0,1,0,-1,-2,-1
3730,-2,-2,3,1,-1,-1,0,1
3735,0,-1,-5,-2,-2,-1,0,-2
3740,-2,-1,0,2,-1,-2,-1,0
3745,-1,0,-4,-2,-1,-1,-1,-2
3750,-2,0,0,0,0,0,0,-2
3755,-2,-1,-3,1,3,0,-1,-2
3760,0,0,-1,-2,-1,-2,-1,0
3765,0,-2,-2,0,-1,-2,-2,-1
3770,-1,0,-2,-1,-1,0,-2,0
3775,-1,-1,-2,-1,-2,0,-2,2
3780,-1,0,0,-1,-1,-1,0,-1
3785,-2,-1,-1,-2,-1,0,-1,-1
3790,-3,-2,1,-1,-1,-1,-1,-3
3795,1,-1,-6,2,0,0,-1,-1
3800,1,-1,1,-2,-2,0,-1,-1
3805,-2,-1,0,-1,0,1,0,-1
3810,-1,-1,-4,-3,-3,0,-1,0
3815,0,-1,2,-2,-3,-1,-1,-2
3820,-1,-1,0,-1,-1,0,-1,0
3825,-1,-3,0,0,-2,-1,1,-1
3830,-1,0,0,0,-1,0,-1,-1
3835,-1,-3,-3,-2,-1,-2,-2,0
3840,-2,0,-2,-1,0,-3,0,-2
3845,-1,0,0,-2,-3,1,0,0
3850,1,-2,-3,-1,1,0,-1,1
3855,-1,-1,4,0,0,0,1,1
3860,-2,0,0,-2,0,-1,0,-1
3865,0,0,-3,0,-1,-1,-2,-2
3870,-1,1,-1,0,-3,-2,-1,-3
3875,0,-2,0,0,-2,-2,0,-1
3880,0,-1,1,-1,-1,0,-1,1
3885,-1,0,3,-2,0,1,-1,-1
3890,-2,0,-1,0,0,0,-1,0
3895,1,0,-1,-2,-2,-2,0,-1
3900,-1,-1,-3,0,0,-2,1,-1
3905,0,-1,0,-2,0,-3,0,-1
3910,0,-1,-1,-3,0,-1,-1,1
3915,-2,-2,1,-1,1,0,0,0
3920,-1,-2,-4,-1,-2,0,0,0
3925,-1,-1,-3,1,0,0,0,1
3930,1,-1,-1,-2,0,-1,0,0
3935,0,1,-1,0,-1,0,-2,-1
3940,-2,0,-1,-1,-1,0,-1,-2
3945,-1,-1,-1,0,0,-1,-2,-1
3950,0,0,-1,-1,-1,-1,-2,-1
3955,-2,-1,-3,-2,0,1,0,0
3960,0,1,0,0,0,-2,-3,-2
3965,-1,-2,-3,-1,0,-2,-1,0
3970,0,-1,1,-1,0,0,0,-1
3975,-2,-1,-1,0,0,-2,0,-1
3980,0,-1,3,-2,-1,0,-1,1
3985,0,-1,-6,1,0,-1,0,0
3990,-1,-3,0,0,1,0,1,-2
3995,-1,-1,-1,-1,-2,-1,-2,-1
4000,1,-1,-2,-1,1,0,-1,0
4005,0,-1,-2,-2,-1,-2,-1,-1
4010,-1,-1,1,0,-1,-2,-1,-1
4015,-1,0,-2,0,0,1,0,0
4020,-2,-1,2,0,-1,-1,0,-2
4025,-2,0,0,-2,-2,1,-1,-1
4030,-2,-1,0,-1,-1,-1,-3,-2
4035,0,-1,1,0,0,0,0,0
4040,0,2,-1,-1,0,0,-1,0
4045,0,-2,0,-1,0,1,0,-2
4050,-1,-2,-1,-2,-4,-1,-2,1
4055,0,-1,0,-1,0,0,0,-1
4060,0,-4,-2,-3,-1,-1,-2,-2
4065,0,2,0,-2,-1,-1,-1,0
4070,0,-1,-1,0,-2,-1,-1,-1
4075,-1,1,0,0,-2,-1,-1,-3
4080,-2,-1,-1,1,-2,-1,0,-1
4085,0,0,-5,-1,-1,0,1,1
4090,-2,-1,-1,-1,-1,-2,-2,0
4095,1,0,-1,-1,-2,-1,0,0
4100,0,-2,-3,-1,-1,0,-1,-1
4105,-2,0,1,-2,-1,-2,0,-2
4110,-1,0,-1,-1,-1,0,1,0
4115,-1,0,-3,-2,0,-1,-2,-2
4120,-1,-1,-1,-1,-1,0,-1,-2
4125,-3,-2,2,1,0,0,-2,-1
4130,-1,0,-1,-1,-1,0,1,0
4135,-1,-3,-1,-1,0,-2,-2,-2
4140,1,0,2,-1,-2,-2,0,0
4145,-2,-1,-2,-2,-1,-2,0,-1
4150,0,0,0,0,-2,-1,-1,-2
4155,-3,0,-1,0,-1,-2,0,0
4160,-1,-2,-1,0,0,-1,-2,-1
4165,0,-1,0,0,-1,-1,-2,-1
4170,-1,0,-2,-2,1,0,-1,0
4175,1,0,0,-2,-1,-1,0,-2
4180,-1,1,-2,0,-1,-1,-2,-1
4185,-1,-1,6,-3,0,-1,0,-2
4190,0,-1,-2,0,-1,-1,0,-1
4195,-1,-2,-1,-2,0,-1,-2,0
4200,0,-2,-1,-2,0,0,-1,-1
4205,1,-1,-3,0,0,-1,-1,0
4210,-3,-1,-3,-2,0,-1,-1,0
4215,-2,-1,0,0,-2,-1,-2,-1
4220,0,-1,-1,-2,0,-1,1,0
4225,1,-1,-3,0,-2,0,-1,-1
4230,0,0,-2,0,0,-2,-1,-1
4235,0,1,2,0,-2,-2,-1,-1
4240,-1,0,-2,-2,-2,-2,-1,0
4245,0,-2,0,-1,-1,-1,0,-1
4250,-2,-1,-2,-1,0,0,-1,0
4255,-2,-1,-1,0,-1,-1,-2,1
4260,0,-1,2,2,0,-2,-2,-1
4265,-1,-2,-3,0,-1,-2,0,0
4270,0,-1,0,-1,0,-2,0,-1
4275,0,-2,-2,0,-1,0,1,0
4280,-2,-2,1,-1,-2,0,0,1
4285,-1,0,-1,-2,-1,-1,-1,-2
4290,0,0,0,0,0,-1,-2,-1
4295,-1,0,1,-2,-1,0,-1,-1
4300,-1,0,-6,-1,1,2,-1,0
4305,0,0,2,0,0,-2,0,-1
4310,0,-1,0,-1,-2,-2,0,-2
4315,0,0,1,-1,-1,-2,0,0
4320,-1,0,-1,-3,-1,-2,-3,0
4325,-1,0,-1,-1,1,0,0,-1
4330,0,-2,-1,-1,0,1,-1,0
4335,-1,-2,-4,-2,0,-1,-1,-1
4340,-2,1,2,2,-1,1,0,-3
4345,-1,0,-4,-2,-2,0,0,-1
4350,-1,-1,0,0,-2,-1,-2,-1
4355,-1,0,-2,-1,-1,-1,-1,0
4360,-1,0,-3,-1,1,0,-1,-1
4365,-1,-1,1,0,-1,-1,-1,0
4370,-2,-1,1,-2,-1,0,-1,-1
4375,0,0,2,-1,-2,-1,0,-1
4380,-2,-1,-2,-1,0,-1,-1,-2
4385,-1,0,0,0,1,-1,-1,0
4390,0,-1,-3,0,0,-1,-1,0
4395,0,-1,0,-1,-1,0,-1,1
4400,-2,-2,-2,-1,0,0,0,0
4405,0,0,2,0,-3,1,-2,0
4410,0,-1,2,0,-1,-1,-1,-1
4415,0,-2,-2,-1,0,1,-2,-2
4420,1,0,-1,-1,-4,-2,0,-1
4425,1,-2,-2,-1,-2,-1,-1,0
4430,-3,-1,-2,-1,-2,0,-1,-1
4435,-1,-1,-3,-1,-1,-1,0,-2
4440,-1,-1,0,1,-1,-2,-3,-2
4445,-2,0,-1,1,0,-1,-1,0
4450,0,-1,-1,1,-2,0,-1,0
4455,-1,0,-1,-2,-1,0,-1,-1
4460,0,-1,1,-1,-1,0,1,-2
4465,-2,0,-1,-1,1,-1,0,0
4470,0,-1,-1,-2,0,-1,-1,-1
4475,-2,0,0,-2,-3,-1,1,-1
4480,0,-2,0,1,-1,1,-1,0
4485,-1,-1,-2,-2,0,-1,-1,0
4490,-1,0,-2,0,1,-1,-2,-1
4495,0,0,0,1,-1,0,-2,-3
4500,1,-1,-1,-1,-3,-2,0,1
4505,0,-1,-2,-2,-3,-2,0,-2
4510,-1,0,-1,-1,-1,-1,0,-1
4515,0,-2,-4,-1,0,0,-2,1
4520,1,-1,0,-1,-1,-1,-2,-1
4525,-2,-1,0,-1,-1,1,-2,-1
4530,-1,0,-1,-3,-2,-2,-1,-1
4535,-1,-2,-1,1,0,0,0,-1
4540,-1,-1,-2,-1,0,1,-1,-1
4545,1,-2,0,-2,0,-2,-3,-1
4550,0,0,1,1,0,-1,-1,-1
4555,-1,-1,-3,0,-1,-2,0,-3
4560,-2,-2,-2,-2,-1,-1,0,0
4565,0,0,1,0,-1,-1,0,0
4570,-1,-2,-3,-1,-2,0,0,0
4575,-1,0,0,1,0,0,1,-2
4580,-2,-2,4,-1,-1,-3,0,-1
4585,-1,-1,-9,2,1,-1,1,-1
4590,-1,-1,0,0,-1,-1,0,-1
4595,0,-3,1,0,-1,-2,-1,-1
4600,0,-2,1,-1,0,-2,-1,-1
4605,-2,-2,0,-1,-2,0,0,-1
4610,-1,-1,0,-1,-2,0,0,0
4615,-2,2,-2,1,-1,-1,-1,0
4620,-2,-1,0,1,1,0,-1,-1
4625,0,1,1,0,-1,-1,-2,-3
4630,1,-1,-3,-1,0,0,1,-2
4635,0,0,-1,-1,-1,-2,-1,0
4640,0,1,-3,-1,0,0,0,0
4645,-1,-2,0,0,-2,-2,-1,1
4650,-1,0,2,-1,-1,0,-2,0
4655,-2,-1,-1,-2,-1,0,0,1
4660,-1,-1,-3,-1,-1,1,0,-2
4665,-1,-1,1,-2,-1,-3,-1,-3
4670,-2,-1,0,0,0,-2,-2,1
4675,-2,-2,2,0,0,0,0,0
4680,-1,0,-1,-2,-2,-2,0,-1
4685,-2,0,0,-1,0,1,0,-1
4690,1,-1,2,0,0,-2,1,-1
4695,1,-1,-2,0,0,-1,-2,0
4700,-1,-1,-2,-1,-1,-1,-2,-1
4705,-2,-1,-3,1,-1,0,-1,0
4710,-1,0,-1,-2,-1,-1,-1,-2
4715,-1,0,-1,0,-1,0,-1,-2
4720,-2,-1,-1,-1,1,-1,-1,0
4725,0,-1,2,-1,0,-1,-3,0
4730,0,0,-3,-2,-3,-1,-1,-2
4735,0,-3,-1,0,0,-1,-1,0
4740,1,-1,-1,-2,-2,-2,-1,-1
4745,0,0,1,-1,-1,0,0,-1
4750,-1,-2,0,-1,0,0,0,-1
4755,-2,-1,-1,0,-2,-1,-2,-1
4760,-1,-2,-1,1,0,-2,-2,0
4765,0,0,-2,0,1,-1,-2,-2
4770,0,0,0,0,0,-1,-1,0
4775,-2,1,6,-4,-3,0,-1,-1
4780,-1,-1,0,0,-2,-1,-1,0
4785,-1,-3,0,-2,-1,-1,0,-1
4790,0,0,-1,0,-1,-2,0,-1
4795,0,0,-2,0,1,1,-1,-1
4800,0,0,-1,0,0,0,0,-1
4805,0,-2,1,-1,1,0,-2,-1
4810,-1,0,0,-2,-1,-1,-1,-1
4815,0,0,-2,-1,-1,-1,0,0
4820,-1,0,-4,-2,-1,0,-2,-1
4825,-1,1,-1,-2,-2,0,1,0
4830,-2,-2,-3,-1,0,1,1,-2
4835,0,1,-1,0,0,-2,-1,0
4840,0,-1,2,0,-1,-2,0,-1
4845,0,-1,0,0,-2,0,-1,-1
4850,-1,0,0,-1,1,-1,-2,1
4855,1,-3,-3,-2,-1,0,-1,-3
4860,-1,-3,-1,1,1,0,1,0
4865,-1,-2,0,-1,-1,-1,-1,-1
4870,0,0,0,0,-2,0,1,0
4875,-1,-2,-1,-1,1,-1,-2,0
4880,0,1,-2,-3,-3,-2,-1,-2
4885,-1,-1,-3,-1,-1,0,-1,0
4890,-1,0,2,1,0,-1,-2,0
4895,-1,-1,1,-3,-3,-2,0,0
4900,-2,-2,-4,-1,-1,-1,0,-1
4905,0,-1,0,1,-1,0,-2,0
4910,-1,0,-2,1,0,-2,-3,-2
4915,-2,-1,-2,-2,-1,0,-1,-1
4920,-1,1,0,-1,0,-1,-1,-1
4925,-1,-3,-1,-1,1,0,1,-1
4930,0,-3,1,1,-1,0,0,0
4935,0,-2,-5,-2,-1,-2,0,1
4940,0,0,-1,-2,-1,1,-2,0
4945,0,1,1,0,0,-3,-2,-2
4950,-1,-1,-3,-1,0,1,0,0
4955,-2,-2,0,0,0,-1,-2,-2
4960,-3,-1,-4,-1,-3,0,1,-2
4965,-1,0,-3,-1,-1,-1,-2,0
4970,-1,-2,-1,0,1,-1,0,-1
4975,-1,-1,-3,-1,1,0,-2,-2
4980,-1,-2,3,1,2,-2,-2,-1
4985,0,0,0,-2,0,0,0,0
4990,-1,-1,-1,-3,-1,0,0,-1
4995,-2,0,3,0,-1,-1,-1,0
5000,0,0,-5,0,0,-1,0,-1
5005,0,-2,-2,0,-1,-2,0,0
5010,0,-2,-1,-2,-2,-1,-1,-1
5015,0,0,-2,-1,0,0,0,-1
5020,-1,-2,2,0,-1,0,0,0
5025,0,-3,-2,-2,-2,-2,-3,0
5030,-1,-1,-1,-1,0,0,-1,-1
5035,-1,1,1,-1,-2,-2,-2,-3
5040,-2,-2,-2,-1,0,-1,-1,0
5045,-1,0,-1,0,-1,-1,0,-1
5050,-1,0,-1,-1,-3,0,-1,1
5055,-1,-1,0,0,0,-2,0,0
5060,0,0,0,0,-1,1,-2,0
5065,-2,-1,0,-2,-1,-3,-1,-2
5070,-1,-2,-4,-2,0,1,0,-1
5075,0,1,-2,0,0,-2,-1,1
5080,-1,-1,0,0,0,-2,-1,-1
5085,-1,-1,-1,0,-1,-1,0,0
5090,1,1,0,0,-1,0,0,0
5095,0,-2,-3,-2,-1,-1,-1,0
5100,0,-2,2,-2,-1,0,-2,1
5105,-1,-1,-11,-1,0,1,1,-3
5110,-2,-2,0,-2,-1,-3,-2,0
5115,-1,-1,-1,-2,-1,0,1,0
5120,-1,3,0,0,-1,-1,-1,0
5125,0,-2,2,0,-2,1,-1,0
5130,0,-1,-3,-1,0,-1,-2,-1
5135,-2,-3,-2,-2,-2,-3,1,0
5140,-2,-1,-1,-2,1,-2,1,-2
5145,1,0,0,0,-1,-2,-1,-2
5150,-2,0,-1,-1,-1,0,-1,0
5155,-2,-3,2,1,0,0,0,-1
5160,0,-2,0,0,-1,-3,1,-2
5165,0,-2,-1,-2,0,0,-2,-1
5170,-2,-1,-1,-2,-1,-1,-1,-1
5175,0,0,-1,-1,0,0,0,-1
5180,-1,-1,-3,-2,-2,0,-1,0
5185,-1,0,0,-1,-1,1,1,3
5190,0,-1,1,-2,-1,1,0,-1
5195,0,-2,-1,0,-1,-2,0,0
5200,-2,-1,1,-1,1,0,-2,-1
5205,-1,-1,1,-1,-1,-1,-1,-1
5210,-2,-2,-1,0,-1,-1,-2,1
5215,-1,-1,-1,1,-2,1,1,-6
5220,1,0,-1,-1,-2,-1,-1,-2
5225,-2,1,-1,-1,0,0,0,-1
5230,-2,0,0,0,-1,-2,-1,-1
5235,0,1,-2,-1,0,0,-2,0
5240,-2,0,-1,-1,-1,-2,0,0
5245,-2,-1,-1,-2,-3,0,-1,-1
5250,-1,-1,0,0,-1,1,1,-1
5255,0,-1,0,0,-1,-1,-2,-1
5260,-2,-1,-1,-1,0,0,-1,1
5265,0,-2,0,0,-2,-2,-1,-7
5270,1,-1,-1,-1,-1,-3,0,-1
5275,-1,0,-1,0,-1,0,-1,0
5280,-1,-1,1,-1,2,0,0,-2
5285,-1,-1,-1,0,-2,0,-3,2
5290,-1,-1,-2,-1,0,-1,0,-1
5295,-1,0,-1,-1,1,-1,0,-1
5300,0,-2,-1,0,-2,-1,-2,0
5305,-2,-1,0,-2,1,-3,2,0
5310,1,-1,-1,-1,-2,0,-1,-3
5315,0,-1,0,-1,-2,0,-2,0
5320,-2,0,0,0,-1,-1,0,-3
5325,0,-1,-3,0,-3,-1,-1,-1
5330,-1,-2,0,1,1,2,1,-1
5335,2,-1,-1,-1,-1,-1,4,2
5340,-1,-2,2,0,-1,-1,-3,-8
5345,-1,-1,0,0,1,0,-1,-1
5350,0,0,-1,-1,-2,-3,-1,2
5355,-1,-1,-2,-1,-1,-1,-1,2
5360,0,-1,-2,-1,1,-2,0,2
5365,-1,1,-1,0,-1,-2,0,2
5370,-2,0,0,-1,0,-2,-2,-2
5375,-1,0,0,-1,-1,0,-1,-2
5380,-2,-2,-1,-1,-1,-1,-2,1
5385,-1,-3,0,0,-1,1,-1,-2
5390,-1,-1,0,0,0,0,0,-1
5395,-2,-1,-1,-2,-1,-2,-4,-3
5400,0,-1,0,0,2,2,-2,1
5405,-1,-1,0,-2,0,-1,-1,0
5410,0,0,-2,-1,0,-2,-1,-2
5415,-2,0,-1,0,-1,-3,0,-1
5420,0,0,-2,-2,-1,2,-1,-3
5425,-2,-1,-1,0,0,-2,-1,-2
5430,0,-1,0,-2,0,0,1,0
5435,-1,-1,-1,-2,-2,-3,-2,-2
5440,0,1,-1,-2,-1,-2,-2,-1
5445,-1,-2,1,-1,-2,-1,-1,-2
5450,0,-1,-1,0,-2,-2,-1,-1
5455,0,-3,-1,0,3,2,0,-1
5460,-1,0,-1,0,0,0,0,1
5465,-1,1,0,0,-1,-1,-1,1
5470,-1,0,-2,-1,0,0,-2,-1
5475,-1,-1,0,-2,-1,0,1,-1
5480,0,-2,-2,0,-1,0,1,-2
5485,-1,0,-1,0,1,-1,0,0
5490,-2,-3,-1,-3,-1,-1,-1,-2
5495,-2,-1,0,-1,0,0,-2,1
5500,-2,-1,-2,-3,-1,-2,-1,0
5505,-2,-2,0,0,1,2,0,0
5510,-1,-2,0,-1,0,-1,-1,0
5515,0,0,0,0,-1,-1,0,-2
5520,-1,-1,-1,-2,0,-1,0,-2
5525,0,-1,-1,-2,-1,-1,-2,-2
5530,0,0,-1,0,-1,0,-3,-1
5535,-1,0,-1,-2,-2,0,-1,0
5540,1,-1,-1,0,-2,-2,0,1
5545,-1,-1,-1,-1,0,-1,0,0
5550,0,-1,-1,0,-1,-2,0,-2
5555,0,0,-2,0,0,-1,-2,-2
5560,-1,0,1,-2,0,-3,0,0
5565,-1,-1,-1,-2,0,0,-2,-1
5570,-2,-1,-2,-1,-2,1,1,0
5575,0,-1,0,0,0,0,-1,-1
5580,-1,-1,-1,-1,-1,1,0,-2
5585,-1,0,-1,-1,-2,-1,0,-1
5590,0,-2,-1,-1,0,0,0,-2
5595,-1,-1,0,0,-1,1,-1,-1
5600,0,-2,-1,0,-1,-1,-1,-1
5605,0,0,-1,0,-1,-3,0,0
5610,0,2,0,0,-1,-1,0,0
5615,0,0,-1,1,-2,-1,0,1
5620,-2,0,0,-2,-2,1,-2,0
5625,-2,-2,-2,-1,-1,-1,-1,-1
5630,-1,-2,-1,-2,1,-2,-2,-1
5635,0,-1,0,-2,-1,-2,0,-1
5640,-2,0,-2,-1,-1,-1,-1,-1
5645,0,-3,-1,-1,-1,-1,0,0
5650,-3,-1,-1,-1,-2,-1,-1,-2
5655,-2,-2,0,-1,0,-1,1,-1
5660,-1,-2,0,-1,-1,-1,1,0
5665,0,0,-1,0,1,1,-1,1
5670,0,0,-2,-1,-1,-2,-1,-2
5675,0,-1,-2,0,-1,0,0,0
5680,-1,-1,-3,-1,-1,-3,-1,0
5685,2,0,0,-1,0,0,0,1
5690,-1,-1,1,0,0,2,-1,0
5695,-1,-1,-1,0,-1,-1,-2,1
5700,-1,-1,-1,1,-2,-1,-2,-1
5705,-2,0,0,0,-2,0,-2,0
5710,0,-1,-2,-1,0,-3,-1,0
5715,-1,-2,-2,-2,-2,0,-1,-1
5720,1,-1,1,0,-2,1,0,-1
5725,-1,-2,0,-1,-1,-1,-1,-3
5730,0,0,-1,-1,-1,0,1,1
5735,-3,-1,-1,0,-1,0,-1,0
5740,1,-2,-1,-1,0,-1,0,-1
5745,-1,-2,-1,0,-1,0,0,-3
5750,-1,-1,0,-1,-1,-1,-1,0
5755,1,-1,-1,-3,0,-3,1,-2
5760,0,1,-2,-2,-2,1,1,0
5765,-3,0,0,-1,0,-2,0,-2
5770,-1,-1,-3,0,-1,-1,-2,-2
5775,0,0,-1,-1,0,0,0,-3
5780,-2,0,-2,-2,-2,-1,-2,-1
5785,1,-1,-2,-2,-2,-1,-1,1
5790,0,-1,-1,0,-2,0,-1,0
5795,-2,0,0,-1,0,-1,-2,-2
5800,-1,-1,0,-1,1,-1,0,2
5805,-1,-2,-1,-2,1,0,0,-1
5810,0,-1,0,-1,0,-2,-2,-1
5815,-1,-2,-2,-2,-3,-1,-1,0
5820,0,-1,-1,0,-1,-2,0,-4
5825,0,0,-2,0,-2,1,-1,0
5830,-1,0,0,-1,-1,-1,0,-1
5835,-2,0,0,0,0,0,-1,-2
5840,-1,-2,0,-1,0,0,0,0
5845,-1,0,-1,-3,-2,-1,-1,-1
5850,-1,-1,-2,0,-2,-3,0,0
5855,-1,-1,-2,-1,-1,0,-1,0
5860,0,0,-3,0,-2,-2,-2,-2
5865,-1,-3,0,0,0,-2,-1,0
5870,-3,-2,0,-2,0,-1,-3,-1
5875,-1,0,-3,-1,-1,-2,-2,-2
5880,0,-1,0,1,0,3,2,-2
5885,-1,0,-2,0,-1,-1,1,-2
5890,-1,0,1,0,-1,-2,-2,-2
5895,-1,0,-1,-1,-1,-1,0,0
5900,0,-1,-1,-1,-1,-1,-1,0
5905,-2,-1,-1,-2,1,-1,-2,0
5910,1,-2,-1,-1,-1,0,0,0
5915,-1,0,0,0,0,-2,-2,1
5920,-1,-1,-2,-2,0,-1,-3,-1
5925,0,-2,0,-1,-1,0,1,-1
5930,0,0,-1,-1,-1,1,0,-1
5935,-1,0,0,-1,0,1,-2,0
5940,-1,0,0,-1,-1,-1,-1,0
5945,-1,1,-3,-1,0,0,-3,-1
5950,0,-1,-2,-1,0,-2,0,0
5955,-2,0,0,-1,-1,-1,0,-2
5960,-1,-2,-1,-1,-2,0,-2,-2
5965,-1,0,0,0,0,-1,-1,-1
5970,-1,-1,1,0,-1,0,-1,-2
5975,-1,-1,-1,-1,-2,-1,2,0
5980,-1,0,-1,-1,-1,0,0,0
5985,-2,-3,1,0,0,2,1,-1
5990,-1,-1,-3,-2,-1,-1,-1,-2
5995,-1,-1,1,0,0,-1,-1,-1
6000,-1,-1,-2,-1,-1,-1,-1,0
6005,-1,-1,-2,0,-1,-1,-2,-1
6010,-2,-2,-1,-1,0,-2,0,0
6015,-1,-1,-2,-3,1,-1,-1,0
6020,0,-1,-1,0,1,0,-2,-1
6025,-1,0,-1,0,-3,-1,-1,-2
6030,0,-2,-1,-1,-1,0,0,0
6035,0,0,-1,-2,-1,-2,0,-2
6040,0,0,0,0,-1,-2,-1,-3
6045,-2,-2,-1,0,0,-1,1,-1
6050,0,-1,0,0,0,0,-1,0
6055,0,-2,0,2,-1,0,-3,0
6060,-1,-1,0,-1,-2,0,2,0
6065,-1,0,-1,-1,-1,-1,-1,0
6070,-1,-1,0,1,-1,-1,0,-3
6075,-1,0,-1,-2,-1,0,-1,0
6080,-1,-1,-1,0,-1,-1,0,0
6085,-1,-2,-1,-2,0,-2,0,1
6090,-1,-1,-4,-1,-2,-3,-2,-1
6095,-1,-2,-1,-2,0,-1,-2,-3
6100,-2,-3,1,-1,0,0,1,-1
6105,-1,0,-1,-1,-1,-1,-1,-1
6110,-2,1,1,-1,0,0,0,1
6115,0,-1,-1,1,-1,-2,-1,-1
6120,1,0,-2,0,0,-1,-1,-1
6125,1,-2,-2,0,0,1,-1,1
6130,-2,-1,0,-1,0,-1,1,0
6135,0,-2,-1,-1,-1,1,1,0
6140,-2,-1,0,0,0,-1,-2,-2
6145,1,-1,-3,-1,-2,-1,2,0
6150,0,-1,-3,-2,-2,-1,-4,0
6155,-1,-1,0,0,1,-1,2,0
6160,-2,-2,-2,-1,-2,-2,-3,0
6165,1,-1,0,1,-1,-1,-2,-1
6170,-1,0,-2,-1,-1,-2,2,-2
6175,0,0,-1,-1,-2,-3,-1,0
6180,0,0,0,-1,1,0,1,1
6185,-1,0,0,-2,-2,-1,-2,-1
6190,-1,0,-2,0,0,-1,-1,-1
6195,-1,0,0,-1,-1,-1,0,0
6200,-1,0,0,-3,-2,-3,-1,-2
6205,0,2,-1,0,-2,0,0,0
6210,-2,-2,0,-1,-1,0,-3,-1
6215,0,-2,-1,0,-2,-1,0,-3
6220,0,0,0,1,0,0,-1,0
6225,0,0,-1,-2,-1,0,-1,-1
6230,-1,-1,-1,-1,-1,1,0,0
6235,-1,-2,-3,0,-1,-1,-2,-1
6240,-1,-3,0,-2,-1,0,-1,-2
6245,-1,-1,-1,0,-2,-1,-2,-1
6250,0,0,-1,1,0,-1,1,0
6255,0,0,0,-2,1,0,0,1
6260,1,0,-1,0,-2,-2,-2,0
6265,-2,-1,0,1,0,-1,-1,-1
6270,-1,0,-1,-1,-1,-3,-1,0
6275,-1,-1,0,1,0,0,-1,0
6280,-1,0,0,0,-1,-1,-1,1
6285,-1,0,-1,-3,-2,-1,0,-2
6290,0,-1,-1,-1,0,1,0,1
6295,1,-1,-3,0,-2,-2,0,-2
6300,0,0,-1,0,2,-1,-3,-2
6305,-1,-1,-1,-1,1,-2,-1,-2
6310,-1,-2,-1,0,-1,-1,1,-2
6315,-2,-1,-1,-1,-1,-1,-2,-1
6320,-1,-1,-2,-1,-3,-2,-1,0
6325,-1,0,1,0,-1,0,-1,-1
6330,0,-1,0,-1,0,0,-2,-1
6335,-1,-1,0,-1,-1,-1,-2,-1
6340,0,0,0,-1,0,-2,-1,-1
6345,-2,-1,-1,0,1,1,-1,-1
6350,0,0,-1,-2,-1,-1,-1,-2
6355,-2,0,-1,0,-1,-1,0,-1
6360,0,-1,-2,-3,0,-2,0,-3
6365,-1,-2,-1,0,-1,-1,-1,0
6370,-1,-2,-1,-1,-1,0,0,-1
6375,1,-2,-2,0,-1,-1,0,0
6380,1,-1,-1,0,-1,0,-1,-1
6385,-1,-1,-2,-1,-1,-1,-3,-1
6390,-1,-1,-1,-2,-1,-1,-1,-1
6395,-1,-1,0,0,1,1,0,0
6400,-1,0,-2,-1,0,-2,-1,0
6405,1,-2,0,-3,-1,-2,-1,0
6410,-2,-1,1,-1,-1,-1,-2,-1
6415,-2,-2,-3,-1,1,-1,-1,0
6420,-1,-1,-1,0,0,1,-1,-1
6425,0,1,0,-1,0,0,0,0
6430,-1,-1,-2,-2,-1,0,-1,0
6435,-1,-2,-1,0,-1,0,0,-1
6440,-2,-1,-2,-1,0,-1,1,0
6445,0,-1,0,0,-1,-1,-1,-2
6450,-1,0,0,0,0,-2,0,-1
6455,-2,-1,-1,-2,-2,0,-2,-1
6460,-1,-3,-2,0,-1,0,0,-1
6465,-1,-2,-3,-1,-1,0,0,0
6470,-2,-1,-1,-2,-1,-1,-2,0
6475,-1,-2,0,-1,-2,-1,-1,-2
6480,-1,-1,0,-1,-2,-1,0,1
6485,-2,-1,-2,-1,-2,-1,-1,0
6490,-1,-3,0,0,-1,-1,1,-1
6495,0,-1,0,-1,-1,-1,-1,0
6500,0,-1,-1,-1,-1,-2,-1,0
6505,0,-1,0,-2,-1,-1,1,-1
6510,0,-1,-3,0,0,-1,0,1
6515,-1,0,0,-1,0,-1,-2,-2
6520,0,1,0,1,-2,-1,0,0
6525,-2,-1,0,0,-2,-2,-1,0
6530,-1,1,-1,-1,-1,0,0,-2
6535,0,-2,-1,-1,0,-1,0,0
6540,-1,-1,-1,-3,-1,0,-1,-1
6545,-1,-1,-1,0,0,0,0,-2
6550,-1,0,1,0,-3,-1,-3,0
6555,-1,1,-2,0,-2,-2,-2,-2
6560,0,-1,-1,-2,0,-1,-1,-1
6565,-1,-1,-3,-2,0,0,0,0
6570,-1,0,0,0,0,-1,0,-1
6575,-1,0,1,0,0,0,0,0
6580,-1,0,-1,0,-1,0,-2,-1
6585,-3,-1,-2,-1,-1,1,-2,0
6590,0,-1,0,-2,0,-1,0,0
6595,-1,-1,-1,-1,-1,0,0,-1
6600,0,-3,-1,-1,-1,0,0,-2
6605,-1,-1,-1,-1,0,0,-1,-1
6610,-1,0,-1,0,0,-2,0,0
6615,0,-1,-1,-1,-2,-1,-1,0
6620,-1,1,0,-2,0,0,0,0
6625,0,0,-2,-1,-2,-2,0,-1
6630,-1,0,-1,0,0,1,-1,1
6635,-3,0,-1,-1,-1,-1,0,-1
6640,-1,-1,0,0,-1,-1,0,1
6645,-1,-2,0,-1,-1,-1,1,-1
6650,-1,-1,-2,-1,0,0,0,0
6655,0,0,-2,1,0,0,1,-1
6660,-2,0,-1,0,-1,0,-1,0
6665,0,-1,-1,0,-2,-1,-1,-2
6670,0,-1,-1,-2,-2,-2,-1,-2
6675,-1,-1,-1,-2,2,1,-2,-2
6680,-2,-1,-2,0,-2,-1,-2,-2
6685,-1,-1,1,-1,1,-1,0,1
6690,0,0,-2,1,0,-1,1,-2
6695,0,1,0,-1,0,-1,-2,0
6700,-2,-1,0,0,-2,-1,-1,-1
6705,-1,0,-1,0,0,0,-1,-2
6710,-1,-1,-2,-2,-2,-1,0,0
6715,0,-2,-1,-1,0,-2,-1,0
6720,0,-1,0,0,-1,0,-1,-1
6725,0,0,-2,-1,0,-1,-1,0
6730,-1,-1,-1,0,0,0,-2,0
6735,-2,-1,-1,-1,-1,-1,-1,-2
6740,-1,-2,0,-2,-1,-1,0,-2
6745,-1,-1,0,0,0,-1,-1,0
6750,-2,-1,-1,-1,0,-1,-1,-1
6755,-1,0,0,1,0,-1,-1,-2
6760,-2,1,-1,-2,1,-2,0,-1
6765,-2,-2,-2,-1,-1,1,0,-2
6770,1,-2,0,0,0,0,-1,-1
6775,-1,-1,0,0,-1,-1,-1,-1
6780,-2,-1,-1,-1,0,0,0,-1
6785,-1,-1,-1,0,0,0,-1,-1
6790,-1,-1,-3,1,-1,0,-1,-1
6795,-1,0,-1,-2,-2,-1,-2,-1
6800,0,-2,-1,-1,0,-1,-1,-1
6805,0,-1,0,-2,-1,-1,-2,0
6810,0,0,-1,-1,-2,0,0,1
6815,0,-2,-1,0,-1,-1,1,0
6820,1,-1,-2,-1,1,0,0,1
6825,-1,-2,0,0,-1,-3,1,-1
6830,-2,0,-1,-4,-1,-1,-2,-1
6835,-2,-1,-2,-1,-1,-2,-1,-1
6840,-1,-1,-2,-1,-1,-1,-1,-1
6845,0,-2,-2,0,0,0,-3,-1
6850,-1,-3,0,0,-1,-1,-1,0
6855,-2,-1,0,-1,0,0,-1,-3
6860,-1,0,-1,-1,-1,-1,-2,-1
6865,-1,0,0,0,-2,0,-1,1
6870,0,-1,-1,-1,-2,-1,-1,-2
6875,-1,-2,-1,-1,-1,0,0,-1
6880,0,-2,-1,0,-1,0,-2,-1
6885,-1,-1,0,-1,-2,-1,-2,-1
6890,-1,1,0,-1,0,0,-1,0
6895,0,-2,1,-1,-2,-1,-1,-1
6900,-1,-1,0,-2,-1,-1,0,-1
6905,-2,-1,-2,-2,-2,-2,1,-1
6910,-1,-1,0,1,0,-1,-2,-2
6915,0,-1,-1,-1,1,-1,-1,1
6920,-1,-1,-1,0,-2,1,0,1
6925,-2,-2,-1,-1,0,-1,-1,0
6930,-2,0,-1,-2,-1,-1,1,-1
6935,0,0,0,-1,-1,-1,-2,0
6940,0,-2,-2,-1,-1,-2,-2,0
6945,-2,-1,-1,-2,1,-1,-1,-1
6950,0,0,-1,0,-1,0,0,0
6955,-1,-1,0,-3,0,0,-1,0
6960,-1,-1,-1,-1,-1,0,1,-2
6965,1,0,-1,0,-1,-1,-2,-1
6970,-1,-2,-3,-1,-1,-2,-1,-1
6975,0,0,-2,-2,-3,-2,0,0
6980,-1,0,0,-1,0,-3,-1,1
6985,-1,0,-2,0,0,0,-1,-1
6990,-1,0,0,-1,0,-1,0,-1
6995,-1,-2,-2,0,-2,0,-1,-1
7000,-2,-1,-1,0,-2,-2,-1,-1
7005,-1,1,0,1,0,0,-1,-1
7010,0,-1,-2,0,-1,0,-1,-1
7015,-2,-1,0,1,0,0,0,-1
7020,-1,0,-1,-2,0,1,1,-1
7025,-1,-2,-1,0,-1,-1,0,0
7030,-2,-1,0,-1,-1,-2,-1,-1
7035,0,0,0,-1,-1,1,0,-1
7040,0,-1,1,-1,-1,0,-1,-1
7045,1,-2,-1,-2,0,-1,1,0
7050,-1,-1,0,-2,1,-1,0,-1
7055,-1,0,-2,-1,-1,-2,0,-2
7060,-2,-1,-1,-1,-1,0,-1,1
7065,-1,-1,0,-1,-2,0,0,-2
7070,-1,0,-2,-1,-2,-1,0,0
7075,0,-2,0,-1,1,-1,-3,-1
7080,-1,1,-1,-1,1,-3,0,0
7085,1,0,-1,-1,-1,-2,-1,1
7090,-1,-3,-1,-2,0,1,0,-1
7095,-1,0,-1,0,-2,-1,-2,-1
7100,-1,0,-2,0,-1,0,-1,-2
7105,-2,0,-2,-1,-1,-1,-1,-2
7110,-2,-1,-1,0,-1,-1,-1,-2
7115,-2,0,0,-2,0,-1,-1,0
7120,0,-1,0,0,-1,0,0,-2
7125,-1,-1,-1,-1,-2,0,0,0
7130,0,2,-1,-1,-1,0,-1,-1
7135,-1,-2,-3,0,0,-1,0,-1
7140,-1,2,-1,0,-2,-2,-2,-1
7145,0,0,1,-2,-1,-2,-2,0
7150,-1,-1,-1,0,1,-1,-2,-1
7155,-1,-2,-1,0,0,-1,0,0
7160,0,-2,-1,-1,-1,1,-1,-1
7165,-1,-2,-3,0,0,0,-1,-1
7170,-1,-2,-1,0,-2,-1,-2,0
7175,-1,-1,-1,0,0,2,2,0
7180,-2,-2,0,-2,0,-1,1,-2
7185,-1,0,-1,-1,-2,-2,0,-1
7190,1,0,-2,0,-2,-2,-1,-1
7195,-1,0,0,-1,-3,-3,-2,-1
7200,0,-1,-2,0,-1,-1,0,0
7205,-1,-1,-1,-2,-1,-1,-1,-1
7210,-1,-1,-1,0,-2,-2,1,-1
7215,-1,-1,0,-1,0,0,0,-3
7220,-1,0,-1,-2,-1,-2,-3,-2
7225,-2,0,-1,-1,-1,0,1,-1
7230,-1,-1,-2,0,1,1,-2,0
7235,1,-1,0,0,-1,1,0,-1
7240,0,-1,-1,-2,-1,-1,-2,-1
7245,-1,-3,-1,-1,-1,-2,-2,-1
7250,-2,-1,-1,-1,-2,0,-1,-1
7255,-2,0,-1,-1,0,2,0,1
7260,-2,0,-1,1,-1,0,1,0
7265,-1,0,-2,-2,-1,-1,0,-2
7270,-2,0,0,-2,-1,-3,-2,-1
7275,-1,-1,0,-2,0,0,-1,0
7280,0,-1,-1,-1,0,-1,1,0
7285,-1,-1,0,-1,-2,0,-3,-1
7290,0,-1,0,0,2,0,1,0
7295,0,1,-1,-1,-4,-4,-2,-1
7300,-1,-1,-2,0,-2,-2,-4,-3
7305,1,0,-2,1,4,3,1,0
7310,0,-2,-1,1,-2,0,0,-1
7315,0,-1,-2,-1,-1,1,0,0
7320,-1,-1,-1,0,1,1,-2,-1
7325,1,0,-2,-2,-1,-2,0,0
7330,-1,-1,-1,-2,-4,-3,-4,-1
7335,0,-1,-1,-1,-1,0,-1,0
7340,-1,-2,-1,0,0,-1,-1,-1
7345,-2,-1,-1,-2,0,-1,1,-1
7350,0,-1,-1,0,1,1,0,-2
7355,0,-2,0,-1,-3,-2,-4,-3
7360,0,0,1,-1,-1,-1,-3,0
7365,0,-1,-1,-2,0,1,-1,0
7370,-1,0,0,-2,-3,-4,-4,-1
7375,-1,-1,-2,1,4,3,3,0
7380,-1,-1,0,0,2,5,2,1
7385,-1,-1,-2,-1,-5,-5,-3,-2
7390,0,0,-2,-1,-3,-4,-1,-2
7395,-1,0,0,0,2,2,1,1
7400,1,-1,-1,-1,0,-2,-2,0
7405,-1,-1,0,0,2,1,0,-1
7410,1,-1,0,-1,-1,-2,-2,-2
7415,-1,-2,-1,0,-1,-4,-2,-2
7420,0,-2,0,-1,0,2,2,2
7425,-1,-1,-2,1,-1,0,-1,0
7430,-1,-1,0,1,1,3,2,1
7435,-1,-2,-1,-3,-3,-3,-3,-1
7440,-1,-1,-1,-2,-4,-6,-3,-3
7445,0,0,-1,-1,1,0,-2,-2
7450,-2,-2,-1,0,3,3,4,2
7455,-1,0,0,1,-1,-1,-1,0
7460,0,0,0,-3,-4,-2,-1,-4
7465,-1,-1,-2,-2,-5,-3,-4,-4
7470,-1,1,-1,-2,-1,-3,-4,-3
7475,-1,0,-1,1,2,5,2,0
7480,-2,0,-2,0,0,1,0,-1
7485,-1,-2,0,0,-2,-1,-3,-1
7490,-1,0,-2,0,1,2,0,1
7495,-1,-1,2,-3,-3,-6,-2,-3
7500,-2,-1,0,0,0,0,-2,1
7505,-1,0,0,-1,-1,-1,0,-1
7510,-2,0,0,-1,-5,-5,-2,-1
7515,-3,-1,-2,0,2,1,0,1
7520,1,-1,-1,-2,2,3,3,1
7525,-2,0,-1,1,-4,-1,0,-1
7530,0,-2,-2,-2,-1,-3,-3,-1
7535,0,-1,-2,-1,-3,-5,-3,-2
7540,1,0,-1,1,-1,2,0,0
7545,0,-2,-1,1,-1,3,-1,0
7550,-1,-1,0,2,4,4,1,0
7555,1,-1,-1,-1,-2,-3,-1,-2
7560,-2,0,0,-3,-3,-8,-3,-2
7565,-2,-2,-1,-1,1,-1,1,0
7570,-1,-2,-2,-1,0,2,1,-1
7575,-2,-1,0,-1,-5,-2,-2,-3
7580,-1,0,-1,1,2,1,-2,0
7585,-3,-2,-2,-3,-1,-1,1,0
7590,-2,1,-1,-1,-2,0,0,-1
7595,0,-2,-2,0,1,2,0,2
7600,-2,-2,-1,0,-2,-2,0,0
7605,-1,-1,-1,0,1,1,0,1
7610,-1,0,-1,-1,0,-1,-3,2
7615,0,2,0,-2,-2,-4,-2,0
7620,0,-1,-2,-3,-4,-2,-3,-1
7625,-1,-3,1,0,1,0,1,0
7630,0,-1,0,-2,-2,-2,-2,-3
7635,0,-1,-1,-1,0,2,-1,1
7640,0,-1,0,-1,0,-1,0,0
7645,-1,0,0,-5,-7,-8,-6,-3
7650,-1,-2,-1,-1,1,-1,-1,-2
7655,1,-2,-1,3,7,11,6,1
7660,-1,-1,-1,0,-1,-1,-2,0
7665,0,1,-1,-2,-6,-6,-4,-2
7670,-1,-1,0,-1,-3,-5,-4,-1
7675,-1,0,1,-1,2,1,1,1
7680,-2,-3,0,0,0,-1,0,-3
7685,-1,0,-1,0,2,-1,0,0
7690,-1,0,-1,0,-3,-2,2,1
7695,-2,-1,0,-1,-1,-2,-2,-2
7700,0,0,-1,-2,-3,-1,-1,-1
7705,0,0,0,-1,1,-5,-5,-1
7710,1,-2,-1,0,4,6,3,-1
7715,-1,-2,0,-1,-2,1,-2,0
7720,0,1,0,-2,-3,-6,-2,-4
7725,-1,0,0,-1,1,4,2,-1
7730,-1,-1,-2,-1,1,1,0,1
7735,-1,0,-2,-2,-5,-6,-5,-5
7740,-1,-1,-3,1,1,3,1,0
7745,-1,-1,0,2,0,0,0,0
7750,0,-1,0,-2,-1,1,4,2
7755,0,1,1,-2,-6,-8,-4,-3
7760,0,-1,0,-2,0,-3,-1,-3
7765,1,-1,-1,0,4,3,3,1
7770,0,-1,-1,-1,-2,-3,-2,0
7775,-1,-1,-3,-2,-1,-1,-1,-1
7780,-3,0,-1,-1,-4,-6,-4,-3
7785,-2,-2,3,1,6,6,5,4
7790,0,-2,1,-2,-2,-4,-1,-2
7795,0,-1,-5,1,3,3,-1,2
7800,-1,1,-3,-1,-3,-5,-3,-1
7805,0,1,0,-3,-2,-4,-2,-2
7810,-2,-1,0,-1,-3,-6,-4,-3
7815,-1,-3,-2,0,5,3,6,1
7820,0,0,-1,0,4,3,2,3
7825,0,-1,-3,-3,-1,-3,-2,-2
7830,0,1,-1,-1,-2,-1,-1,0
7835,1,4,8,-4,-5,-10,-7,-3
7840,-3,-1,-1,2,1,1,-2,-2
7845,0,0,1,-1,-1,0,1,-2
7850,-3,-1,1,1,3,2,1,-3
7855,-1,0,4,3,7,8,7,2
7860,0,-1,-4,1,-4,-5,-4,-1
7865,-1,0,0,-1,-4,-3,-2,-2
7870,-2,-3,-2,0,3,5,3,3
7875,0,-1,-4,-3,-3,-2,-2,-1
7880,0,-1,7,1,3,3,3,2
7885,-2,-3,-7,1,-2,-2,-3,-2
7890,1,0,2,-3,-4,-6,-6,-4
7895,-1,-2,-4,0,-3,-3,-3,-3
7900,-2,-1,-1,1,5,5,2,1
7905,-2,-2,-1,-1,1,4,3,4
7910,0,2,8,-2,-1,-4,-2,-2
7915,-1,-2,-5,-1,-3,-1,-3,-2
7920,2,1,0,-7,-6,-5,-3,-2
7925,-1,-1,-2,1,0,2,-2,-1
7930,0,-1,-4,0,1,1,0,0
7935,-2,1,0,-4,-9,-7,-4,-2
7940,-1,-3,-1,-1,-1,1,0,-2
7945,1,1,-1,1,-1,-2,1,0
7950,-3,1,1,1,3,4,1,1
7955,-3,-2,-5,0,-1,0,0,-2
7960,-2,-2,-1,-1,1,0,0,0
7965,-2,1,-1,-2,-6,-6,-3,-2
7970,0,-2,-4,-1,-1,-1,0,-1
7975,0,-1,3,2,5,6,4,4
7980,-2,-1,-4,-5,-5,-2,-1,-1
7985,-1,-2,-1,-1,1,0,-1,-1
7990,1,0,-2,-3,-6,-5,-2,-3
7995,-2,-1,0,-3,0,2,2,-2
8000,-1,0,-3,0,-1,0,-1,-2
8005,1,-2,1,0,5,7,2,1
8010,-2,1,-3,-4,-8,-8,-6,-3
8015,0,-3,-6,-1,-1,-3,0,-2
8020,1,1,0,1,5,6,6,2
8025,-2,0,0,-1,-6,-5,-3,-3
8030,1,-2,-5,0,3,2,0,-1
8035,0,0,0,0,-2,-3,-3,-2
8040,-1,-2,0,-2,-5,-5,-4,-3
8045,0,-1,-1,0,2,2,2,1
8050,-1,-2,-3,-1,-1,1,2,0
8055,0,0,3,1,-1,-2,0,0
8060,-1,-2,-1,0,1,0,2,-1
8065,-1,0,-1,-3,-6,-7,-6,-4
8070,-1,-1,-1,1,3,3,2,2
8075,0,0,-1,-1,1,-1,-2,-1
8080,-1,0,0,1,0,-1,0,-1
8085,0,1,0,-2,-2,-2,1,-2
8090,-3,-2,1,0,2,3,0,0
8095,-1,-1,-4,-2,-4,-2,0,0
8100,-1,-2,-1,-2,-4,-4,-6,-1
8105,0,-1,0,0,2,3,0,1
8110,-2,-3,-2,1,5,8,4,1
8115,-3,-1,-2,1,-3,-6,-4,-4
8120,1,0,1,-1,0,-1,1,1
8125,-2,-1,-4,-1,-3,-4,-4,-2
8130,-1,-1,-4,1,-2,0,-2,-2
8135,-1,-2,-1,-1,2,2,1,0
8140,0,-2,0,-2,-2,-4,-2,-2
8145,-2,-1,-1,1,-2,-1,-1,-1
8150,0,-1,-1,-4,-2,-2,-1,2
8155,-2,0,0,-3,-6,-5,-3,-2
8160,0,1,-1,2,8,7,-1,3
8165,-1,-2,-3,0,2,1,5,0
8170,0,1,0,-4,-9,-10,-8,-4
8175,-1,1,1,0,1,-2,-4,-4
8180,-1,-2,0,-1,-1,4,4,1
8185,-2,-3,0,2,7,5,2,2
8190,-2,-2,-3,1,1,-3,1,0
8195,0,-1,2,-2,-5,-9,-6,-4
8200,-1,-1,0,-2,1,-2,-1,-1
8205,-1,-1,-1,-1,-1,1,-3,-1
8210,1,-3,-5,1,3,4,7,2
8215,-1,-1,0,-1,0,0,-4,-1
8220,-2,-1,-1,-3,-5,-3,-2,-4
8225,-1,0,1,-1,-6,-6,-5,-1
8230,-2,-2,0,2,7,8,6,3
8235,-1,-2,-2,-1,0,4,4,1
8240,-1,0,-1,-2,-1,-2,1,-1
8245,0,0,-1,-3,-4,-6,-5,-4
8250,-1,0,1,0,1,0,-3,-3
8255,1,-1,0,2,3,5,6,3
8260,-1,-1,-2,-1,-3,-3,-2,-2
8265,-1,-2,-1,-2,-1,1,0,0
8270,0,-2,-2,-1,0,2,1,1
8275,0,0,-3,0,-2,-2,-3,1
8280,-1,0,-1,-1,-3,-3,-6,-2
8285,-3,1,-2,-1,-1,-1,4,-1
8290,-1,1,2,-2,-3,-4,-6,-3
8295,-1,-1,3,-2,1,-1,0,-1
8300,-1,-4,-6,1,1,3,1,2
8305,-1,0,0,0,4,4,2,1
8310,-1,-1,-2,-2,-4,-6,-3,-2
8315,1,-2,0,-1,-1,-1,-2,-1
8320,-1,1,1,-2,0,0,0,-1
8325,-2,-2,-1,-2,1,0,0,-2
8330,-1,0,0,-1,-5,-6,-3,-3
8335,-2,-1,-3,-1,-2,-2,-3,-3
8340,0,-1,0,2,3,4,0,3
8345,-2,-1,-1,-2,-6,-4,-3,-3
8350,-1,0,-1,-1,-3,-2,1,0
8355,0,-2,-2,0,1,0,-3,-1
8360,0,0,-1,-1,-7,-6,-3,-4
8365,-3,-2,0,2,6,6,2,2
8370,0,-1,0,-1,-3,-3,2,-2
8375,-1,1,-1,0,-2,-1,2,0
8380,-1,-2,1,2,6,3,2,3
8385,0,-1,-3,-1,-5,-4,-5,-4
8390,-1,0,0,-1,-2,-1,-5,0
8395,-1,-3,-2,-1,0,2,3,3
8400,1,0,1,-3,-7,-7,-4,-4
8405,-1,1,-2,1,-1,-1,0,0
8410,-1,-1,-1,0,2,2,-2,-1
8415,-1,-2,0,-1,0,3,1,1
8420,-1,1,0,-2,-1,-3,-2,-2
8425,0,0,3,-1,-2,-3,-1,1
8430,-1,-3,-6,0,-4,-5,-5,-3
8435,-1,0,-3,1,3,4,1,2
8440,-3,-2,-3,-1,-3,0,2,0
8445,0,-3,0,-1,0,1,-2,0
8450,-1,-1,2,1,-1,-3,-3,-2
8455,-1,-1,-3,-1,-3,-4,-1,-2
8460,-3,-1,-2,0,0,3,1,1
8465,1,1,-3,-2,-1,-1,-3,-2
8470,-1,-1,2,0,-1,1,2,0
8475,0,1,0,-2,-4,-4,-3,-2
8480,-2,-1,-3,1,-4,-6,-2,-3
8485,1,0,-2,0,3,1,2,1
8490,-1,0,-2,-2,1,1,-1,-2
8495,0,-2,-1,-1,2,4,5,2
8500,0,-1,0,-1,-2,-5,-1,-3
8505,-2,-1,-3,-1,-3,-3,0,-2
8510,-2,-1,-1,0,1,-1,0,-2
8515,0,-1,0,-2,-3,-2,-3,1
8520,0,-1,-2,-1,-1,-2,-1,0
8525,-1,-1,-1,-1,3,5,1,0
8530,-2,-1,-1,-2,-1,-2,-2,-1
8535,-3,0,0,-2,-1,-4,-3,-3
8540,0,1,0,-2,-1,-2,-1,-1
8545,0,-1,0,-1,-3,-1,-2,-1
8550,0,-1,0,-1,0,-1,4,1
8555,-1,-1,-1,1,-2,-1,-1,-2
8560,1,0,3,0,1,2,-1,0
8565,1,-2,-4,2,2,3,2,0
8570,0,0,0,-2,-2,-3,-3,-2
8575,-1,-1,0,-2,-3,-3,-1,-2
8580,-1,-3,-4,-1,2,3,2,1
8585,-2,0,0,-2,-7,-6,-6,-3
8590,0,-1,0,2,5,6,3,3
8595,0,-2,0,-1,-3,-4,-2,-2
8600,0,0,1,-1,1,2,0,-1
8605,-3,-2,-1,-1,0,1,2,-1
8610,-1,1,-1,0,-2,-3,-4,-2
8615,-1,0,1,-1,-5,-4,-6,-3
8620,-1,-3,-5,1,6,5,5,2
8625,0,-1,-1,-2,-6,-6,-3,-1
8630,-1,3,5,-2,-5,-5,-3,-4
8635,-2,-4,-6,2,10,7,4,4
8640,-1,-2,-1,-2,-7,-7,-7,-4
8645,-2,0,3,0,-1,-1,0,-1
8650,-2,-3,-5,2,0,3,1,0
8655,0,-1,2,-2,2,1,4,0
8660,0,-2,-3,-1,-3,-6,-5,-2
8665,-1,-2,2,1,3,3,1,-1
8670,1,-3,1,1,2,-1,-2,1
8675,-2,-2,-5,-1,-1,-3,-4,-2
8680,-2,1,-3,0,-3,1,0,-2
8685,-1,0,0,-2,-1,-2,-1,-1
8690,0,0,-2,-1,-2,-1,-2,-1
8695,0,-1,1,0,5,6,4,2
8700,-2,1,0,-1,-3,-5,-2,-3
8705,2,-2,-3,1,1,1,-3,2
8710,-2,0,-2,-1,-2,-3,1,-1
8715,-2,0,2,-1,-6,-5,-3,-3
8720,-2,0,1,2,7,4,-1,3
8725,-1,-1,-1,-2,-2,-2,1,-2
8730,0,-1,-3,-4,-7,-4,-4,-1
8735,-1,-1,0,-2,-3,-2,-1,-4
8740,-1,-1,-4,1,4,2,3,1
8745,-2,-1,-2,-1,-1,-2,-4,-1
8750,-1,-2,0,0,1,1,0,2
8755,-2,1,-1,-1,-4,-3,-3,-3
8760,0,-1,0,-2,-5,-4,-3,-3
8765,0,0,-2,-2,1,1,2,-1
8770,0,-2,-1,-1,0,1,-3,-1
8775,-1,-4,-1,-1,1,0,0,2
8780,-2,0,1,1,3,1,2,1
8785,-2,0,-4,0,-3,-2,-4,-3
8790,-2,0,-1,-2,-1,-2,1,-2
8795,-2,-1,-3,0,-2,0,-3,-2
8800,-1,-2,1,-3,-3,-5,-3,-4
8805,-1,-2,0,-1,-1,-2,0,0
8810,-1,0,1,1,3,-1,0,0
8815,-1,-1,0,1,0,2,4,0
8820,-1,-1,0,-2,-6,-3,-2,0
8825,-3,-3,-5,-2,-6,-5,-6,-2
8830,0,-3,-2,0,4,4,6,2
8835,0,0,-1,2,2,-1,-5,-1
8840,1,-1,-1,-1,-2,2,0,-1
8845,0,-2,1,0,2,2,2,1
8850,-1,1,0,-2,-8,-4,-5,-4
8855,-1,-1,-1,-3,-5,-7,-4,-5
8860,-1,0,2,1,5,3,-1,0
8865,1,-2,-2,-1,3,3,1,1
8870,-2,-1,-2,-2,-5,-5,-1,-3
8875,0,-1,0,-1,2,5,2,0
8880,1,1,-3,-2,-3,-6,-4,-3
8885,-1,-2,0,0,1,-1,0,-1
8890,-2,1,0,1,1,2,-2,0
8895,0,0,2,-3,-1,1,-1,-1
8900,0,-1,0,0,0,1,2,0
8905,-2,-2,-4,-1,-2,-4,-2,-4
8910,0,-1,-1,0,0,-2,-1,0
8915,-3,0,-4,-2,0,-4,-3,0
8920,-2,-2,-2,0,-2,-1,-2,-1
8925,0,1,2,-2,1,-1,3,1
8930,-1,-1,0,1,0,1,-4,-2
8935,-1,-1,-5,0,1,2,2,0
8940,0,-2,0,0,0,0,0,0
8945,1,0,0,-2,-3,-3,-3,-3
8950,-2,-1,-1,-3,-1,-2,-3,-2
8955,1,0,0,1,-2,0,-3,0
8960,-3,-2,-1,-1,-1,-1,2,0
8965,-1,-1,1,-2,-3,0,-2,0
8970,0,-1,0,0,1,2,2,0
8975,0,1,-2,-2,-2,-4,-3,-2
8980,-1,-1,-1,-1,2,0,0,-2
8985,-1,-1,-2,0,1,1,0,1
8990,1,-1,-1,-1,-4,-2,-1,-2
8995,-2,-2,-2,-1,-1,-1,0,-2
9000,0,-1,-1,-2,-3,-2,-2,-2
9005,1,-3,-1,-1,0,0,1,0
9010,0,0,0,-2,1,1,-1,-1
9015,0,0,4,-1,-1,-2,-2,-2
9020,-2,0,-1,-2,-3,0,0,-2
9025,-2,-3,-3,2,2,-1,-1,1
9030,0,0,-2,-1,-2,-2,0,-1
9035,-1,-2,0,0,-1,0,0,0
9040,1,-1,1,1,-1,1,2,0
9045,-1,0,0,-1,-1,0,-1,-2
9050,0,-2,-1,-2,1,2,-2,0
9055,0,-1,0,-1,-1,-1,0,-2
9060,0,-1,-1,-3,-2,-2,-3,0
9065,-1,0,1,-1,0,1,2,-2
9070,-2,-3,-4,0,-2,-4,-4,-3
9075,-2,-1,-2,1,0,-1,-1,0
9080,0,-1,-3,1,0,1,1,0
9085,1,-1,0,-1,-4,-3,-3,-2
9090,-3,0,3,0,1,-1,-1,-2
9095,-1,-2,-4,1,-1,0,0,1
9100,-2,-2,-3,-2,-2,-2,-2,-2
9105,-3,0,-1,0,2,0,0,0
9110,1,0,0,-2,-3,-1,0,-3
9115,-1,-2,-3,-2,-3,-3,-3,-2
9120,-2,0,-3,2,0,-2,0,-1
9125,-1,1,1,1,-2,3,-1,0
9130,-1,0,1,-2,-3,-1,-1,-1
9135,-1,2,0,2,2,2,2,0
9140,-1,-1,-4,-2,0,-3,-3,-2
9145,-1,2,3,0,-1,-4,2,0
9150,0,0,7,-1,4,2,-2,-2
9155,-1,-6,-10,0,-7,-3,0,-1
9160,0,-1,2,0,-1,2,1,0
9165,0,2,3,-2,0,1,-2,0
9170,-2,-1,1,2,-2,-1,1,-1
9175,0,-1,2,-2,-3,-4,-2,-4
9180,0,-1,-2,0,-3,-1,1,-2
9185,0,-3,0,0,2,5,1,1
9190,-2,-2,-8,0,4,-2,-1,0
9195,1,0,2,-5,-8,0,-2,-3
9200,0,0,4,2,2,2,0,2
9205,-2,-3,-10,1,-4,-7,-5,-2
9210,-1,-1,-3,1,3,2,2,2
9215,-1,0,2,-1,-2,-1,1,0
9220,1,0,-1,-3,-3,-2,-3,-1
9225,-2,-2,-1,-3,-6,1,0,-1
9230,-1,0,3,1,0,-1,-3,-1
9235,0,-1,-4,2,10,1,1,1
9240,-2,-4,-9,-1,-9,-5,0,-1
9245,0,8,25,-6,0,0,-3,-2
9250,-2,-5,-15,1,-3,3,1,0
9255,-1,3,6,0,3,-2,-2,0
9260,-2,-3,-8,0,3,0,1,-1
9265,2,0,6,0,-2,-2,-2,-2
9270,-3,-1,-1,-3,-4,-3,-1,-1
9275,-2,0,0,-1,-1,-2,-3,-1
9280,0,0,0,0,6,6,0,0
9285,-2,-4,-9,-1,-3,-3,-2,-2
9290,3,0,4,-4,-2,-1,2,0
9295,-1,-3,-7,-4,-3,-2,-2,-1
9300,1,5,11,-2,-2,-2,-1,-2
9305,-1,1,10,4,2,2,2,0
9310,-2,-7,-18,-4,-1,-5,-1,1
9315,1,0,1,2,0,5,3,0
9320,1,0,2,-2,-1,3,-5,-2
9325,-1,-1,1,-2,-3,-7,1,-2
9330,0,4,8,-2,-1,-2,-5,-2
9335,1,0,-2,-3,4,5,5,6
9340,-2,-2,0,-2,-1,-4,-3,-2
9345,-1,-5,-14,2,-2,3,-2,0
9350,-4,-6,-19,1,-10,-7,-2,-4
9355,-1,-2,-4,0,-4,-4,-3,-1
9360,-1,-2,1,0,6,5,4,2
9365,-3,0,0,-3,1,-3,0,-2
9370,-2,1,6,-5,-2,-2,-1,0
9375,0,3,18,0,6,-6,-5,-2
9380,-3,-4,-10,-1,-11,0,-1,-1
9385,0,0,6,-1,8,-2,-5,-2
9390,0,-8,-20,1,-12,6,6,3
9395,0,0,1,-3,-6,-1,-1,-2
9400,1,3,9,0,4,3,0,1
9405,-3,-5,-8,2,2,-3,-1,0
9410,2,4,11,-4,3,3,-2,-1
9415,-2,-2,-2,-1,-3,-3,-4,-1
9420,-1,-4,-8,0,-3,1,0,1
9425,1,-1,-10,-2,3,-3,-3,-2
9430,0,2,6,2,2,0,-1,0
9435,-1,0,-1,0,-5,1,2,-1
9440,-1,-1,-3,2,1,-2,-2,-2
9445,0,2,7,-2,-3,-3,-3,-1
9450,0,3,11,0,2,-3,-7,-3
9455,-2,-8,-15,4,-3,0,1,-2
9460,0,0,6,0,6,8,5,2
9465,-1,-4,-11,1,-4,-1,-1,-1
9470,-1,2,6,3,-1,0,0,-2
9475,-1,-1,-11,-7,1,0,-2,0
9480,-1,1,5,0,-1,-7,-4,-3
9485,-1,-3,-8,0,0,3,2,1
9490,0,0,2,-2,-4,1,0,0
9495,1,3,16,1,2,-2,-2,-2
9500,-2,-5,-17,-4,-5,-6,0,-3
9505,-2,-2,-12,7,25,-6,-2,-1
9510,-1,-2,-7,-2,-33,-1,-3,-1
9515,2,3,11,-15,0,16,8,5
9520,-1,1,5,0,-5,-8,-7,-3
9525,-1,-1,3,-1,-1,-2,0,2
9530,-1,-1,-2,5,19,1,0,-3
9535,-1,0,-2,-2,-10,-7,-2,-2
9540,-1,-3,-9,-5,-7,-2,-3,-1
9545,0,-1,-3,-4,-10,-2,-2,-4
9550,-1,0,2,-1,9,5,2,1
9555,-1,-1,-3,-2,-3,0,-2,2
9560,0,2,6,3,9,0,0,0
9565,-2,0,0,-3,-11,-7,-2,-1
9570,-2,1,10,-1,16,-4,-3,-3
9575,-1,-1,-6,3,-9,-5,-2,-3
9580,-1,-1,0,-1,-14,-1,-1,-1
9585,1,-2,-8,-17,-26,17,7,3
9590,0,0,1,-5,-9,-13,-1,0
9595,-3,-3,-3,10,32,-7,-7,-4
9600,-3,-1,-3,-7,0,-5,-3,-1
9605,2,1,9,8,9,12,4,2
9610,-1,-3,-3,-1,-4,-3,-1,0
9615,-2,-2,-4,5,5,-12,-6,-3
9620,1,0,1,1,-3,-2,-1,-1
9625,-1,0,1,-1,-8,1,2,-1
9630,-1,-2,-6,-2,3,10,3,3
9635,2,4,13,-1,10,-3,0,1
9640,-3,-10,-24,19,-9,-4,1,-1
9645,-2,-5,-7,-36,-20,6,-6,-2
9650,3,3,7,11,8,-3,4,1
9655,0,0,-1,-15,-27,5,4,2
9660,0,3,3,2,13,2,-3,-4
9665,-2,0,1,11,14,-10,-4,-3
9670,1,-1,-8,-3,-21,2,-2,-1
9675,-3,-2,-4,6,14,2,-1,0
9680,1,2,3,-18,-9,-4,0,1
9685,-1,5,20,16,-2,-10,-7,-5
9690,0,-5,-11,-13,1,2,0,1
9695,-1,0,-2,1,-11,-1,-1,-1
9700,-1,-2,-2,-4,11,8,3,1
9705,1,5,13,2,0,-4,-2,-1
9710,-2,-4,-10,-2,0,2,1,0
9715,-2,-4,-6,0,-2,-6,-3,-3
9720,0,0,2,-1,-1,-2,-3,-1
9725,-1,-2,-8,-1,5,6,0,0
9730,-1,0,4,6,4,-3,-1,-2
9735,0,-1,-7,0,-3,1,0,-3
9740,-1,1,4,-5,-4,-4,-4,-2
9745,-1,-4,-9,1,1,-2,3,2
9750,-1,1,7,1,6,0,-4,-2
9755,-1,0,-6,-4,-1,6,2,1
9760,2,1,5,2,3,1,1,1
9765,-2,-2,-4,0,-5,-6,-3,-3
9770,-2,0,4,0,4,-2,-3,-2
9775,0,1,8,-1,-5,-2,-5,-4
9780,-4,-9,-18,7,5,1,1,1
9785,0,-2,-5,1,1,2,0,2
9790,1,3,7,-2,1,2,2,1
9795,-2,-7,-21,2,2,5,5,2
9800,-1,3,10,1,-1,-5,-3,-4
9805,-1,-1,-1,-4,-8,-6,-4,-2
9810,-1,-1,-3,-1,-1,-1,-2,-4
9815,1,0,3,1,1,-1,-1,0
9820,0,4,8,-1,0,2,0,1
9825,-3,-5,-14,-1,2,-3,2,0
9830,1,3,12,-2,-4,-2,-4,-4
9835,-1,-7,-16,0,8,5,3,2
9840,-1,-2,-2,-1,-11,-2,-3,-3
9845,0,1,2,-2,-2,-1,-1,-2
9850,-3,-3,-6,-3,-3,-4,0,0
9855,0,1,8,-1,0,-1,-4,-2
9860,0,-1,0,-4,-5,0,-1,-2
9865,-2,-1,-6,-1,1,-3,-3,-2
9870,-3,-1,0,2,-1,2,0,-1
9875,-2,-2,4,-3,-2,1,3,0
9880,-1,-2,-6,-2,2,-6,-3,-1
9885,1,0,1,-1,1,-2,-1,0
9890,-1,-1,-5,-5,-7,-3,-2,-4
9895,1,0,8,3,2,2,4,2
9900,0,1,1,-6,-4,-1,-1,-1
9905,-2,-3,-1,5,0,-4,-2,-2
9910,0,-2,-4,-2,6,5,2,2
9915,1,2,3,0,0,-1,-3,-1
9920,-1,0,4,-2,1,-2,0,0
9925,0,-1,-8,0,-4,-4,-5,-3
9930,1,1,10,2,-1,-2,-1,0
9935,-2,-6,-14,-4,-4,0,1,0
9940,0,0,1,0,7,7,2,3
9945,1,-1,2,-1,-1,1,0,-1
9950,0,5,12,-1,-5,-5,-5,-3
9955,-1,0,-1,2,3,-6,-4,-2
9960,-1,1,-1,0,-2,-1,-3,-3
9965,0,-1,0,0,3,6,5,3
9970,-2,-4,-6,0,3,4,3,2
9975,0,1,2,-3,-9,-4,-4,-2
9980,-1,-1,2,-1,3,3,3,2
9985,-1,1,3,2,4,-1,-4,-2
9990,0,-3,-10,1,-1,-1,-1,0
9995,-3,-3,-6,-3,-7,-1,0,-1
10000,0,0,3,3,0,-3,0,0
10005,-1,1,-2,-1,-8,-2,-1,-2
10010,0,-3,-9,-1,1,2,2,1
10015,-3,1,5,1,3,2,0,0
10020,0,1,-2,-2,3,1,0,1
10025,-1,-3,-4,-1,0,0,0,0
10030,-2,-1,-4,-3,-3,-4,-5,-3
10035,0,3,7,-1,-3,-3,-2,-1
10040,-2,-3,-7,-4,-3,1,1,-1
10045,1,1,-4,0,7,8,5,3
10050,-1,-1,-4,3,0,-1,1,-1
10055,1,1,3,-2,0,-5,-4,-3
10060,-2,-2,-5,-3,-8,-4,-4,-2
10065,-1,-2,-1,-3,-2,-3,-2,-3
10070,-1,-1,-1,0,-1,-2,-2,1
10075,0,-2,-7,2,2,-4,-3,-3
10080,-3,2,9,-7,-6,5,1,0
10085,-1,-4,-12,-5,2,2,2,1
10090,-1,-1,-3,0,6,-1,0,-1
10095,0,0,7,-1,-2,-5,-5,-4
10100,-1,-2,-3,0,0,-6,-2,-2
10105,1,0,0,-2,1,5,4,5
10110,-2,-2,-3,-6,-3,-1,2,0
10115,-2,-3,-5,-1,1,6,4,3
10120,-1,0,1,2,-1,-5,-6,-4
10125,-1,0,5,2,-2,-3,-3,-1
10130,-1,-2,-3,3,4,1,1,3
10135,2,1,-1,-3,-11,-5,-2,-3
10140,0,-1,-2,-2,4,-1,-1,0
10145,-1,1,2,-1,-1,-3,-1,-4
10150,0,-1,-5,0,-1,-3,-3,-1
10155,0,0,-1,-3,-3,2,-1,0
10160,-1,0,-2,2,-2,-2,2,-2
10165,-1,2,13,4,3,2,-1,-2
10170,-1,-7,-23,-6,-5,0,1,-1
10175,1,1,2,2,0,-3,-2,-2
10180,0,-3,-1,1,-2,5,3,3
10185,-1,-1,7,4,3,0,1,-1
10190,-2,-2,8,-2,0,1,-3,-1
10195,-1,-3,-3,-2,0,1,1,1
10200,0,0,-3,-3,-6,-1,-1,-2
10205,-3,0,-5,-2,-5,-8,-6,-4
10210,0,0,7,0,-1,-1,-1,0
10215,-1,-1,1,0,3,5,2,1
10220,-1,-1,2,-2,3,-1,0,-2
10225,-1,0,-2,-5,-6,2,1,1
10230,-1,3,-1,1,-3,-6,-6,-6
10235,-1,1,0,-2,0,0,-2,-2
10240,0,-3,-2,0,3,4,5,4
10245,-2,-2,-3,0,0,-2,-1,-2
10250,-1,-1,0,-1,-1,-1,0,-1
10255,-1,-3,-6,-2,1,2,0,0
10260,-2,-4,-9,2,4,0,0,-1
10265,0,-3,-3,-3,-2,-4,-2,-2
10270,-2,1,6,3,2,1,-1,1
10275,-2,-2,-2,0,-5,-5,-1,-1
10280,1,2,-1,-6,0,-3,-2,-1
10285,0,1,-3,-1,1,-2,-2,0
10290,-1,-1,-4,-1,-2,0,1,-2
10295,0,-1,-3,2,2,1,3,1
10300,1,0,-1,-3,-4,-4,-4,-1
10305,0,-2,-3,-2,0,1,0,0
10310,-1,1,1,-1,0,0,2,-1
10315,-2,0,-1,0,-1,-1,1,0
10320,-1,-3,-6,1,1,0,1,-1
10325,-2,-1,1,-2,-7,-4,-4,-2
10330,0,-1,-1,0,-3,0,-1,-1
10335,-2,-2,0,-1,1,2,1,1
10340,-3,0,3,0,-4,-3,-4,-3
10345,-2,-2,-3,-2,0,1,-2,1
10350,0,-1,-3,-1,1,1,1,0
10355,0,-2,-1,-1,0,0,2,-1
10360,-1,-1,1,1,-3,-2,-3,-2
10365,0,0,5,0,0,-2,0,-2
10370,1,-2,-7,-8,-5,-4,-4,-3
10375,-1,0,1,4,3,3,-1,-1
10380,0,0,2,0,-1,-1,-1,-2
10385,-1,-1,-4,4,4,0,2,-1
10390,-1,1,6,-1,-4,-3,-2,0
10395,-2,0,0,-3,-3,-4,-3,-2
10400,1,-1,-1,0,1,4,3,2
10405,-1,-2,-3,-2,-1,3,1,1
10410,0,1,3,8,2,-2,-1,-1
10415,-2,-1,-4,-6,-7,-7,-3,-3
10420,-1,1,0,1,0,-3,-4,-3
10425,1,-1,2,0,4,6,4,2
10430,-3,-3,-8,-4,2,4,3,2
10435,0,-2,-1,-1,1,4,3,0
10440,1,-1,1,-4,-2,-3,-2,-1
10445,0,0,-5,-1,-3,-2,-2,-1
10450,0,-2,-2,-3,-4,-2,-2,-1
10455,-1,1,4,6,-3,-6,-6,-5
10460,-1,-2,1,-2,1,3,2,2
10465,0,-1,-2,-4,0,0,-1,0
10470,0,0,1,-1,-2,-2,-5,-2
10475,0,-3,-11,-6,-1,1,0,0
10480,-1,-1,2,3,0,1,-1,-1
10485,-1,0,3,-2,-4,-4,-3,-3
10490,-1,1,6,-1,1,0,-1,0
10495,-1,-3,-2,0,3,5,4,3
10500,1,-2,-3,2,1,-1,-1,-1
10505,-3,-1,-1,0,-3,-4,-1,-4
10510,-1,-2,-2,1,2,2,1,-2
10515,-1,0,2,-2,-2,-3,-2,-1
10520,-2,-3,-5,0,2,1,1,0
10525,0,1,2,2,1,0,-1,1
10530,-1,0,-3,-2,-1,-4,-3,-3
10535,0,1,-1,-1,0,-1,-2,-1
10540,-1,-1,-2,2,0,0,-4,-3
10545,-2,-4,-17,-3,-2,-1,2,0
10550,-2,-1,-4,-2,1,1,2,2
10555,0,1,5,6,3,-2,-1,-1
10560,1,0,-3,-5,-3,-5,-3,-3
10565,0,0,2,-2,-6,-1,-2,-3
10570,1,-1,1,5,1,-1,0,0
10575,-1,0,0,-1,-1,-1,0,1
10580,-1,0,0,0,0,1,1,2
10585,-1,1,3,-1,0,-2,-4,-2
10590,0,0,-1,-3,-2,3,2,0
10595,-1,-2,-2,-2,0,0,-2,-1
10600,0,1,1,0,-1,-1,-1,-1
10605,-1,-3,-7,-2,2,2,2,2
10610,-1,0,-1,-2,-2,-1,-2,-2
10615,-1,-1,0,-1,-3,-4,-3,-4
10620,-1,-3,-5,-4,-4,-2,-1,0
10625,1,0,4,1,2,2,-1,-2
10630,-1,-2,-1,0,0,-1,1,1
10635,-1,-1,6,0,1,2,1,0
10640,-1,-2,0,-1,0,0,-2,-2
10645,-1,0,4,0,-1,-4,-3,-2
10650,0,0,3,1,0,0,-1,0
10655,-1,1,-6,-3,-2,0,1,0
10660,-1,0,-2,2,0,-1,1,-1
10665,-1,0,3,1,-2,1,2,-1
10670,-1,-2,-2,-2,0,1,-2,0
10675,0,0,-1,-2,-1,-1,-4,-3
10680,0,1,3,0,1,0,0,0
10685,1,-3,-7,-3,4,0,0,2
10690,0,0,-1,1,-1,0,-1,-2
10695,0,-1,-3,-2,-3,-4,-3,-4
10700,0,-2,3,-3,-4,-4,-2,-2
10705,-3,-3,-2,-1,-2,-1,0,1
10710,0,-1,0,-2,0,-2,-1,0
10715,1,-1,-6,-2,-1,1,-1,0
10720,-2,-2,-2,-3,0,2,3,0
10725,-1,1,6,4,-1,-5,-3,-1
10730,-2,-4,-8,3,1,-2,-1,-3
10735,-2,-1,1,0,0,4,1,3
10740,-2,1,5,-4,-6,-6,-3,-4
10745,1,1,4,1,3,3,1,1
10750,-2,0,-2,-1,0,0,0,1
10755,-2,0,0,-3,-5,-5,-3,-3
10760,-2,0,-1,0,1,4,1,2
10765,-1,-1,-3,-3,0,-1,-1,-1
10770,0,0,1,-2,0,-1,-1,-1
10775,0,-2,-3,-3,-2,1,0,0
10780,0,-1,-1,-2,-2,-3,-3,-3
10785,0,0,-1,0,-1,1,1,0
10790,-1,-1,-1,-1,-1,1,-1,1
10795,-1,-2,0,-2,-4,-4,0,0
10800,0,3,6,2,4,1,-2,-1
10805,-2,-4,-9,-4,0,2,1,1
10810,-1,-1,1,0,0,-5,-2,-2
10815,-2,-1,3,0,1,0,0,-3
10820,-1,-2,-5,0,4,2,0,0
10825,1,5,6,2,0,-3,-2,-2
10830,-2,-2,-7,-4,-4,-4,-3,-3
10835,-1,0,-1,0,2,4,0,1
10840,0,-2,-2,1,-3,-3,-1,0
10845,-2,-1,0,-1,-1,-1,-2,0
10850,0,1,-1,-3,-2,-2,-1,-2
10855,-1,1,2,3,1,-3,-3,-2
10860,-2,-1,-10,-3,-3,0,1,1
10865,0,-1,-3,-2,-2,0,2,1
10870,-1,-1,0,1,1,2,0,-1
10875,0,-1,-5,-4,-4,-4,-2,-2
10880,-1,-2,2,0,-2,-1,-3,0
10885,-2,-1,1,-1,-3,-4,-6,-5
10890,-1,-1,0,-1,1,3,3,1
10895,1,-3,1,-1,3,3,2,3
10900,-1,-2,0,1,1,1,-1,0
10905,0,-2,0,-2,-2,-3,-3,-3
10910,0,0,-2,-4,-3,-2,-2,1
10915,-1,-1,-3,-2,-2,0,-2,0
10920,0,1,0,-1,2,2,1,1
10925,-2,-2,-2,0,1,-1,-2,0
10930,-2,-1,-3,-3,-4,-1,1,1
10935,-1,2,2,-2,-2,-5,-4,-3
10940,-1,-5,-5,-1,0,3,2,1
10945,-1,-3,-10,-3,-4,-1,0,2
10950,-1,1,2,1,2,1,-2,-1
10955,-1,-1,2,-1,0,3,1,0
10960,0,0,-1,1,-2,-6,-5,-5
10965,0,-1,2,1,1,2,1,0
10970,-1,-2,-2,0,-1,-2,0,2
10975,-2,-1,-1,-1,-3,-3,-2,0
10980,1,1,4,-2,0,-2,1,-1
10985,0,-3,-3,-1,3,7,8,4
10990,-1,3,11,2,0,-4,-5,-2
10995,-1,0,6,3,3,3,3,0
11000,-1,-2,-8,0,1,0,2,0
11005,-1,-1,2,-1,-1,-3,-4,-1
11010,-1,-1,-2,-2,-1,0,-2,-3
11015,-1,0,1,0,-1,-3,-2,-1
11020,-2,-2,-1,-3,-3,1,-2,-1
11025,0,1,0,-3,-2,-4,-3,-4
11030,1,-3,-2,0,1,1,3,-1
11035,-1,-2,-6,-2,-1,0,1,1
11040,-3,-2,0,1,-1,-2,-3,-1
11045,0,0,0,-1,-2,-4,-3,-3
11050,0,-2,-3,0,2,6,7,5
11055,-1,-1,-3,-1,-4,-5,-4,-4
11060,-1,-1,-2,-1,-1,-1,-1,1
11065,-3,0,1,0,-1,-2,-3,-2
11070,-1,-1,0,0,-1,-2,-2,-2
11075,0,1,5,-1,0,-2,-2,0
11080,-1,0,-6,-2,-2,-3,-3,-1
11085,-1,-1,0,-1,1,4,3,1
11090,2,-1,-2,-2,-1,-1,-2,-1
11095,0,-2,-4,-1,1,1,2,1
11100,-2,0,2,-1,-3,-4,-3,-3
11105,-3,-2,-2,-2,-1,-2,-3,-2
11110,-1,3,11,3,3,0,-2,-1
11115,1,-4,-19,0,-3,-2,-1,-1
11120,0,1,1,-2,0,3,3,-1
11125,0,-2,-1,1,1,3,3,2
11130,-1,1,1,-3,-3,-3,-3,-3
11135,-2,0,3,-2,0,0,-3,-1
11140,-1,-1,0,0,-1,1,0,1
11145,0,1,-3,-1,-4,-6,-6,-4
11150,0,-2,-6,-2,-3,-5,-5,-4
11155,-1,-2,0,1,7,13,9,5
11160,-1,-1,-1,-2,-1,0,-1,-1
11165,0,0,2,-3,-1,-3,-1,-1
11170,-3,-2,-3,-3,-5,-3,-3,-2
11175,-1,1,1,0,-3,-4,-5,-3
11180,0,0,3,2,2,1,0,-1
11185,0,-2,-2,-4,-5,-5,-5,-3
11190,-1,-2,-4,-2,2,5,5,3
11195,-1,-2,-3,0,-1,1,2,0
11200,0,0,0,0,-1,-3,-3,-3
11205,-3,-2,-2,2,0,3,3,1
11210,0,-1,-4,0,-3,-2,-2,-3
11215,-1,1,2,-1,-1,-3,-3,-3
11220,-1,-2,0,-2,-3,-4,-2,-1
11225,-1,-2,-1,0,4,5,1,-1
11230,0,-1,2,1,1,1,0,0
11235,-2,0,-3,-1,-1,-1,-4,-2
11240,0,0,-5,-1,-3,-4,-3,0
11245,1,1,0,-2,-1,-1,-2,0
11250,0,-2,-1,-2,0,0,-1,1
11255,0,-2,2,-1,-1,-3,-3,-2
11260,-1,-1,1,-3,0,0,2,-1
11265,-2,-1,-1,-1,1,1,2,2
11270,-2,-1,-1,0,0,-2,-2,-2
11275,-1,0,0,-3,-4,-5,-2,-3
11280,-2,0,-1,0,1,4,2,0
11285,-1,-1,-1,1,0,-1,0,0
11290,0,-1,-2,-2,0,-1,1,0
11295,1,0,-1,-1,0,-1,-2,-1
11300,0,-1,0,-2,-1,-1,-2,-2
11305,2,0,-1,-2,-1,-5,-3,-3
11310,-1,0,-1,0,1,2,1,0
11315,-1,-1,-1,0,0,-1,0,0
11320,0,-2,-1,-1,1,1,2,2
11325,-1,-1,0,0,-2,-1,-3,-1
11330,1,-1,-3,-4,-2,-3,-2,-3
11335,-2,-1,0,2,-1,1,1,0
11340,-1,-1,-1,1,0,-2,-2,-2
11345,1,0,0,-2,0,-2,-1,0
11350,-1,-1,0,-1,-2,-1,-1,-1
11355,-2,-2,-2,-1,0,3,4,2
11360,-1,1,-1,0,-2,-1,-1,-1
11365,-2,0,0,-1,0,-1,-3,-2
11370,-1,0,-1,-1,1,0,1,0
11375,0,0,0,-4,-2,-1,1,-2
11380,-1,-1,0,2,3,4,-1,3
11385,-1,-1,-2,-1,-2,0,2,-1
11390,-1,0,0,-3,-3,-3,-4,-2
11395,1,1,1,0,-1,-3,-2,-2
11400,-2,-2,-1,-1,-1,-1,0,0
11405,-1,-1,-1,-2,-3,-2,-1,-2
11410,0,-1,0,0,1,1,-2,0
11415,-1,-2,-2,-1,-1,0,0,-1
11420,-1,0,0,-3,-2,-3,-4,-2
11425,-1,-2,-2,-2,-1,-1,1,-1
11430,-2,0,-1,-2,0,-2,-1,-2
11435,-1,-1,-1,-1,0,1,-1,0
11440,-1,-1,-1,-1,-2,-1,1,-2
11445,0,-1,0,0,-2,-1,2,-1
11450,0,-3,-3,2,3,8,6,4
11455,0,0,0,-1,-2,-5,-8,-4
11460,-1,0,-1,-1,-3,-3,-3,-2
11465,-1,0,-2,-1,0,1,0,1
11470,-2,-1,-2,-1,-2,-4,-4,-4
11475,-1,0,-1,0,-3,-1,-1,-1
11480,1,0,-2,-1,-3,-3,-3,-1
11485,0,-2,-4,-1,2,3,5,3
11490,0,-1,0,-1,-3,-2,-2,-1
11495,0,-2,-2,-1,0,0,-2,-2
11500,0,0,1,-1,0,-5,-2,-2
11505,-2,-2,0,0,0,-1,-3,-1
11510,-1,-2,-1,0,1,1,1,0
11515,-2,-1,-1,-4,-2,-3,-1,-2
11520,0,0,-2,-2,-1,0,-3,-2
11525,1,0,0,-2,3,6,3,1
11530,0,0,-3,-3,0,-2,0,0
11535,-1,0,1,-1,-1,0,-2,-1
11540,0,0,0,-2,0,-1,-2,-1
11545,-1,0,-1,-2,-2,-3,-4,-1
11550,-2,-2,0,0,-2,-5,-4,-3
11555,-2,-2,-1,1,5,9,6,3
11560,-1,-2,-3,-2,-3,0,1,2
11565,0,-1,-1,-1,-3,-5,-6,-5
11570,1,0,0,-1,-3,-2,-1,-2
11575,0,-3,-2,0,2,2,5,4
11580,0,-2,0,1,-1,1,2,0
11585,-2,-1,-1,-1,-2,-3,-3,-1
11590,-1,0,-2,-1,-3,-2,-2,0
11595,-2,-2,0,0,1,-1,-1,-1
11600,-1,-1,-1,0,1,1,1,-2
11605,1,0,-1,-1,1,-1,1,-1
11610,-2,0,0,0,0,-2,-2,-3
11615,-1,-1,-1,-2,-1,-1,0,-1
11620,-1,0,0,-1,0,-3,-3,-2
11625,-1,1,-1,0,0,0,-3,-2
11630,0,0,-2,0,3,3,1,1
11635,0,0,0,-2,-2,-1,-3,-1
11640,-1,-1,0,-1,-3,-2,-1,-1
11645,-3,-3,-2,-1,-2,-1,-3,-3
11650,-1,0,-2,0,-2,-1,-2,0
11655,-1,-2,0,0,-1,0,-1,-2
11660,-1,0,-1,-1,0,0,1,0
11665,1,-1,0,-2,-2,-4,-3,-2
11670,-1,-2,-1,0,1,2,4,0
11675,2,-1,-1,-1,-1,0,2,1
11680,-2,-1,-1,1,1,2,2,0
11685,-2,-2,0,0,-1,0,-2,-1
11690,-1,-1,-2,-1,-6,-5,-4,-3
11695,-2,-1,-1,0,1,1,-3,-1
11700,0,-3,-2,0,3,4,3,2
11705,0,0,-1,-2,-3,-2,-2,-1
11710,-1,-1,-1,0,-1,-1,-1,0
11715,-2,0,-1,-1,-3,-4,-3,-2
11720,-1,-1,-1,0,0,-2,-4,-2
11725,-3,0,1,0,-1,-2,-3,-3
11730,0,-2,-1,-1,1,1,2,1
11735,-1,-3,-1,-1,2,1,1,1
11740,1,-3,-1,-2,-3,-4,-3,-2
11745,1,0,-3,-2,-1,-1,-1,-1
11750,-1,0,0,-1,2,1,-1,-1
11755,0,1,-1,-3,-4,-5,-4,-3
11760,-2,-3,-3,0,5,5,4,2
11765,0,-3,-1,1,0,2,1,1
11770,-3,-1,0,-3,-2,-1,-3,-1
11775,-1,0,0,1,-3,-4,-2,-1
11780,0,1,2,-3,-2,-4,-4,-4
11785,-1,-2,0,-1,0,0,3,0
11790,-3,-1,0,-1,0,-2,1,0
11795,-3,-1,-2,-1,1,-2,1,-2
11800,-1,1,0,-2,-4,-3,-3,-2
11805,-1,0,-1,1,3,2,1,1
11810,0,-2,-1,0,2,1,2,3
11815,-1,0,-2,0,-2,-1,-3,-2
11820,-1,-2,-1,-2,-1,0,1,-2
11825,-1,-2,0,-1,-3,-3,-3,-3
11830,-2,1,-1,-1,-2,-2,-2,-2
11835,-1,-1,0,-1,-1,3,1,2
11840,-1,1,-1,0,1,-2,-1,-1
11845,-1,-1,-1,-2,-1,-2,-2,0
11850,0,-1,0,0,1,1,3,1
11855,0,-1,0,-2,-1,-2,-1,-2
11860,-2,0,-1,-1,0,-1,-2,-1
11865,-3,0,0,-1,-1,-1,-1,-1
11870,-2,0,-2,-1,-1,0,-2,-1
11875,-2,0,1,-1,1,-1,0,-2
11880,-2,0,-1,-1,-3,-1,0,1
11885,-1,-1,-1,0,-2,-2,-2,-3
11890,-1,-2,-1,-2,-3,1,1,0
11895,0,-1,-1,-1,-2,-3,-3,-2
11900,1,-1,0,1,-2,0,0,-2
11905,0,0,-2,-2,1,3,1,0
11910,-1,-1,0,-1,0,1,-1,-2
11915,-1,-3,-2,-1,-1,0,1,-1
11920,-2,0,0,-1,0,0,1,0
11925,-1,0,0,-1,-2,-4,-3,-2
11930,0,-1,-2,0,1,-2,-3,-1
11935,-2,-3,-1,-2,0,2,1,2
11940,-1,-1,-2,0,0,2,3,0
11945,0,0,-1,0,-2,-2,-1,-2
11950,-1,0,1,-2,-4,-5,-3,-3
11955,0,1,0,0,1,2,1,1
11960,-1,-1,0,0,-1,0,-1,-1
11965,-1,-1,-2,0,1,0,1,-1
11970,-1,0,-1,0,0,0,0,-2
11975,0,1,-2,-1,-2,-2,0,0
11980,0,-3,-2,-1,-2,-1,-2,-1
11985,-1,-1,0,-1,-2,-1,-2,0
11990,0,-1,-2,-2,-1,-4,-4,-3
11995,0,-1,2,0,-3,-1,-4,-3
12000,1,-2,-2,0,2,4,2,4
12005,-1,-2,-2,-1,0,1,0,0
12010,-2,0,-2,-1,-1,-2,-1,0
12015,0,0,-3,0,-2,-1,-3,-1
12020,0,0,1,0,-2,-2,0,-1
12025,0,-1,0,0,1,0,0,0
12030,0,-2,-1,1,1,3,3,2
12035,-2,-2,-1,-1,1,-1,-2,-2
12040,-3,0,-1,-2,-6,-6,-6,-3
12045,-2,-2,-1,-1,0,-2,-1,0
12050,0,0,-1,-2,-3,-2,0,0
12055,-1,0,-2,0,0,-1,-1,1
12060,0,-2,-2,-1,0,-2,-1,-2
12065,0,0,-3,-1,0,1,1,-1
12070,-2,-1,-1,-2,0,-3,-2,-2
12075,-1,1,-2,0,-3,-2,-4,-3
12080,-1,0,0,0,0,0,-1,1
12085,-1,0,-1,0,1,2,1,1
12090,-1,0,-1,0,-3,-2,-2,-1
12095,-2,-2,0,-1,-1,-2,-2,-1
12100,-2,-1,1,0,-1,1,2,-1
12105,0,1,-1,-1,-3,-2,-1,0
12110,-2,-1,-1,-2,1,1,0,2
12115,0,-1,0,0,-3,-3,-3,-2
12120,0,-1,-1,-2,-1,-4,-3,-1
12125,-1,0,0,-2,-1,-3,1,0
12130,-1,-1,1,0,0,2,0,-1
12135,0,0,-1,0,-1,2,0,-1
12140,-2,-1,0,0,6,3,3,2
12145,-1,-1,0,-2,-3,-4,-5,-2
12150,0,1,0,0,-4,-5,-7,-4
12155,-1,-2,-1,-1,4,7,8,3
12160,0,1,-2,-1,-3,-3,-4,-2
12165,-1,-2,-2,-3,-3,-4,-3,-1
12170,-1,-2,-2,1,4,2,2,2
12175,-1,-1,-1,-1,-1,-1,-4,-1
12180,-1,1,0,-2,-4,-3,-2,-3
12185,0,0,1,0,0,2,0,0
12190,0,1,-1,-2,-3,-3,-1,-3
12195,-3,-2,-1,-2,-1,-4,-3,-2
12200,0,-1,-1,-1,-2,-3,-2,-3
12205,-2,0,0,1,0,0,-1,0
12210,-2,-1,0,0,1,0,1,0
12215,-1,-2,0,0,0,-2,0,-1
12220,-2,-1,0,-2,-3,-4,-2,-1
12225,0,-2,-1,0,0,1,0,-1
12230,-1,-1,-2,-2,0,0,-1,0
12235,-1,-2,-1,0,1,0,1,0
12240,-2,-2,-1,-1,-1,-1,-1,-3
12245,-1,-2,-4,2,3,7,3,4
12250,-1,-2,-1,-2,1,-1,0,0
12255,1,0,0,-3,-3,-5,-6,-3
12260,0,1,-1,-3,-3,-3,-3,-2
12265,0,0,-1,-1,0,0,1,0
12270,0,1,-1,0,-2,1,-3,-2
12275,-2,-1,-2,-1,-1,-1,2,-1
12280,-1,-1,-2,-1,-1,-1,-3,-1
12285,-1,-1,0,-1,0,0,2,0
12290,1,-2,-2,-1,0,-3,-2,-3
12295,0,-1,-1,0,2,5,2,1
12300,2,-2,-1,-2,1,3,3,2
12305,-1,-2,-2,-2,-3,-2,-1,-2
12310,1,0,0,0,-1,-1,-1,1
12315,-1,0,-1,-3,-2,-5,-4,-2
12320,-1,-1,-2,0,-1,0,0,2
12325,-2,0,0,1,-1,-2,-3,-3
12330,-2,-1,0,0,-1,-3,-4,-2
12335,1,0,0,-3,-2,-1,0,-1
12340,0,-2,-1,0,1,4,2,0
12345,0,-1,-2,-1,-2,-1,-3,-2
12350,-2,-1,-1,-1,0,0,3,-1
12355,0,-1,0,-2,-2,1,0,-1
12360,-4,0,-1,-1,-1,-1,1,-3
12365,0,1,-1,-1,0,-2,-3,1
12370,1,2,1,-2,-4,-6,-6,-3
12375,-1,-1,0,2,1,2,5,2
12380,-1,0,-2,-2,-1,-1,1,-2
12385,-1,-1,-2,1,1,1,1,0
12390,0,-1,0,-1,0,1,-2,-1
12395,-1,-1,-2,-2,-4,-4,-4,-3
12400,0,-1,1,-1,-3,-4,-2,-3
12405,-1,1,1,0,0,-2,-1,-1
12410,-2,0,-1,1,3,5,2,2
12415,-1,0,-1,-1,-2,-3,-3,-1
12420,-1,1,-1,-1,-4,-7,-7,-2
12425,0,0,-2,-1,0,2,0,-2
12430,-2,-2,-2,-1,-2,1,3,1
12435,-3,-2,-1,0,0,2,3,0
12440,1,-2,-1,-2,-1,0,-3,-3
12445,-1,2,-1,-2,-4,-7,-5,-4
12450,0,0,-1,0,0,2,1,1
12455,-2,-3,-2,1,0,2,2,1
12460,-1,-1,-2,-1,-2,-4,-4,0
12465,-2,-1,0,-2,-1,-4,-5,-4
12470,-1,-3,-2,0,0,0,-1,-3
12475,0,1,-1,1,-1,-3,-3,-1
12480,0,0,0,0,0,1,0,0
12485,-1,-3,-1,0,2,1,1,1
12490,-1,-1,-2,-4,-5,-5,-4,-1
12495,-2,-2,0,-2,1,-1,0,0
12500,-1,-1,-2,1,1,5,4,3
12505,-1,0,-1,-4,-5,-5,-4,-3
12510,1,-1,0,0,3,2,2,0
12515,0,-1,-1,-1,-1,-3,-3,-2
12520,-2,-1,0,-2,-3,-5,-5,-3
12525,-1,-3,-2,0,4,6,4,2
12530,0,-2,-2,2,2,5,3,3
12535,1,-1,-1,-2,-4,-3,-3,-1
12540,-1,-2,-1,-2,-2,1,1,1
12545,1,0,-2,0,0,-2,0,-1
12550,-1,0,0,-2,-2,-7,-4,-4
12555,0,-1,-1,1,1,3,2,0
12560,1,-2,0,0,3,3,0,0
12565,1,-2,-1,-1,-2,-2,0,0
12570,0,0,1,-1,-4,-5,-3,-3
12575,-1,0,0,-1,1,-1,-2,-3
12580,-1,-1,-1,0,2,2,0,0
12585,-2,-1,0,-2,-4,-3,-4,-2
12590,-2,0,0,-1,-3,-2,1,-1
12595,0,-2,-1,-1,3,4,1,3
12600,-2,-1,-2,1,0,0,-2,-1
12605,1,-1,1,1,0,0,0,2
12610,-1,1,0,-2,-4,-2,-2,-3
12615,-2,0,-1,0,-3,-3,-3,-3
12620,-1,0,-3,-2,-1,-1,1,-1
12625,-2,-2,-1,0,-2,-1,1,0
12630,0,-2,-3,-1,2,0,-1,-2
12635,-2,0,3,0,-1,-2,0,-3
12640,-2,-4,-1,0,3,5,6,2
12645,-1,2,4,-1,-4,-7,-4,-3
12650,-2,-4,-13,-3,1,2,1,2
12655,-2,-1,-5,-4,-2,-2,-1,-2
12660,0,1,0,1,-4,-7,-7,-4
12665,-3,-6,-1,1,2,4,3,-1
12670,2,2,6,3,1,2,0,0
12675,1,0,-2,-3,-3,-3,-5,-3
12680,0,-1,-2,0,0,-2,0,-1
12685,-1,1,0,-2,-1,0,-2,-1
12690,-3,-1,5,1,-2,-5,-1,-2
12695,0,-2,-3,-1,-1,-1,-2,-1
12700,0,2,-1,-3,-1,-1,-3,-1
12705,-2,-2,-3,1,5,6,4,3
12710,-1,1,-2,-2,-3,-4,-4,-3
12715,1,1,-1,-1,1,3,1,1
12720,0,-1,-2,-1,-3,-1,-1,1
12725,0,0,-2,-1,-1,-4,-3,0
12730,-1,-3,-2,-1,-1,1,0,0
12735,-3,-1,1,0,-2,-4,-5,-4
12740,-3,0,1,0,-2,-2,-4,-4
12745,0,-1,-2,-1,3,6,8,5
12750,-1,-2,-1,1,1,1,-3,0
12755,-1,1,0,-2,-4,-5,-8,-1
12760,-1,-3,-1,0,2,3,5,0
12765,2,-2,-1,-1,-1,-1,-3,-2
12770,-2,-2,-1,-1,-1,2,1,1
12775,1,1,0,0,-3,0,0,-2
12780,0,0,-1,-1,-4,-4,-4,0
12785,1,1,-1,-1,-3,-4,-1,-2
12790,-1,-2,0,0,3,4,3,2
12795,1,-2,-2,-1,-1,2,4,0
12800,-2,0,-1,-2,-2,-2,-3,-1
12805,-1,1,-1,-1,-2,0,-2,-2
12810,0,0,0,-2,-3,-4,-7,-2
12815,-1,-2,-1,1,-1,2,4,1
12820,-1,-3,-2,0,3,6,4,1
12825,-1,0,-3,0,-3,-4,-5,-4
12830,1,-1,1,-3,-4,-4,-3,-4
12835,0,-1,-1,-2,-1,-3,0,-2
12840,-1,-2,1,-2,-4,-4,-2,-1
12845,0,-3,-2,-1,0,-1,-2,0
12850,2,1,0,-1,1,6,5,1
12855,-1,0,-3,-1,-3,-1,0,-1
12860,-1,-1,0,-2,-3,-4,-1,0
12865,-2,0,0,0,-2,0,0,-2
12870,-1,-2,0,2,1,0,0,1
12875,-2,0,0,-3,-4,-5,-6,-4
12880,-1,-2,-4,0,1,-1,3,0
12885,-1,-1,-1,0,3,2,0,1
12890,-2,-1,0,-3,-2,-3,-2,-2
12895,-1,0,-1,0,2,2,-1,0
12900,0,1,2,-1,2,-1,-3,-1
12905,1,0,0,-3,-4,-2,-2,-1
12910,-1,-1,0,-1,0,0,1,0
12915,0,1,0,0,-3,-5,-5,-2
12920,-2,-1,-2,-1,1,2,3,-1
12925,-1,-1,-2,0,2,4,3,0
12930,-1,1,-2,0,-5,-6,-3,-1
12935,-1,-2,0,-1,0,2,2,2
12940,0,0,-1,-1,-3,-2,-4,-3
12945,-2,-1,0,0,0,-4,-1,-2
12950,-2,-1,-2,0,-1,1,1,0
12955,0,-1,-2,1,0,-1,1,-1
12960,0,2,12,3,1,1,-1,0
12965,-2,-1,0,-2,-6,-5,-4,-3
12970,-1,-2,-1,-1,-1,-1,1,-1
12975,-1,-1,-1,0,2,2,0,0
12980,0,-1,-3,-1,-4,-1,0,0
12985,-2,-1,0,-2,0,3,0,0
12990,-2,0,-1,-2,-1,-1,1,0
12995,-1,0,2,-3,-6,-4,-2,-2
13000,-1,-3,-3,3,7,5,2,3
13005,1,-1,-4,-2,-3,-3,-1,-2
13010,-2,-2,-2,0,-2,-1,-2,-3
13015,0,0,-1,-2,2,2,0,0
13020,-2,-1,-2,-1,-2,-3,-3,-3
13025,-1,-2,-1,-2,0,2,2,1
13030,-1,0,1,-1,1,0,-3,0
13035,0,-2,-1,1,-1,-2,-1,0
13040,-2,-1,-2,-3,-3,-3,-4,-2
13045,-1,-1,-1,2,2,1,1,1
13050,-2,-1,0,0,1,-1,1,0
13055,-1,-1,-1,0,0,1,0,1
13060,0,1,-2,-3,-1,-3,-3,0
13065,0,-2,0,-1,-2,1,-3,0
13070,-2,-1,-1,-1,-2,-3,1,0
13075,-1,-1,-1,-1,0,3,0,0
13080,-1,-1,-3,-3,1,2,5,1
13085,0,0,-1,-1,2,0,-2,-2
13090,-1,-1,-1,0,1,1,1,1
13095,-1,-1,0,2,1,-1,-1,0
13100,1,-1,-1,0,-4,-3,-2,-3
13105,-1,0,0,-1,-4,-4,-3,-3
13110,0,-1,-1,0,2,-1,0,0
13115,-1,0,0,0,0,-2,-1,0
13120,-2,0,-2,-4,-6,5,0,1
13125,-1,-2,-1,-3,-6,-6,-3,-4
13130,0,0,0,-1,-4,0,-2,-1
13135,0,-1,-1,1,6,2,3,-2
13140,-1,1,-1,-1,0,-3,-2,-2
13145,-2,-2,0,1,1,3,4,1
13150,0,-2,-1,-1,1,-2,-3,-4
13155,-1,-2,-1,-1,2,2,3,2
13160,-1,-2,-2,1,-1,-3,-1,0
13165,-1,2,-1,-2,-5,-6,-5,-3
13170,-1,-1,-2,-1,-1,0,-1,0
13175,0,0,-1,0,-3,-5,0,-2
13180,-1,-1,1,-1,-2,-1,-4,-5
13185,0,-1,0,1,8,8,4,5
13190,-1,-1,-2,-2,-3,-4,-1,0
13195,-1,-1,-2,-1,-4,-4,-6,-1
13200,0,-1,0,1,0,-1,0,0
13205,-1,0,-1,-1,-2,-2,-3,-2
13210,-1,-1,-2,-1,0,0,0,-2
13215,-1,-3,-1,-1,-2,-2,1,-1
13220,-2,-1,-2,-2,-2,-3,-3,-1
13225,0,0,0,0,-2,-2,-2,0
13230,0,0,0,0,3,-5,-3,-3
13235,-2,-4,-3,0,-6,4,3,4
13240,0,1,-3,-3,-3,3,1,0
13245,0,-1,0,-1,-1,-1,-1,0
13250,-1,-1,-1,-2,-3,-2,-3,-2
13255,-3,0,1,-1,3,-6,-5,-3
13260,-2,-1,-1,-1,0,-1,-1,1
13265,0,-3,-4,-1,0,2,3,0
13270,-1,0,0,0,-1,-3,-2,-1
13275,0,0,0,-2,3,6,1,1
13280,0,-2,-2,0,-1,-1,-1,-1
13285,-1,1,1,-2,-6,-7,-3,-4
13290,-1,0,-2,-1,-7,-4,-4,-2
13295,-1,-1,0,1,4,2,1,2
13300,-1,-2,-2,1,3,1,1,1
13305,-1,-1,0,1,11,-3,-1,-1
13310,0,-1,-1,-1,-12,6,3,0
13315,-2,1,-2,3,45,-2,-4,-4
13320,-2,-3,-5,-16,-91,-8,-7,-4
13325,3,4,6,14,39,1,5,6
13330,-2,-3,-6,-4,4,0,-5,-4
13335,0,0,0,0,-39,-1,-3,-2
13340,1,1,3,3,23,19,11,4
13345,-3,-2,-3,-4,-3,-9,-8,-3
13350,-1,0,0,-2,16,-17,-8,-3
13355,-2,-2,-1,-2,-12,-10,-4,-3
13360,1,-1,1,4,28,7,4,2
13365,-2,-1,-3,-4,-24,-4,-3,0
13370,-2,1,1,7,28,4,3,3
13375,-2,-1,-4,-8,-26,-5,-2,-2
13380,-1,1,2,-1,0,-7,-1,-2
13385,1,-2,-2,-3,-7,8,0,-1
13390,-1,-2,1,2,6,-1,0,1
13395,-1,-4,-3,0,5,1,-1,-2
13400,-2,1,1,-3,-12,3,1,-1
13405,0,1,2,0,16,-8,-1,0
13410,-2,-1,-2,-1,-35,-12,-7,-7
13415,2,-2,-2,0,4,42,21,12
13420,-1,-1,1,7,6,-4,-2,-3
13425,-4,-4,-4,-9,-17,-5,-5,-5
13430,0,2,2,-2,17,-6,-2,0
13435,-2,0,-2,-2,-18,-12,-5,-3
13440,1,0,1,3,19,3,0,1
13445,-2,-1,-1,-2,-10,4,3,0
13450,-1,-2,0,-2,-6,-1,-1,-3
13455,-1,0,1,-1,5,-3,-2,-3
13460,-1,-3,-1,-2,16,5,0,0
13465,-1,1,0,0,-6,-5,-4,-3
13470,0,-5,-3,1,3,3,3,1
13475,-2,0,0,-1,1,0,-1,-2
13480,-1,0,1,0,-5,-3,0,0
13485,-2,-1,-1,-1,4,-2,-4,-2
13490,0,0,0,-3,-15,9,5,1
13495,0,-1,0,1,4,-6,-3,-2
13500,-2,-1,-2,-4,2,-11,-6,-4
13505,-2,-3,-2,-2,6,-2,-1,-3
13510,-1,-2,0,3,-5,30,14,6
13515,-1,0,0,-4,-7,-8,-4,0
13520,-1,0,-1,0,2,-12,-8,-3
13525,-3,-3,0,1,17,3,4,1
13530,-1,-3,-4,0,-14,-9,-1,0
13535,-3,-2,-4,-4,12,7,1,-2
13540,0,0,-1,3,-15,-7,-3,0
13545,1,2,1,4,16,3,-2,-1
13550,-5,-4,-8,-14,-8,7,-6,-6
13555,1,3,5,8,26,-33,-8,-1
13560,-5,-5,-8,-11,-43,-2,-5,-4
13565,3,2,2,4,-1,15,11,3
13570,0,1,1,0,-11,-15,-5,0
13575,-1,0,-2,-2,19,1,-1,-3
13580,-3,-2,-1,1,8,-10,-5,-2
13585,-3,-2,-3,-2,-11,-6,-3,-2
13590,2,0,0,1,7,10,3,0
13595,0,-1,0,-1,-20,-2,0,-1
13600,0,0,1,2,23,5,4,2
13605,-2,0,-4,-5,-23,3,-2,-1
13610,1,2,2,1,8,-2,0,1
13615,-1,0,-1,0,-2,4,0,-1
13620,-2,-2,-2,0,0,2,0,1
13625,-1,-1,-1,-3,1,-1,-2,-1
13630,-1,-2,0,2,-3,-2,0,0
13635,-1,-1,0,-1,-4,1,1,1
13640,1,-2,1,-1,7,4,3,0
13645,-2,-1,-2,-4,-10,-6,-5,-1
13650,-1,0,3,2,0,-2,-1,-2
13655,-1,-1,-1,-2,-10,4,3,-1
13660,0,-1,-1,1,-2,1,0,1
13665,0,-2,-1,0,1,5,0,-1
13670,-1,0,0,1,11,-11,-6,-3
13675,-2,-1,-3,-8,8,5,1,-2
13680,2,-1,2,7,-27,9,5,3
13685,2,0,-1,-3,8,13,3,0
13690,-1,-2,-2,-2,-12,-4,-1,0
13695,0,-1,2,0,6,-1,-3,-2
13700,0,-1,-2,0,12,-9,-5,-4
13705,-1,1,1,0,-8,6,3,0
13710,-1,0,1,1,-7,-6,-1,-1
13715,0,0,-1,-3,2,3,-1,1
13720,0,-1,-1,-1,0,2,3,-1
13725,-2,-1,-1,0,3,-4,-2,-2
13730,1,0,-2,-3,1,0,0,-1
13735,0,-2,0,3,-7,-7,-1,-3
13740,-1,-1,-1,-3,6,-1,-2,-1
13745,0,-1,-1,-1,-7,-9,-3,-2
13750,-2,-1,-2,0,5,4,0,0
13755,-1,-1,-2,-2,-7,1,-1,-1
13760,-3,-1,-1,-1,4,0,-2,-2
13765,-1,-3,-2,0,0,-4,-2,-1
13770,-1,0,0,-2,0,3,1,-1
13775,0,-2,0,0,-3,1,-1,0
13780,-2,0,-1,-2,7,-3,-3,-3
13785,-3,-1,-1,-1,-8,-6,-2,-3
13790,0,0,-2,-3,0,3,-2,-1
13795,0,0,1,2,-3,0,1,0
13800,1,-1,-3,-1,12,6,0,4
13805,-1,-1,-1,-2,-7,-3,1,-2
13810,-2,-1,0,-1,-1,-2,-1,-2
13815,-1,-1,-2,-2,-3,-2,-3,0
13820,-2,-2,0,-2,0,-4,-2,-2
13825,-2,-1,-1,0,-2,-2,0,-1
13830,0,-2,1,-1,0,1,1,-1
13835,0,-1,-1,1,-2,-3,-1,0
13840,-1,0,-1,-2,0,-2,-1,-1
13845,-1,-1,-1,-1,-1,-2,-2,1
13850,-1,-1,-2,-1,-2,1,-1,-2
13855,-3,-1,0,-1,-2,-1,0,-2
13860,0,0,0,0,1,-1,-1,-2
13865,-1,0,-1,-2,-1,-3,0,-1
13870,-1,-1,-1,0,1,1,-1,-1
13875,-1,-1,-2,-2,0,0,0,-1
13880,-1,1,-1,-2,0,-2,-1,-1
13885,-1,-2,-2,-1,-1,-1,-3,0
13890,-1,1,-2,0,0,-1,1,0
13895,-1,-1,-1,0,0,1,-1,-1
13900,-1,-1,1,-1,-1,-1,-2,-2
13905,-1,-1,-2,-1,0,-1,-2,-2
13910,-1,-2,1,0,-1,-2,-1,0
13915,0,0,0,-1,-2,-1,-1,0
13920,-1,-1,-1,-1,-1,0,-2,0
13925,1,0,0,-1,-1,0,0,-1
13930,-1,-2,-1,-2,1,0,1,-1
13935,-1,0,-2,-1,-3,-1,0,-1
13940,0,-1,-2,-2,0,-3,0,0
13945,-2,-2,-1,0,1,-1,-1,-2
13950,-1,-3,0,0,-1,-2,-2,-1
13955,-3,1,-2,-1,0,-1,-1,0
13960,-2,-2,-2,-2,-3,-1,-1,-1
13965,-2,-1,-1,-1,-1,-1,-2,-1
13970,-2,1,-2,-1,1,-2,0,-1
13975,0,-1,0,0,-1,0,-2,-1
13980,-2,-2,0,1,-1,0,-1,-1
13985,-1,-1,-1,-1,-2,-2,-2,-1
13990,0,0,-1,-1,-1,0,-1,-2
13995,0,0,1,1,-1,-2,-2,-2
14000,-1,1,0,-1,0,-3,-1,-3
14005,0,1,0,-3,0,0,-2,0
14010,-1,-1,-1,-2,0,-1,-1,-2
14015,-2,0,0,-1,-2,1,0,0
14020,0,0,0,1,1,-1,-2,-1
14025,0,0,-2,0,-1,-3,-1,-2
14030,-1,0,-2,-1,-2,0,0,0
14035,1,0,-1,0,0,2,0,-1
14040,0,0,-2,-1,0,0,-1,0
14045,-2,-1,0,1,-2,0,-2,0
14050,0,1,-1,0,-1,-2,-2,-2
14055,-2,-1,0,-2,-1,-2,0,0
14060,-2,-2,0,0,0,1,1,1
14065,0,-3,-1,0,-1,0,-1,-2
14070,0,-1,0,-1,0,-1,-1,0
14075,0,0,0,-1,0,-1,-2,-2
14080,1,-1,0,-2,-1,-2,-1,-1
14085,0,-1,0,-2,-1,-2,-1,0
14090,-1,-1,-1,-1,-1,-2,-1,-1
14095,0,-1,-2,-1,0,-1,0,-1
14100,0,1,-1,0,-2,-1,-3,-1
14105,1,-1,-1,-2,-2,0,-1,-1
14110,-2,-2,-1,0,1,-1,1,-1
14115,-3,-2,-2,-1,-1,-3,-2,-2
14120,-1,-1,-1,0,-2,-2,-1,-3
14125,-1,-1,0,-1,1,-2,-1,-2
14130,-1,-1,0,-2,0,0,-2,0
14135,-1,0,-1,-1,-1,0,-1,0
14140,-1,-1,0,-2,0,0,0,1
14145,0,1,-2,-1,0,0,1,-1
14150,1,0,0,-1,0,-1,-1,-1
14155,0,-2,-1,-2,-2,-2,0,-2
14160,-1,-1,-2,-1,-1,-1,-1,-1
14165,-2,-2,-2,-1,0,0,0,-1
14170,-3,0,-2,-1,-2,0,-1,0
14175,0,-1,-1,-3,-2,-1,-2,0
14180,-1,2,1,-2,1,-1,0,-1
14185,0,-3,-1,0,1,-2,-1,-2
14190,-2,-2,-2,-1,0,-2,-2,-1
14195,-1,0,0,-1,-2,0,1,0
14200,0,0,-2,-3,-2,-2,-1,-1
14205,-1,1,-1,-1,0,0,-1,0
14210,1,-1,0,-2,-3,-1,0,0
14215,0,-1,0,0,-1,-1,-1,0
14220,-1,-1,-1,-2,0,-1,-1,0
14225,0,-2,-1,-1,0,-3,0,0
14230,-1,-3,0,-1,-3,-1,-1,0
14235,0,0,-1,-1,1,0,-1,-1
14240,0,-1,-1,0,-1,1,2,-1
14245,-1,-1,-2,1,-1,-1,-2,0
14250,-1,-1,0,-2,-1,1,1,0
14255,1,-1,-1,0,-1,-1,0,-1
14260,0,-2,-1,-1,0,-2,-2,-1
14265,-2,-1,-1,-1,-1,-1,0,0
14270,0,-2,1,-1,-1,0,-1,-1
14275,-2,0,-1,0,-2,-2,0,1
14280,0,0,0,0,-2,-2,-1,0
14285,-2,1,-2,0,-1,-1,-1,-1
14290,0,-1,-1,0,-1,-1,-1,-3
14295,0,-1,-1,0,1,0,0,-2
14300,-1,-2,0,1,1,1,2,0
14305,0,0,1,0,-2,-1,-1,-1
14310,-1,0,-2,-1,-2,0,1,-1
14315,-2,-1,-1,-1,0,0,-1,-1
14320,-3,-1,-1,-1,-2,-1,-2,-1
14325,0,-1,1,-1,-2,-1,0,-1
14330,-1,-2,-1,-1,1,1,-1,0
14335,-1,0,0,0,0,0,-1,-1
14340,-2,1,-3,-1,-1,-2,-3,-1
14345,-1,-3,0,0,1,1,1,0
14350,-1,1,-1,-1,-1,-1,-2,-1
14355,-1,-1,-1,-1,-3,-3,-1,-1
14360,-1,-2,1,0,-1,0,0,-1
14365,-1,0,-1,-1,-1,-1,-1,-1
14370,-2,0,0,-1,0,-1,-1,-1
14375,-2,-2,0,-1,-1,-2,-2,-1
14380,0,1,-2,-1,-1,0,-1,-1
14385,0,-2,-2,0,0,-1,1,0
14390,-2,-1,0,0,0,-1,-1,0
14395,0,1,1,-1,-1,-2,-1,0
14400,-1,-1,0,-1,-1,-1,0,0
14405,-1,0,0,0,-1,-2,-2,-2
14410,-1,-1,-2,-2,0,-2,-2,-1
14415,0,-1,-1,-2,-1,0,-1,0
14420,-1,-1,-3,-1,-2,-1,-2,-1
14425,-2,-1,-1,-2,-1,0,0,-2
14430,1,-1,-1,-1,-1,-1,1,0
14435,-1,-1,-2,-2,0,-1,0,0
14440,0,-2,0,-2,0,-1,-2,-1
14445,-1,1,-1,-1,0,-1,-1,2
14450,-1,1,0,0,0,-1,-1,1
14455,-2,-1,-2,-1,0,1,-1,0
14460,-2,-1,2,0,-2,-1,-1,-1
14465,-1,0,-2,-1,-2,0,-1,-1
14470,-1,-2,0,-1,-1,-1,-1,0
14475,0,0,-2,-1,-2,0,0,-2
14480,0,-2,-2,-2,-1,-2,-1,-1
14485,-2,0,1,-1,-1,-2,-2,-1
14490,0,-1,0,-2,-1,0,-1,-1
14495,1,-2,0,0,0,-1,-1,0
14500,-1,-1,-1,-1,0,-1,-1,0
14505,0,-2,-2,-3,0,-1,-1,-1
14510,-1,-2,0,-1,0,-1,0,-1
14515,-1,-1,-1,0,-1,-1,-1,-1
14520,-2,-2,-2,-1,-1,0,0,0
14525,0,0,-1,-1,0,1,-1,-2
14530,-2,-1,1,1,0,-1,-1,-2
14535,-1,-1,0,1,-1,0,-1,-1
14540,-1,-2,-2,-1,-1,1,-1,1
14545,-1,-2,0,-1,0,-2,0,0
14550,-1,-1,-2,-2,-2,1,-1,-1
14555,-2,-1,0,0,0,-1,-1,-1
14560,0,-1,-2,0,0,-2,-2,-2
14565,-2,-3,-1,-1,-1,-1,-1,-1
14570,-1,-1,-3,-1,-2,0,-1,0
14575,-1,-1,0,-2,0,-1,-1,-1
14580,1,-1,1,0,1,1,-1,-1
14585,0,-3,-2,-2,-2,-1,-1,1
14590,-1,0,-1,-1,-1,-2,-2,-1
14595,-4,-1,-3,0,-3,-1,-2,0
14600,0,0,0,-1,-1,-2,1,-2
14605,-2,0,0,0,1,0,0,-2
14610,0,1,0,-1,-2,-1,1,0
14615,-2,0,0,-1,0,0,-1,0
14620,-1,-1,-1,-3,0,-2,0,-1
14625,-1,-1,-1,0,-2,-1,1,0
14630,-1,-1,-1,-2,0,-1,-1,0
14635,-2,-1,0,-2,0,0,-1,-2
14640,-2,-1,-1,0,-1,0,0,-2
14645,-1,0,0,0,-1,-1,-2,-3
14650,-2,0,-2,-1,-1,-1,-1,-1
14655,-1,-1,-1,0,1,-1,0,0
14660,0,0,1,0,-1,0,-1,0
14665,0,0,-2,-1,-1,-1,-2,-2
14670,0,0,0,0,0,-2,-2,0
14675,0,-1,-2,1,0,0,0,0
14680,-1,-1,-2,0,0,-1,0,0
14685,-1,1,0,0,-1,-1,-3,-3
14690,0,-1,0,-1,0,-1,-1,0
14695,0,-1,-1,-1,0,-2,-1,-2
14700,0,0,-1,-1,-2,-2,-1,1
14705,-2,-2,0,-2,0,0,-1,1
14710,-1,-2,-2,-2,-2,-1,0,-1
14715,-1,0,-1,-1,-2,-2,0,-2
14720,-1,-1,-1,2,0,1,-1,-2
14725,-1,1,1,0,-2,-3,-2,-3
14730,-1,-1,-2,-1,0,0,-2,-1
14735,-1,-1,0,0,-2,0,1,1
14740,-2,-2,-1,0,-1,1,0,1
14745,-1,-1,-1,-1,0,-1,-1,1
14750,0,-1,-1,0,0,0,1,-1
14755,-2,0,-1,-1,-4,-2,-2,-2
14760,0,-2,-1,-3,0,-3,0,-3
14765,-2,-1,-1,0,0,-1,-1,-2
14770,-2,-2,-1,0,-2,0,1,-1
14775,-1,-1,0,-1,-1,-2,-1,0
14780,0,1,0,-1,0,-3,-1,-2
14785,0,-1,-1,0,-1,-1,-2,1
14790,-1,-1,-1,-1,-2,0,-1,-2
14795,-1,-2,-3,-1,-2,0,1,-1
14800,0,-2,-1,-1,-2,-1,-2,0
14805,1,-1,0,0,-3,-2,0,-1
14810,0,-1,0,1,0,-2,-1,-1
14815,-2,1,-1,0,-1,1,-1,-1
14820,-2,-2,-1,0,0,0,-2,0
14825,0,-1,-2,0,-1,-2,0,-1
14830,-2,-1,0,-2,0,0,-1,-1
14835,-1,1,1,-1,-1,-1,0,1
14840,-2,0,-2,-1,-1,-1,-2,0
14845,-2,-2,-1,0,2,-1,-1,-1
14850,-2,0,-1,-1,-2,-2,-1,-1
14855,-1,0,-1,0,-1,-2,-1,-2
14860,1,-1,-2,-2,-2,-1,0,0
14865,-2,-1,-1,-2,1,0,0,0
14870,0,-1,-1,0,-1,-1,-1,-2
14875,-1,0,-1,-1,0,-1,0,0
14880,-2,1,-2,0,-3,0,0,-2
14885,-1,-2,-2,-1,-1,0,0,-1
14890,-1,0,-1,0,0,0,0,0
14895,0,-2,0,-1,-1,1,-2,0
14900,0,-2,0,0,-1,1,0,0
14905,-2,0,0,-1,1,-1,-1,-1
14910,-1,-1,0,-1,-1,-1,0,0
14915,-1,-2,0,-2,0,-2,-2,-2
14920,-1,0,-1,0,-1,0,-2,-2
14925,0,-1,-1,-1,-1,-1,-2,0
14930,-1,-1,0,0,-2,1,0,0
14935,0,0,-1,0,-1,-1,-2,-1
14940,-1,-2,0,0,0,-1,-2,-1
14945,-1,1,-1,0,0,-1,0,0
14950,0,-1,-3,-1,0,-2,0,-2
14955,0,-1,-1,0,0,-1,-1,-1
14960,0,1,-1,-1,0,0,0,-1
14965,0,-1,-1,-1,-3,-1,-2,-1
14970,-1,0,0,0,-2,0,-2,0
14975,-2,-2,1,-2,-3,-2,0,-2
14980,-3,-1,-1,-2,0,-2,0,-1
14985,0,-1,-1,1,1,2,2,1
14990,-1,0,-1,-1,0,-1,0,-1
14995,0,0,-3,-1,0,0,-3,1
15000,0,-1,-1,0,-2,-2,-3,-1
15005,-2,-2,-1,0,-2,-1,-1,0
15010,-1,-1,0,-2,0,-1,-1,-1
15015,1,0,-1,-1,0,0,0,-2
15020,-1,-1,-1,0,-1,-1,-1,-2
15025,-1,-2,0,0,-1,-1,-2,0
15030,0,0,-2,-1,1,-1,-1,0
15035,-2,-1,0,-1,0,0,-1,-1
15040,0,0,0,-2,-1,0,0,-1
15045,-1,-1,-1,-3,-3,0,-2,-3
15050,0,-2,0,-1,-1,-1,-1,-3
15055,-1,-1,-1,-1,-1,-1,0,2
15060,-1,0,-1,-2,0,0,-2,-2
15065,-1,-1,0,-1,-1,-1,-2,0
15070,-2,-2,-2,-1,-2,-2,-2,1
15075,-1,-2,-1,-1,0,0,0,-1
15080,-1,-1,-1,-1,-1,0,-1,-1
15085,0,-1,-1,-1,-1,-1,0,-1
15090,-1,-1,-1,2,-1,-2,-1,-2
15095,0,-1,0,0,-1,0,-2,-2
15100,0,-1,-1,-2,-1,-2,-2,-1
15105,0,-1,-1,-1,0,-1,1,0
15110,0,0,0,0,-1,0,1,-1
15115,-2,0,-1,0,-2,-1,0,1
15120,0,0,-2,1,-1,0,1,-1
15125,-1,1,-1,-2,-2,-2,-1,-1
15130,-1,-1,-2,-3,-2,-1,0,1
15135,-1,0,-1,-1,-2,-1,-1,0
15140,0,-1,0,0,1,1,0,-1
15145,-2,0,0,1,0,-1,0,0
15150,-2,0,0,-1,0,-2,-1,-1
15155,-1,0,-1,0,0,-1,-2,-2
15160,-1,-1,-2,0,0,0,0,1
15165,0,-2,-1,-1,-1,1,0,-2
15170,0,0,-1,-1,-1,-1,0,-1
15175,1,-2,0,0,1,-2,-1,-2
15180,-1,0,0,0,-1,-2,0,2
15185,0,-2,-1,-2,1,-1,-1,0
15190,-2,-2,1,-2,-3,0,-1,-1
15195,-1,-1,0,0,0,-1,-1,-1
15200,0,-1,-1,-1,-1,0,-1,0
15205,-1,-1,-1,-2,-1,-1,-2,-1
15210,-2,-1,-2,-2,-1,-1,-2,-1
15215,-1,0,0,-1,-2,-3,0,0
15220,-1,-1,-3,0,0,0,-2,-1
15225,0,0,0,0,-1,0,-1,0
15230,0,-1,-3,-1,-2,-2,-2,0
15235,-1,0,0,1,-1,-1,-1,-1
15240,0,-1,0,-1,-1,-1,-1,-1
15245,-2,-1,0,-1,0,0,-2,0
15250,-2,-2,0,-1,2,0,-1,-1
15255,0,0,-2,-3,-2,0,-2,-3
15260,-1,-2,-2,-3,-1,-1,0,-2
15265,-1,-2,-2,0,-1,-1,0,-1
15270,-2,-1,-1,0,-1,-1,-1,1
15275,-2,-3,0,0,1,-1,2,0
15280,-2,0,1,0,0,-1,-2,1
15285,-2,0,-1,-2,-1,-2,0,-2
15290,1,-1,-1,2,0,-1,0,-1
15295,-2,-2,-2,-1,-1,0,-1,0
15300,-1,-1,1,-1,0,-1,0,-2
15305,-1,0,-2,-1,0,-2,-1,1
15310,1,1,0,1,-2,-1,0,-2
15315,-1,-1,-1,-1,0,-1,0,-1
15320,2,0,0,-1,-1,-1,0,-2
15325,-2,-1,-1,0,-1,-1,1,-2
15330,0,-1,-1,-1,0,0,0,-1
15335,-1,-2,-1,-1,-2,-1,-1,0
15340,-1,0,-1,1,1,-1,0,0
15345,0,1,0,1,-2,-1,-2,-3
15350,-1,-1,-1,1,-2,-1,1,0
15355,0,-3,0,0,-2,1,-1,1
15360,-1,-2,-2,0,1,-3,0,0
15365,-1,-2,-3,-1,-2,0,0,0
15370,-2,-2,-1,-1,1,-1,-2,-1
15375,0,0,-2,-2,-2,-1,-1,-2
15380,-1,-1,-2,-2,-2,-3,-1,-1
15385,-1,-1,0,-2,-1,-2,-2,-1
15390,-1,0,-1,0,0,1,0,-1
15395,0,0,0,-2,-2,0,0,-1
15400,-1,0,1,-1,-1,1,0,0
15405,0,0,-1,0,0,-2,-2,0
15410,-2,-1,-2,0,-1,-1,-1,-1
15415,0,-1,0,-1,-1,0,-2,-3
15420,-1,-2,-3,0,-1,0,0,-2
15425,-1,0,-1,0,-2,-1,-1,-1
15430,1,-2,-1,0,-1,-4,-2,-1
15435,-1,1,-2,-2,2,-1,0,-1
15440,0,-2,-1,0,0,1,-1,1
15445,-1,-2,0,-1,-1,0,-2,0
15450,-2,0,0,-2,-2,0,-2,-2
15455,-4,-2,-1,-1,-1,-1,-1,-1
15460,-1,-1,0,-1,-3,0,-2,0
15465,-2,0,0,-2,-1,-2,-1,0
15470,-1,0,1,-2,-2,-1,0,-1
15475,-3,0,-1,0,-1,0,-1,0
15480,1,-1,-1,0,0,2,0,-1
15485,-1,-2,-1,0,0,1,-2,0
15490,-1,-1,-1,-1,-1,-1,-1,0
15495,-3,-1,-1,-1,1,-1,2,-2
15500,-1,1,-2,-3,-2,-3,-1,-1
15505,0,2,-2,0,-1,-2,0,-1
15510,3,0,0,-1,0,0,-1,-1
15515,1,0,1,0,0,-2,-1,-2
15520,0,0,0,1,-1,-2,-1,-2
15525,0,-3,-1,0,-1,-2,-1,-3
15530,-1,-2,-2,-1,0,-1,-1,0
15535,0,-1,-1,0,0,2,2,0
15540,-1,-1,-2,-1,-2,-1,-1,-3
15545,-1,0,-1,-2,-2,-1,-1,-2
15550,-2,-2,0,-1,-2,-2,-1,-1
15555,0,0,-2,1,-2,-2,0,-1
15560,-1,-2,0,-2,-1,-1,-1,-1
15565,-2,-2,-1,-2,-1,-1,1,-1
15570,-1,-1,-1,-3,0,0,0,0
15575,0,-1,-2,-1,1,0,-2,-1
15580,-2,-1,-1,0,0,0,0,-1
15585,0,-1,-2,-2,-1,-2,-3,-1
15590,-3,0,0,0,-1,-1,-1,-1
15595,0,-1,0,-1,-1,-1,0,1
15600,-3,0,-1,0,-1,-1,-2,0
15605,0,-1,-1,-1,0,-1,0,0
15610,0,-1,-2,0,-1,1,0,-1
15615,0,-1,-1,0,-1,-2,-1,-1
15620,0,-2,-1,-1,0,0,-1,-1
15625,-1,0,-1,-1,-2,1,-2,-2
15630,-3,0,0,-1,0,-1,1,0
15635,-1,-1,-1,-1,0,-2,-2,-1
15640,0,-2,-1,-1,-2,-2,-1,-2
15645,1,-1,-1,-1,-1,-1,0,0
15650,-2,0,-1,1,-1,0,1,0
15655,-1,-2,-3,-1,-2,1,-1,-2
15660,-2,-1,-2,-1,-1,-1,0,0
15665,-2,-1,-1,0,0,-2,1,-1
15670,-1,0,0,0,-1,0,-2,-1
15675,-1,-1,-1,0,-1,0,-1,0
15680,0,-1,0,-1,-2,-1,0,0
15685,-1,-2,-1,0,-2,-1,1,-1
15690,-1,0,-3,-1,-1,-1,-1,-1
15695,0,-3,0,-2,-2,-1,-1,-2
15700,-1,-2,-1,0,-1,-1,-1,-1
15705,-1,0,-1,-1,-1,0,-2,-1
15710,-1,-2,0,-2,-2,-1,0,-1
15715,-1,0,-1,0,-3,-1,-2,-1
15720,-1,-2,1,0,0,1,-1,-2
15725,0,-1,0,0,0,-1,-1,-1
15730,1,-1,-1,-2,1,0,-1,-2
15735,-1,-2,0,0,-1,-1,-2,-1
15740,-2,0,-3,-2,0,0,-1,-2
15745,-1,-1,-1,-2,0,0,-1,-1
15750,-1,0,-1,0,-1,-1,-1,0
15755,-1,0,-1,-2,0,-1,1,1
15760,0,0,-2,0,0,-2,-1,0
15765,1,-1,0,0,-1,1,1,1
15770,-1,-2,-1,-2,1,0,-1,-1
15775,-2,0,-2,0,-1,1,-1,0
15780,1,0,0,0,-2,0,0,0
15785,-1,-2,-2,0,-1,-1,-1,-1
15790,-1,-3,-2,0,-1,-2,0,-1
15795,0,-1,-1,0,-1,-1,-3,-1
15800,-1,-1,-1,-2,-1,0,-1,-2
15805,0,1,-1,-2,-1,0,-2,-2
15810,0,0,0,1,-1,1,-1,0
15815,0,-2,0,0,-1,0,-1,-2
15820,-1,-1,0,-2,0,-2,0,0
15825,0,0,-1,0,-1,-1,-1,-1
15830,0,-1,-2,-1,-2,0,-1,1
15835,-2,1,-1,-1,0,-1,0,0
15840,0,-1,-2,-1,1,0,0,1
15845,-2,-1,0,-1,0,0,-1,0
15850,-1,0,-1,-1,2,-1,0,-1
15855,0,-2,0,-2,0,-2,-2,-2
15860,-1,-1,-1,0,-1,-1,-2,-2
15865,-1,-2,-1,-1,1,-1,0,0
15870,-2,-1,-2,0,0,-1,-1,-1
15875,-1,0,-1,-1,-1,-2,0,-2
15880,-1,1,1,-1,-2,0,-1,0
15885,-2,-3,-2,0,-1,-1,0,0
15890,0,-2,-2,-1,-2,-1,0,-1
15895,0,0,-2,-1,0,-2,0,2
15900,-2,-2,-1,-2,0,-1,-1,-2
15905,0,0,-2,-2,-1,-1,1,0
15910,-1,-1,-1,-2,2,-2,-1,-1
15915,-2,-1,0,0,-2,0,-1,-1
15920,0,-2,-1,-3,-2,0,-1,-2
15925,-1,-1,-1,-1,0,0,-2,-1
15930,0,-3,-1,0,0,0,0,1
15935,0,0,0,-1,-1,0,0,-2
15940,0,-1,-1,0,0,-2,-1,-1
15945,0,-1,0,-1,-2,-1,0,-2
15950,0,0,0,-2,-2,-1,-2,-1
15955,-1,-1,-2,-1,-2,-1,0,1
15960,0,-1,-2,0,-1,-2,-2,-1
15965,0,0,0,0,-2,0,-1,-1
15970,1,1,0,0,0,-1,0,-1
15975,-1,-3,0,-1,-1,-2,-1,-2
15980,-1,-1,-1,0,-1,-2,1,-2
15985,-1,1,0,0,1,-1,-3,-2
15990,-2,-1,0,-1,-2,-1,-2,-2
15995,-1,-1,0,-1,-1,0,1,-1
16000,-1,-1,-2,0,-1,-1,0,1
16005,0,-1,-2,-2,-2,-2,1,1
16010,-2,0,-1,-2,0,1,-2,-1
16015,-1,-1,-2,0,0,-1,-1,-2
16020,0,-2,0,-1,-2,-1,0,1
16025,-1,-1,-1,0,0,-1,-1,-3
16030,-1,-1,-1,-2,-3,-2,-1,-1
16035,0,-1,-1,1,-1,0,-1,0
16040,0,1,-1,1,-1,-1,-3,-2
16045,-1,-1,-1,-1,-2,-2,1,-2
16050,0,-2,0,-2,1,0,0,0
16055,0,-2,0,0,0,0,-3,-2
16060,-1,-1,0,-1,0,-1,0,-1
16065,-1,-2,-3,-1,-1,1,-1,0
16070,-1,-2,0,-1,0,0,0,-1
16075,0,0,-2,0,-2,0,0,-1
16080,0,-1,0,0,-1,0,0,-1
16085,0,1,0,-2,-2,-2,-1,0
16090,-2,-1,0,-1,-1,-2,0,-2
16095,0,-1,-1,-1,-2,-2,-2,-1
16100,1,-2,-1,-2,0,-3,-2,-1
16105,0,0,-1,0,-1,-1,-1,-1
16110,0,0,-2,-1,-2,0,0,-1
16115,-2,-2,0,-1,-1,-2,-1,-1
16120,-1,-1,-1,0,0,1,-1,-1
16125,-1,-1,0,-2,0,-2,-2,-2
16130,0,0,0,0,0,-1,0,1
16135,-2,1,0,-2,-1,0,1,-1
16140,1,-1,-2,-1,0,0,-3,-1
16145,-1,-1,1,-1,0,-1,-1,-1
16150,-2,-2,0,-1,-2,-2,0,0
16155,0,0,0,-1,0,-1,0,0
16160,-1,-1,-3,-2,0,-1,-1,0
16165,-1,-3,-1,-1,-3,0,-1,-1
16170,0,-1,-1,-2,-3,-1,-1,-1
16175,-2,-2,-3,-1,0,-1,0,0
16180,-1,1,0,-1,-1,0,0,1
16185,0,-1,-2,0,1,0,-1,0
16190,-1,-2,-1,0,-2,0,-1,-1
16195,0,-2,0,-2,1,-1,-3,-2
16200,0,-1,-1,-1,-1,-1,0,-2
16205,-2,0,-1,-1,-1,0,-2,-1
16210,0,-1,-2,0,1,2,0,1
16215,0,-2,0,0,-1,0,1,-1
16220,-2,0,0,1,-1,-2,1,1
16225,0,0,0,1,-2,-1,-2,-1
16230,-2,-1,-3,-1,0,-2,-1,-2
16235,0,0,-1,0,-2,-2,-1,-1
16240,-2,1,-1,-2,0,-1,-1,0
16245,-1,-2,0,-1,0,-2,0,-1
16250,-1,0,0,-2,-1,-1,-1,0
16255,0,0,-1,0,-1,-1,0,-1
16260,-3,-1,0,-1,-1,-2,0,-3
16265,-1,0,-1,-1,0,-1,1,0
16270,0,0,-2,-1,-1,-2,-2,-1
16275,-1,-1,0,0,0,-1,0,1
16280,0,0,0,0,-1,0,-2,1
16285,1,0,-2,-1,1,0,1,-1
16290,-2,0,-1,-2,0,0,0,0
16295,-1,0,-1,-2,-2,-1,-1,2
16300,-1,0,-1,-1,0,0,-1,-2
16305,-1,1,0,0,-1,-1,-1,-2
16310,1,0,-1,-2,-1,-1,0,0
16315,0,-1,0,-1,1,-1,0,-2
16320,-1,-2,-2,0,-2,-1,-1,-1
16325,-2,-1,-1,0,0,0,-1,0
16330,0,0,0,0,-1,-1,-1,-2
16335,-2,-2,-1,-1,0,1,-2,-2
16340,-1,-1,-2,-2,-1,1,1,-1
16345,0,-3,-1,-1,-1,1,-2,0
16350,0,-1,-1,-1,0,0,-1,-1
16355,1,0,-2,-3,-2,-1,-3,-1
16360,0,-3,-1,0,0,-1,-1,0
16365,-1,0,-3,-2,-1,-1,-1,1
16370,-1,-2,0,1,-1,-1,0,0
16375,-2,-2,1,-1,0,0,0,1
16380,-2,-2,0,-1,-1,-1,-1,0
16385,0,-1,-1,-3,-1,-2,1,-3
16390,-1,-1,-3,0,-1,-2,-2,-1
16395,0,-1,-2,0,-3,-1,-2,-1
16400,1,-1,0,-1,1,-2,-2,0
16405,-1,-1,1,-1,0,-2,0,-3
16410,-1,-1,-2,0,-1,-1,-2,0
16415,-1,-2,-1,-1,0,2,-1,0
16420,-1,1,-1,-1,-1,0,-1,-1
16425,-1,-1,-1,0,2,0,-1,1
16430,-1,0,0,-1,1,0,-1,0
16435,-1,1,0,-1,-1,-1,1,0
16440,-2,-1,-1,-1,-1,-1,-2,0
16445,0,0,-1,-1,-1,0,-2,-1
16450,-2,-1,-1,-1,-1,0,-1,-1
16455,-2,0,-1,-1,0,-3,0,-1
16460,0,0,0,-1,-1,-2,0,-1
16465,-2,-1,-1,-2,-2,0,0,-1
16470,-2,0,-1,0,0,2,1,0
16475,-1,-1,-2,0,0,-2,-2,0
16480,0,1,-1,-1,-2,-1,0,-1
16485,-1,-1,-3,-1,0,2,0,0
16490,-1,-2,-1,-2,1,-1,0,-1
16495,0,-1,-1,0,-2,-2,-1,-1
16500,0,-1,-1,-2,-1,1,-1,1
16505,0,-1,-1,-1,-2,-3,-1,-1
16510,1,-1,1,-1,1,0,0,-1
16515,-3,0,0,-1,-1,-1,-1,0
16520,-1,1,-2,0,-1,-1,-3,-1
16525,0,-1,0,-2,-1,0,-1,-1
16530,0,-2,-1,-2,-1,-2,0,-1
16535,-2,-2,-1,-2,-2,-1,0,-1
16540,0,-2,0,0,-2,-1,-1,-1
16545,1,-2,-1,0,0,0,-1,0
16550,-2,-1,0,0,1,-2,-3,-1
16555,-1,0,-1,-2,-1,-1,1,-2
16560,-1,-1,0,-2,0,0,0,-1
16565,-2,-1,-1,-1,-1,-1,-1,1
16570,1,-2,-1,-1,-1,0,-2,-1
16575,-1,-2,-1,-1,-2,-2,0,-1
16580,-1,-2,-1,-1,0,-1,-1,1
16585,-2,-1,0,-1,-2,-1,-2,-1
16590,-1,-1,0,0,-2,-1,0,-1
16595,1,-1,-1,-1,-1,0,1,-2
16600,-2,-1,-2,1,0,0,-1,0
16605,-1,0,-1,-2,1,0,0,1
16610,-2,1,-1,0,0,-2,-2,0
16615,-1,0,-1,-2,-2,-2,0,-2
16620,-2,-1,-1,-2,-1,0,-1,-2
16625,-1,-1,0,-2,0,-1,1,-2
16630,-1,-2,-1,-1,0,0,0,-1
16635,-1,-1,-2,-1,1,-1,-2,-1
16640,-1,-1,-1,0,-2,-3,-1,-2
16645,-2,0,0,0,-1,-2,-2,-1
16650,-2,-1,0,-1,-2,0,0,0
16655,0,-3,-2,-1,0,1,-2,1
16660,0,-1,-1,-1,-1,-2,1,-1
16665,2,-2,0,0,0,-1,-2,-1
16670,1,1,-1,-2,0,-2,1,-1
16675,-3,0,-3,-1,0,2,0,0
16680,-1,-1,-3,0,-1,-1,-1,-1
16685,-1,-2,-1,1,-1,0,-1,0
16690,0,-1,0,-1,-1,-2,-2,0
16695,-1,-1,1,-1,-1,1,-1,-2
16700,0,1,0,-1,0,0,-1,0
16705,0,-1,-1,-2,-1,-1,-1,-1
16710,-1,-1,-1,-2,-1,0,0,-2
16715,-1,-2,1,1,1,-1,-1,0
16720,0,-1,-1,0,-2,1,-1,-1
16725,-1,0,0,1,-1,-1,-1,-1
16730,0,-1,0,-3,-2,-1,-2,-1
16735,-1,-1,0,-1,-1,0,-1,-1
16740,0,-1,-1,-1,-3,-1,-1,-1
16745,0,-1,-2,0,2,-3,-2,-1
16750,-1,-1,-2,0,-1,-1,0,-3
16755,-1,0,-1,-1,0,0,0,-1
16760,-1,0,0,-1,1,0,-1,-1
16765,-2,0,-1,-3,-2,0,0,0
16770,0,-2,-1,0,-1,-1,-1,0
16775,0,0,0,-1,-1,-1,0,-1
16780,0,0,-2,1,1,0,-1,0
16785,-3,1,-1,0,-1,-3,0,-1
16790,0,-2,-1,1,0,1,-1,-2
16795,0,-1,0,0,0,1,0,-1
16800,-2,-2,-2,-3,1,1,0,-1
16805,0,-1,0,-1,0,-1,-1,-2
16810,-3,0,-2,-1,-1,-2,-1,-1
16815,-1,0,-2,-1,0,-2,-1,-1
16820,-1,-2,-1,-1,-3,-1,-2,-1
16825,0,-2,-2,-2,-1,0,-2,-1
16830,1,0,0,0,-1,0,0,0
16835,1,-4,0,-1,-2,-1,0,0
16840,-2,-1,-1,-1,2,-2,-1,0
16845,-2,-2,-2,-2,2,1,0,0
16850,-1,0,1,-2,-1,-1,0,-1
16855,-2,1,-1,0,1,-3,-3,-3
16860,0,-2,1,-1,0,0,0,0
16865,-1,-1,-1,0,-2,1,0,-2
16870,-2,-1,-1,-2,-2,-2,0,-1
16875,-1,-2,-2,-1,-1,-1,-1,0
16880,-1,-1,-1,-3,1,-3,1,-2
16885,0,-2,-1,-1,0,-1,-2,-1
16890,-1,-2,0,0,-1,-1,1,0
16895,-2,-2,-3,-1,-3,0,-3,-1
16900,-1,-2,0,0,-3,-1,-1,0
16905,0,0,-3,1,0,-1,-2,-1
16910,-1,0,-2,-2,0,0,-2,-1
16915,-1,-2,-1,0,0,-2,0,0
16920,-1,0,-1,-1,-1,-1,1,0
16925,0,0,-1,-2,-3,-2,-1,0
16930,-1,-1,-2,0,-1,-2,-1,-1
16935,0,-1,0,-1,-1,-1,-1,1
16940,0,-1,-2,-1,0,-2,-1,-1
16945,-1,-1,1,0,-3,-3,-2,-1
16950,-2,0,-2,-2,1,0,-1,-1
16955,1,-1,0,-2,0,1,-1,0
16960,0,0,-1,-1,-2,0,1,-1
16965,-2,-2,-4,-2,0,0,1,-1
16970,-1,-1,-1,-1,0,-2,-2,0
16975,-1,-1,0,-1,-2,-1,-1,-3
16980,-1,1,-1,-2,1,-1,-2,-3
16985,0,0,0,-3,0,-2,-1,0
16990,-1,0,0,1,0,0,0,1
16995,-3,0,-3,-1,0,-1,0,-1
17000,0,-1,-1,0,0,-1,-2,-2
17005,-1,-1,0,-1,-3,-2,-2,-2
17010,-1,-2,-1,0,-1,0,-1,0
17015,0,-1,-1,1,-1,-1,-1,-1
17020,-1,-1,-2,1,0,-2,-1,-1
17025,-2,-2,0,-1,0,-2,1,-2
17030,-1,-1,0,0,0,0,-1,0
17035,0,0,0,0,0,-1,0,-2
17040,0,-1,-2,-3,0,1,-1,1
17045,0,0,0,-1,0,1,1,0
17050,0,0,-2,-1,-2,-1,2,-1
17055,-1,0,0,-1,-2,1,0,0
17060,-1,-1,-1,-1,-1,-2,0,0
17065,-1,-2,1,0,-1,0,-1,-1
17070,-2,0,0,-2,-2,-1,0,0
17075,0,-2,-1,-1,0,-1,-1,0
17080,-1,0,0,-1,-1,0,0,-1
17085,0,-1,-1,-1,0,1,0,-1
17090,-1,0,1,-1,-1,-2,0,-1
17095,0,-1,-1,-1,-1,-1,-1,-1
17100,0,-1,-1,-2,-3,-2,-2,-1
17105,-2,0,-3,0,0,-2,-1,-1
17110,-1,-1,0,-1,0,1,-1,-1
17115,0,-1,-2,-1,0,-3,1,-1
17120,-1,-1,-1,1,-1,1,-1,1
17125,0,-1,-1,-1,0,-2,-1,0
17130,0,-1,-2,-3,0,0,-1,-2
17135,1,1,-1,-1,1,1,-2,-1
17140,-1,1,0,0,-2,-1,0,-2
17145,-1,-1,-1,-3,-2,-1,0,-2
17150,-1,-2,-2,-1,-1,-2,-1,-1
17155,1,-1,0,-2,-2,-1,-1,-1
17160,1,0,0,-1,-1,-1,-1,0
17165,-2,0,-1,-1,-1,0,0,-1
17170,1,1,-1,-2,-1,-1,0,0
17175,-2,0,0,0,-2,-1,0,-2
17180,0,-1,-1,-1,-2,0,-1,0
17185,-2,-1,-1,0,0,-2,0,-1
17190,-2,-1,-1,0,1,-2,-1,0
17195,-1,0,0,0,-1,-1,0,-1
17200,-1,-1,0,-2,-1,-1,-1,-1
17205,0,-1,0,0,0,1,-1,1
17210,-1,-1,-2,0,0,0,-1,0
17215,-2,-2,-1,-2,-2,-2,-1,0
17220,-2,-2,-1,-1,-2,-3,-1,-2
17225,0,0,-1,-1,0,0,0,-2
17230,0,-2,-1,-1,-1,-3,0,-1
17235,-1,0,1,0,-1,1,-1,-1
17240,-3,-1,-1,2,1,-1,-1,-1
17245,1,-1,-2,0,-2,0,0,-1
17250,-1,-1,0,-1,-1,-1,-2,0
17255,0,-2,-1,-1,1,-2,-2,0
17260,-1,0,-1,-1,0,0,-1,-1
17265,-1,0,-1,-1,-1,-1,-1,0
17270,0,-2,-2,-1,-2,1,0,0
17275,-1,-1,-1,0,-2,-1,0,-1
17280,-1,-1,-2,0,0,-2,0,-2
17285,0,0,-2,0,1,-1,-1,-1
17290,-1,1,-1,0,-1,0,0,-1
17295,-1,0,-2,-1,0,0,-1,-1
17300,0,0,-1,-1,-1,-1,0,-2
17305,0,-1,0,-3,-1,0,-2,-2
17310,-1,0,-2,-1,-1,-1,-1,-1
17315,-1,1,-1,0,0,-2,0,0
17320,-2,-2,1,-1,0,0,-1,-1
17325,0,0,-1,-1,0,-1,3,0
17330,-2,-1,-1,-1,0,1,-1,-1
17335,-1,0,0,0,-1,-1,0,-1
17340,-1,-1,-1,-1,-1,0,1,-1
17345,-2,-3,-1,-2,-1,-1,-2,0
17350,-2,-3,-1,1,-1,1,-1,-1
17355,-1,-1,-2,-2,-3,-1,1,0
17360,1,-1,-2,-1,0,0,0,0
17365,-1,-1,0,0,-2,0,-1,0
17370,-2,-1,-1,-1,0,-2,0,-1
17375,-2,-1,-1,-1,1,0,-2,-1
17380,0,0,-1,-2,1,0,-1,-1
17385,-2,-1,-1,-1,-1,-2,-2,-2
17390,-1,-3,-1,-1,1,-3,0,-3
17395,0,0,-1,0,0,0,0,0
17400,0,-1,1,-1,0,1,0,0
17405,-1,0,-2,0,0,2,-2,0
17410,-1,-1,0,0,-1,-3,-1,-1
17415,-1,-2,0,0,-1,-2,0,-1
17420,-3,-2,-2,-2,-1,-1,0,0
17425,-1,-1,-1,0,-2,-1,-1,-2
17430,1,-1,-1,1,0,1,1,0
17435,1,-2,-2,-1,0,-2,-2,-1
17440,-1,0,-4,-2,-1,-2,-1,1
17445,-1,-1,-1,-2,-1,-2,-1,-1
17450,-1,0,-1,-1,-2,0,-1,0
17455,-1,-1,-1,-2,-1,-1,-2,0
17460,1,0,0,0,-2,-1,-1,0
17465,1,0,-1,0,0,-1,0,1
17470,-1,0,-2,-1,-1,-3,-2,-1
17475,-3,-2,-2,-1,0,-1,-2,0
17480,-1,-1,-1,1,0,-2,-1,0
17485,-1,-1,-1,1,-2,-1,-1,-1
17490,0,0,-1,-1,-1,-1,-2,-1
17495,-1,-1,-1,-1,-2,0,-2,0
17500,-1,-1,-1,-1,1,-1,-3,-1
17505,0,-1,-1,-1,-1,-2,1,-1
17510,-1,-1,0,-1,0,-1,-1,-1
17515,0,-1,0,-1,1,0,-1,0
17520,-1,-1,-1,-1,-1,-2,-1,0
17525,0,-1,0,0,0,-1,-1,-1
17530,1,-2,-2,-2,-2,-1,0,-3
17535,0,0,-1,-2,-1,0,0,-2
17540,-1,-1,-1,0,0,-1,-2,-1
17545,-1,0,-2,-2,0,0,0,0
17550,-1,0,-1,0,-1,1,-1,0
17555,-1,0,-1,-2,-1,-2,0,-3
17560,-2,0,-2,-1,-2,-1,-1,-1
17565,-3,-1,-2,0,-1,-1,-1,-1
17570,0,0,-1,-1,-1,-1,-1,1
17575,0,-2,0,1,0,-1,0,-1
17580,3,1,-2,-3,-1,-1,0,-1
17585,-1,-1,0,0,-2,-1,0,0
17590,-1,1,-1,0,0,-1,-1,0
17595,-2,0,-2,1,-2,-1,0,-2
17600,0,-2,1,0,-2,-1,-1,0
17605,-2,-1,1,0,-1,1,0,0
17610,-1,0,-1,-2,0,-1,0,-1
17615,1,-3,-3,-1,-2,0,-2,-1
17620,-2,-1,-1,-2,0,1,0,-3
17625,-1,-1,-1,-2,-1,-2,-1,-1
17630,-2,-1,-1,0,-1,0,0,0
17635,-2,-1,0,0,-1,0,0,1
17640,0,-3,0,0,-2,0,2,1
17645,1,0,-1,-3,0,-3,1,-2
17650,0,-2,0,-1,1,0,-1,0
17655,0,-1,-1,0,0,-1,0,-1
17660,-2,0,0,0,1,-1,0,0
17665,-2,-2,0,-1,0,0,2,0
17670,0,0,0,-2,-2,-4,-2,1
17675,-3,-1,0,-1,-1,0,-1,-2
17680,0,-2,-2,-1,-1,0,1,0
17685,0,0,-1,1,0,-1,-1,1
17690,-1,-2,-1,-1,-2,-1,-2,-1
17695,0,-2,1,-2,-1,-1,-1,-4
17700,-1,-2,-2,-1,-1,-2,-1,-3
17705,0,-3,0,-2,-2,-2,-1,-1
17710,-1,-1,0,0,-2,-1,-2,-2
17715,-2,0,-1,-2,2,0,0,-1
17720,-1,-1,-2,0,1,-2,-2,-1
17725,1,1,-1,0,0,0,-2,0
17730,-2,0,-2,0,0,-2,0,-1
17735,-1,-1,0,-1,-1,0,-3,-1
17740,-2,0,1,-3,-2,-1,-1,-1
17745,-1,-1,0,0,-1,1,-1,-1
17750,0,-1,0,0,0,-2,1,-1
17755,-1,-1,-1,-1,-1,0,-1,0
17760,0,0,-1,0,-1,-2,-1,1
17765,1,-2,-3,0,-2,-1,-1,-1
17770,-1,-1,-1,0,-1,-1,0,-1
17775,0,-1,0,0,-1,-1,-1,0
17780,0,-2,-3,-1,-1,0,-1,-1
17785,-2,-1,-1,-1,0,0,-1,-1
17790,0,-1,-3,-1,-2,-2,0,0
17795,0,-1,-1,-2,-1,-1,0,1
17800,0,0,3,-1,-1,1,-3,-3
17805,-1,-1,-3,0,-1,-2,-2,-1
17810,0,-3,-3,-2,0,0,-2,0
17815,-2,0,2,-1,-1,-2,0,-1
17820,0,-2,-2,0,-1,-1,-2,0
17825,-2,0,0,0,0,0,-1,-2
17830,-1,1,0,-1,-1,-1,-2,0
17835,0,-2,-2,-1,0,0,-1,-1
17840,0,0,-1,-2,-1,-1,-2,-2
17845,-1,0,-2,0,2,-2,0,0
17850,-2,0,-2,-2,0,-1,0,-1
17855,-2,-1,-3,-1,-1,0,0,-1
17860,-2,-1,-1,-1,-1,-1,0,-1
17865,0,-1,-1,-1,-2,-1,0,-1
17870,0,-1,0,-2,-2,-1,0,-2
17875,1,0,-2,-1,0,-1,0,1
17880,-2,-1,-2,-1,-1,-1,1,-1
17885,0,1,-1,-2,0,-1,-2,1
17890,-2,-2,0,-1,0,0,1,-1
17895,-2,-2,-2,-2,-3,-2,-2,-1
17900,-2,-1,-3,-1,0,-1,0,-2
17905,-3,0,-2,-2,-2,0,-1,-3
17910,-2,0,-3,1,-2,-1,-1,-1
17915,-1,-1,5,-2,-2,-1,-3,-2
17920,0,-3,-4,0,-1,-2,0,1
17925,0,-1,-1,-1,1,-1,-1,-1
17930,-1,-1,-2,0,1,1,0,-2
17935,-1,-1,0,1,-1,-1,0,0
17940,-1,-1,0,0,1,0,-1,0
17945,-2,-1,1,0,-1,-2,1,-1
17950,0,-1,0,0,0,0,0,0
17955,1,0,-3,-2,0,-1,0,-1
17960,-3,1,0,-2,0,-1,-1,-1
17965,-1,0,-2,-2,-1,0,-1,1
17970,-1,-1,0,-3,-2,-1,-2,-1
17975,-1,-1,-3,-1,-1,-1,0,0
17980,0,-2,-1,-1,0,-1,-1,-2
17985,-1,-1,1,-1,-1,-1,-2,-1
17990,-1,-1,-1,-1,-1,-1,-1,0
17995,-1,-1,-2,-1,-1,-1,-1,-1
18000,-1,0,-2,-1,-1,-1,-2,-1
18005,0,0,-2,-1,1,-1,0,0
18010,-1,1,-1,0,-2,-1,-1,0
18015,1,1,-1,-1,0,0,-1,0
18020,-2,-1,0,-1,-3,0,2,-1
18025,-1,-2,-1,0,0,0,-1,-2
18030,0,1,0,-2,-1,0,0,-3
18035,-2,-3,-1,-1,0,-2,-1,-2
18040,-1,-1,0,-1,-1,-1,-1,0
18045,1,-1,-1,-2,-2,1,-1,-1
18050,-1,0,-2,-2,0,-1,-1,-1
18055,-1,0,-1,-1,0,1,-1,-1
18060,0,-1,-1,-1,-1,-1,-1,-1
18065,-1,0,0,-1,1,-1,-2,-2
18070,0,1,-1,0,1,-1,-2,-2
18075,-1,-2,0,-1,-2,-1,0,-1
18080,0,-2,-2,0,1,-1,0,-1
18085,-2,-1,-1,-2,-2,-1,0,-1
