timestamp,emg1,emg2,emg3,emg4,emg5,emg6,emg7,emg8,hand,pose,orientation,testPerson
0,2,2,7,10,5,3,1,-2,1,0,100,BueBaby!
5,5,5,6,21,9,5,5,5
10,-2,-3,-5,9,2,-2,0,1
15,-5,-6,-8,-7,-9,-4,-3,-5
20,1,0,0,-12,-2,2,0,0
25,2,2,4,-3,2,2,1,1
30,15,10,-3,2,-2,-2,-1,8
35,-6,-9,-8,-5,-7,-7,-5,-3
40,-6,1,1,-1,0,2,2,-2
45,1,2,6,1,1,4,2,3
50,-1,0,-1,-2,-2,-1,-2,0
55,-2,-5,-5,-7,-8,-6,-7,-8
60,-9,-1,0,-6,-2,-2,-1,3
65,21,3,3,4,5,4,5,9
70,-13,-4,-4,7,0,-1,2,1
75,-5,-4,-5,-13,-5,-2,-3,-3
80,-2,-3,5,2,5,2,1,-4
85,-4,1,1,8,4,1,2,0
90,-2,-4,-4,-12,-3,-3,-3,-3
95,-4,-2,0,24,-1,-4,-4,-13
100,3,1,1,8,1,0,2,5
105,-1,0,-1,-2,1,1,0,2
110,2,1,0,-14,4,3,2,1
115,1,5,8,7,5,6,4,5
120,3,1,-4,3,3,-4,-3,-2
125,-12,-11,-3,9,-9,-9,-6,-6
130,2,-1,2,-26,-6,1,0,1
135,-12,-2,3,10,5,4,3,-1
140,-1,1,-5,-8,1,1,3,4
145,-1,-3,-7,-5,-6,-4,-4,-4
150,-3,-1,2,-1,-2,-1,2,2
155,13,1,1,-4,4,4,4,2
160,-2,0,-2,3,0,-2,-1,1
165,-7,-6,-5,-5,-6,-6,-6,-7
170,1,0,3,15,-2,-1,-1,-3
175,4,5,3,-1,5,3,2,2
180,-2,-1,0,7,1,-2,0,-5
185,0,-1,-8,-29,-8,-5,-3,4
190,5,2,3,7,5,2,0,-1
195,-7,-9,2,18,2,-1,0,0
200,-3,-1,0,12,1,0,-1,-1
205,-3,-4,0,7,-4,-4,-4,-5
210,1,0,-1,-7,2,1,1,0
215,3,2,0,-5,1,0,0,0
220,2,0,-4,-12,-3,0,-1,0
225,-3,-1,-3,-5,-2,-2,-3,-4
230,-2,0,1,11,1,-1,-1,0
235,3,3,1,-4,3,1,-1,2
240,-4,-3,-5,-15,-11,-2,0,2
245,0,0,1,22,2,-2,-3,-4
250,-2,-1,-1,2,1,0,-1,0
255,0,3,1,-6,3,0,5,-2
260,-1,-6,-1,2,1,-3,-2,5
265,0,8,-4,-10,-4,-2,-1,-4
270,2,2,-1,-2,1,-2,2,1
275,5,-2,0,5,1,-1,0,0
280,-2,0,0,-1,-1,-1,-1,-2
285,-1,-4,-3,-7,-5,-1,-1,-3
290,0,2,2,8,1,0,-3,-3
295,2,2,0,-1,-1,1,-1,1
300,-1,-2,1,0,0,-3,-1,-3
305,-1,-2,-1,-10,-4,-1,0,-2
310,-3,-2,-2,-2,1,0,-1,-3
315,0,-2,-1,0,0,0,0,2
320,-4,0,-6,-18,-3,0,-1,-2
325,4,-3,-1,25,-6,-2,0,0
330,0,7,2,19,-2,-4,-2,0
335,-1,-2,2,-19,-3,-2,-2,-2
340,-1,0,-4,-23,-5,-3,-1,-1
345,-2,1,-3,-8,0,0,-2,-1
350,1,-4,4,41,3,-1,0,2
355,-6,-1,0,8,5,1,1,-2
360,-7,-1,-5,-12,-5,0,-1,-8
365,-1,-2,-2,-6,-1,-2,-1,-3
370,-2,-3,-4,-12,-2,-2,-4,-5
375,-3,0,-1,-7,1,2,0,4
380,0,-2,0,-7,1,1,0,3
385,1,1,-2,-1,-1,-2,-1,0
390,-8,-5,-2,15,-2,-3,-2,-4
395,-2,-2,1,-11,-2,1,-2,-1
400,2,1,3,-4,1,0,0,0
405,-1,-2,-1,2,-1,1,-1,-2
410,0,-1,-2,-11,0,-1,-1,0
415,-3,-2,-2,-3,-1,-2,-1,-1
420,0,-1,-1,14,-1,-2,-1,-1
425,-2,3,-2,0,-1,-2,-1,-2
430,-1,-2,-1,-4,-5,-3,0,-2
435,-2,-1,0,7,-1,-3,-1,-1
440,0,-2,-3,-13,0,2,-1,1
445,1,1,1,14,4,1,1,-2
450,2,-1,-1,-10,0,0,-3,1
455,-1,-2,1,4,1,-1,-1,-2
460,1,-1,-2,-9,-3,-1,-3,0
465,-2,-3,-2,8,1,0,3,2
470,-1,-1,-3,-7,-2,1,0,0
475,-1,-1,1,18,1,1,0,0
480,-1,0,-1,-4,-2,-1,0,-3
485,2,2,-1,-11,-2,-2,-3,1
490,-26,-16,-5,-5,-3,-1,-2,-3
495,-1,0,-3,-5,0,-1,-2,-3
500,1,1,-4,-5,-6,-3,1,3
505,-2,-3,5,19,3,1,-1,-1
510,5,2,1,8,-2,-1,0,0
515,0,0,-2,-13,0,0,-1,-2
520,-4,-3,-1,12,2,-1,0,-2
525,2,3,-3,3,1,-1,-1,0
530,4,0,-2,-2,1,-1,-2,-1
535,-2,-1,1,-3,-1,0,-1,-1
540,3,1,0,-10,-3,-2,-2,0
545,-2,-2,-2,1,-2,-1,-2,0
550,3,1,-1,-5,-3,0,0,-3
555,0,-3,-2,4,0,0,-1,1
560,-1,-1,0,-1,1,-2,0,-1
565,-3,0,0,-5,-2,1,-1,-1
570,0,0,-3,-22,-4,0,0,1
575,0,1,3,29,4,-2,1,1
580,-3,0,1,9,1,-3,-1,-3
585,0,-1,2,-6,0,0,-1,-2
590,4,1,-2,0,-3,-1,-3,0
595,0,-3,-5,-30,-3,1,1,-2
600,-2,-2,2,4,4,0,-1,1
605,-1,-1,-1,4,5,-1,-1,-1
610,1,2,-2,-6,0,-2,-5,0
615,0,-1,1,18,-3,-1,3,2
620,0,-1,-1,7,3,6,6,4
625,1,0,-2,-8,-5,-3,-3,-3
630,-1,-2,-1,-3,0,1,1,0
635,1,1,3,11,3,-2,-3,-2
640,1,0,-2,-8,-1,-3,-2,-3
645,-1,-3,-1,5,-3,-1,-2,-1
650,0,0,-1,-12,-5,-4,-4,-3
655,-2,0,0,5,1,0,-1,-3
660,1,0,0,2,2,-1,-2,-1
665,-1,0,-1,1,-2,-2,0,-3
670,-2,0,-4,2,-2,-3,-1,-2
675,-1,-2,-4,-44,-5,-2,-1,-2
680,0,-3,8,57,7,-1,-1,-1
685,-1,-2,-6,-59,6,8,4,2
690,1,-1,1,25,4,0,3,0
695,1,0,-8,-2,-10,-1,-3,2
700,1,0,-14,-21,-5,0,3,0
705,-3,-1,20,29,-3,-1,-1,-1
710,-2,-7,-15,-40,-6,0,0,-3
715,0,3,11,0,5,0,0,-1
720,-1,-1,-17,0,-7,-5,-5,-3
725,-1,0,12,6,-4,-4,-3,-1
730,1,4,-1,20,5,2,0,0
735,-2,-2,-8,-14,3,1,1,-1
740,-1,-1,18,6,-2,-3,-1,-2
745,0,-1,-9,1,-4,-2,-5,-1
750,-1,-2,3,-9,2,-4,3,-2
755,2,0,-3,15,-1,4,-1,3
760,-2,-2,0,-1,11,6,4,2
765,-3,-1,-14,-3,-8,-5,1,-2
770,-2,-3,0,-8,-3,-1,-2,-4
775,0,1,6,7,3,-2,0,0
780,-3,1,0,-20,-3,-1,-1,-2
785,1,-3,-2,19,-1,-6,-5,-2
790,-2,0,10,3,-5,-6,-4,-2
795,0,-2,-18,2,5,3,4,0
800,1,2,3,-9,-5,1,-2,0
805,-1,0,-2,1,4,0,1,0
810,-3,-2,4,17,-3,-3,-4,-2
815,-1,0,5,8,2,-1,-1,0
820,-1,1,-7,-26,-3,0,-1,2
825,-1,3,-4,7,0,5,0,0
830,-1,-3,-9,0,0,1,0,0
835,-1,1,10,28,2,0,0,-1
840,0,-3,-9,-49,-5,0,1,0
845,-2,0,2,3,-4,-2,-1,-2
850,-1,0,-6,-9,-1,-2,-3,-2
855,1,1,8,5,0,-5,-1,-2
860,1,-1,2,5,-4,-7,-6,-3
865,0,-1,-17,-7,11,7,6,2
870,-4,-2,11,-10,-20,-1,-3,1
875,1,-1,-6,10,6,0,1,1
880,-2,-3,-2,-39,-11,-5,-4,-1
885,-2,-1,8,9,-5,-7,-1,-2
890,1,1,-9,-11,18,-1,-8,1
895,-3,-3,-1,5,-6,10,9,-1
900,0,0,24,45,12,9,5,3
905,-3,-5,-29,4,-17,-4,-10,-4
910,-1,-2,11,3,3,-1,5,-1
915,0,-1,-5,-29,-6,-13,-13,-3
920,-1,2,5,26,-8,0,-1,-1
925,-1,-5,7,-25,9,6,6,0
930,-1,-2,-9,68,0,0,2,-2
935,-1,-1,6,-9,4,2,3,1
940,1,0,-9,2,-6,-5,-2,-1
945,-1,0,5,15,-5,-11,-11,-5
950,-3,-4,-9,-54,-1,7,9,-2
955,-1,0,3,2,3,5,2,0
960,-1,-2,1,3,2,0,-3,-2
965,-1,-3,-11,18,0,-3,-1,0
970,0,0,29,-4,-2,-4,-4,-1
975,1,-1,-19,-11,-9,-5,-3,0
980,-1,1,34,18,5,0,-4,-4
985,-3,-6,-35,-12,6,-3,0,-3
990,2,2,11,-22,-13,3,2,1
995,1,1,10,54,6,4,0,2
1000,-2,-4,-17,-42,-8,-5,-2,-3
1005,-3,-6,-20,-48,2,-4,-2,-1
1010,1,5,7,38,7,5,1,3
1015,0,0,7,-25,-7,-1,1,-1
1020,-1,-1,-20,-15,0,-3,0,-1
1025,-1,1,26,20,6,0,-2,-1
1030,0,-1,-17,-17,-11,-4,-1,0
1035,0,3,7,38,10,4,0,0
1040,0,-2,-2,13,5,3,2,1
1045,-3,-3,-1,-46,-26,-10,-7,-7
1050,1,2,1,16,3,-3,-1,3
1055,-1,-3,-10,-33,-6,-1,-1,-1
1060,0,-2,-1,3,5,2,-2,1
1065,-3,-5,3,11,-2,-2,-2,-2
1070,2,3,-7,-4,9,5,-1,-7
1075,0,1,3,10,2,3,7,1
1080,-2,-2,-12,1,4,-3,-5,4
1085,-3,-5,-9,-4,-17,-8,-5,-3
1090,-2,0,3,49,3,3,1,2
1095,10,5,-2,-52,1,3,-2,-3
1100,7,-1,7,48,3,-1,-3,-1
1105,2,-3,-8,-53,-8,-1,2,2
1110,-3,2,15,48,8,2,1,1
1115,5,-7,-30,-50,-13,-11,-8,-4
1120,-1,-2,-22,46,-8,-3,-3,-7
1125,4,5,20,55,19,14,5,7
1130,1,0,3,-26,0,3,2,-1
1135,-5,-3,4,-48,-4,-2,-3,4
1140,-4,-2,-12,-43,-6,-5,5,-1
1145,-6,-4,-2,27,-3,-8,-10,-6
1150,1,3,9,0,-2,0,5,6
1155,-3,3,6,18,5,3,6,3
1160,-10,-5,-8,-55,-2,1,-4,1
1165,-9,5,3,9,0,-1,0,-1
1170,0,0,-9,-24,1,-1,5,-7
1175,-9,-2,13,12,-5,-5,-9,4
1180,-1,-2,1,43,-1,2,1,-4
1185,0,-1,-3,-72,2,1,1,0
1190,-1,-9,-18,-2,-6,-3,-7,0
1195,0,5,25,24,8,4,2,-6
1200,0,0,-16,-33,-2,0,0,1
1205,1,-3,19,43,-4,-4,-4,-6
1210,-1,0,14,0,-1,-1,-1,-2
1215,0,-4,1,15,5,3,3,-1
1220,7,4,6,4,2,-2,-4,-3
1225,7,5,5,4,-5,-1,3,2
1230,0,0,0,13,0,-4,-3,-2
1235,-5,-4,1,24,0,1,-3,-2
1240,2,3,11,-13,4,3,2,-1
1245,-1,-1,-14,18,1,2,1,2
1250,-4,-5,-13,4,-1,-1,-5,-8
1255,3,0,-6,-21,-6,-3,-2,-4
1260,-1,0,3,18,-1,-1,2,3
1265,-3,-4,3,5,-1,6,3,-1
1270,-2,-1,-6,-62,-8,-8,-7,-7
1275,0,0,4,17,6,4,3,11
1280,-5,0,1,-20,-9,-3,5,-1
1285,-1,0,-9,-3,0,1,-3,-8
1290,1,-2,-11,-6,-3,-1,-1,4
1295,0,3,12,46,5,-1,-3,-4
1300,-2,-4,17,12,1,0,0,1
1305,1,2,-16,-6,-4,-2,0,-3
1310,-2,-3,-23,30,-1,-3,-1,0
1315,0,0,29,4,-1,-3,1,0
1320,-3,-5,-5,34,1,-1,-1,-1
1325,1,3,22,-46,-3,-1,1,2
1330,12,8,4,1,3,2,1,0
1335,-1,-11,-30,44,1,0,-1,-3
1340,3,4,26,-53,-9,-3,-3,-1
1345,-1,-5,-38,46,2,-2,-1,1
1350,-3,-2,-8,-80,-8,-1,-2,-1
1355,3,5,5,-4,2,2,3,1
1360,-3,-3,2,8,8,-1,-2,0
1365,2,2,16,2,-6,0,-2,0
1370,-8,-9,-7,-16,-4,0,-2,0
1375,-2,3,16,-7,-3,3,2,-2
1380,-2,1,-18,14,4,0,0,-2
1385,-3,0,20,39,-2,-5,-3,1
1390,-4,-2,3,10,-6,-4,-4,-4
1395,-2,-1,-3,-18,1,-2,-1,-1
1400,1,0,2,27,0,-2,1,0
1405,0,-2,-51,-20,0,-1,-1,1
1410,-3,0,19,10,-3,0,-2,-1
1415,0,-1,-5,-13,0,4,0,-2
1420,-1,1,-13,68,4,1,1,1
1425,-4,0,25,-85,-6,2,0,-1
1430,-3,-6,-20,-5,-3,-3,-4,-3
1435,-3,0,0,39,2,-4,-4,-3
1440,-1,-3,-8,-13,-4,0,-2,0
1445,-1,-3,17,-20,1,-1,3,0
1450,1,5,11,20,4,0,-2,1
1455,-1,-5,-9,-18,-1,0,0,-1
1460,0,-3,-19,19,-4,-2,-2,-1
1465,-1,-2,-8,-70,-9,-4,-3,-1
1470,-2,0,28,33,2,-1,-3,-4
1475,0,0,-29,-3,-4,-4,-4,-2
1480,-1,-1,4,4,4,1,0,0
1485,-1,2,24,13,3,2,-1,0
1490,1,-1,-25,1,1,-1,0,0
1495,-2,-3,-11,-16,-5,-2,-1,-1
1500,-1,1,13,8,-2,0,0,-1
1505,0,0,0,25,3,0,-1,-2
1510,-2,-1,5,1,-2,-3,-3,-1
1515,0,-1,-11,-2,2,1,-1,2
1520,-2,-1,17,-36,-2,1,-2,-1
1525,-1,-1,1,23,2,-2,-2,-1
1530,0,-2,0,3,-4,0,-1,-1
1535,-2,0,-6,12,2,-2,0,0
1540,-1,0,-13,-41,-3,1,0,-2
1545,0,0,0,22,1,0,0,0
1550,16,10,34,2,3,2,3,7
1555,-17,-19,-39,5,-4,-2,-1,-6
1560,1,1,16,-12,-3,0,1,1
1565,-21,-2,-12,14,2,-2,-3,-11
1570,1,-1,-9,-1,-2,-4,-9,-5
1575,25,12,38,-27,-1,0,6,7
1580,7,-4,-46,5,3,-1,4,6
1585,24,-2,28,17,9,2,-14,-1
1590,-47,-7,12,-5,-15,-2,10,-16
1595,-25,0,0,-9,3,1,-9,2
1600,9,-1,-5,-12,-15,-7,-10,-11
1605,-34,6,-11,65,25,11,37,21
1610,12,-2,-26,-96,-33,-7,-12,-20
1615,6,0,9,35,11,1,2,2
1620,-32,-5,17,19,1,-1,-19,-13
1625,14,-2,-45,-37,-30,-9,-12,0
1630,3,-2,16,88,17,1,4,4
1635,-20,-8,4,-27,-8,-5,-6,-7
1640,16,7,-5,-8,5,2,6,6
1645,7,-3,-2,11,0,-3,-2,-8
1650,-2,-1,-12,-12,0,-2,2,10
1655,7,0,-9,1,1,1,0,-4
1660,5,6,21,31,16,7,3,5
1665,-4,-12,-18,4,-8,-1,1,-1
1670,-6,-1,-5,-33,-1,-6,-5,1
1675,7,4,3,15,-7,9,4,4
1680,-1,11,28,-4,34,-8,-2,-4
1685,-10,-14,-17,-8,-28,1,-2,-5
1690,13,10,22,50,23,9,5,8
1695,1,3,1,-52,-25,-10,-3,-3
1700,-4,-6,-20,-34,-14,3,8,5
1705,5,3,23,-11,7,-4,-7,-4
1710,4,-5,-58,28,7,-3,0,5
1715,0,0,38,28,4,-3,0,-2
1720,-7,-2,-10,7,-5,0,-4,-2
1725,0,0,-17,-13,-5,-11,-9,-4
1730,-1,-5,11,15,-3,5,0,-1
1735,-3,3,4,-2,5,0,-1,0
1740,2,-4,-18,-10,-8,-2,2,0
1745,1,2,10,11,5,0,1,-1
1750,0,-1,-4,-16,-2,2,-3,0
1755,3,-1,-14,-2,0,-2,-4,-1
1760,0,-5,6,-20,-7,-1,4,1
1765,0,2,6,13,2,0,-1,2
1770,-4,-2,-1,-39,-4,-2,-2,0
1775,-10,-2,-5,-22,3,-1,-4,2
1780,2,1,2,19,-4,1,1,-2
1785,-2,1,-5,-1,-1,-1,-1,-2
1790,-3,-7,-9,-29,-8,-3,-2,-2
1795,5,1,1,25,5,1,3,-4
1800,-1,-2,-1,-7,-2,0,0,0
1805,-2,-1,2,16,3,1,-1,0
1810,3,-1,3,-15,0,-1,0,-1
1815,1,-2,-4,-25,-7,-2,1,-1
1820,-3,0,7,6,1,-1,-1,1
1825,2,-1,2,-22,-1,-4,-2,-2
1830,-2,-1,4,19,1,2,-1,0
1835,0,1,-11,-13,3,0,2,1
1840,-2,-3,-6,18,-8,-4,-3,-1
1845,-3,-1,3,-8,0,1,1,-1
1850,1,0,4,10,6,6,1,1
1855,2,-1,-7,-4,1,-1,-2,-1
1860,2,-1,5,25,2,0,-2,-1
1865,2,2,7,-61,-8,-3,-3,0
1870,-6,-8,-17,-5,-5,-6,-4,-4
1875,1,0,-1,12,3,1,-1,-1
1880,-1,1,-4,-13,-4,-1,1,1
1885,-1,1,5,32,4,0,0,-1
1890,-2,1,2,13,1,1,-1,-1
1895,-1,-4,-7,-46,-7,-2,-3,-1
1900,-3,-3,-1,3,1,-1,0,0
1905,0,-1,-4,24,1,0,-2,-1
1910,0,-1,7,-18,-3,-2,-1,-1
1915,-1,0,-4,-6,2,-1,-1,0
1920,-3,-3,3,-42,-4,-1,1,-2
1925,-1,-3,0,-27,-1,-1,-2,0
1930,-2,-1,-2,16,-2,-2,0,0
1935,2,2,-3,15,1,0,3,-2
1940,0,0,1,32,0,0,0,0
1945,-7,-5,3,6,0,-2,-2,-2
1950,-1,1,2,6,-1,0,-1,1
1955,1,-2,-8,-2,-3,1,1,0
1960,-11,-3,-12,15,1,0,-1,-1
1965,0,-1,9,9,0,-3,-2,-2
1970,1,0,6,16,-1,-1,-1,-1
1975,-2,-1,3,11,-2,-3,-1,0
1980,3,0,-10,-17,-1,-1,-2,2
1985,0,-1,-8,26,0,0,-2,0
1990,-3,-2,-5,-45,-4,-1,-2,-2
1995,1,2,13,11,3,0,0,-2
2000,1,-1,2,-10,0,0,-2,-1
2005,-1,0,-4,-3,-4,-1,-1,-2
2010,2,0,1,11,2,1,0,1
2015,-2,0,0,0,-3,-1,-2,0
2020,0,0,4,6,-2,-1,0,1
2025,-2,-2,-2,-62,-5,-2,-1,-2
2030,0,1,0,46,2,0,0,-1
2035,-1,-4,-4,-29,-6,-1,-1,0
2040,-1,-5,1,31,1,-3,-2,-2
2045,0,-1,3,7,-2,-1,-1,0
2050,1,1,1,10,2,-1,-2,-1
2055,-1,-1,-2,4,4,0,0,-1
2060,1,-1,-4,-58,-9,-1,0,0
2065,3,-5,-9,-9,-5,0,0,-2
2070,-4,-4,-2,15,-4,-3,-4,-4
2075,0,-2,4,4,4,1,0,0
2080,0,3,3,3,0,-2,-1,-1
2085,0,-1,-1,26,0,-1,1,0
2090,1,2,1,-19,0,2,2,1
2095,-1,-3,-4,21,-1,0,-1,-2
2100,-1,-1,-4,15,1,-1,0,0
2105,-3,-2,-7,-47,-5,-3,-1,-2
2110,1,1,-3,19,-1,0,0,0
2115,-2,-1,7,23,4,-3,-3,-1
2120,2,1,2,-3,-2,1,1,0
2125,-1,-2,-1,40,3,0,0,-1
2130,0,-2,-4,-30,-3,0,-2,0
2135,1,1,-2,-1,-2,0,-1,0
2140,-2,0,3,-15,-2,-1,-2,1
2145,-1,1,0,15,-1,-3,0,-2
2150,0,-1,0,19,3,1,2,-1
2155,0,0,6,-32,-3,0,1,0
2160,-2,-3,-2,-29,-2,-3,-1,-3
2165,-2,-3,-3,-3,-1,-4,-3,-2
2170,-2,-1,2,-1,-1,-1,-2,-3
2175,0,2,-1,12,-1,-3,-3,0
2180,2,2,-2,2,1,2,0,0
2185,0,-1,4,16,3,4,0,1
2190,0,-3,-2,-8,-9,-2,1,-1
2195,0,0,-1,16,3,-1,0,-1
2200,-1,-2,-1,10,2,-2,-2,-2
2205,-1,2,-2,-1,-2,-3,-2,-2
2210,-2,-2,-6,-24,0,-2,-2,-1
2215,-1,-2,-5,7,-3,0,0,0
2220,-1,0,3,27,0,0,-1,-1
2225,0,0,-11,-1,-6,-2,-2,-1
2230,-3,0,5,-19,-5,-2,1,0
2235,-2,-1,-1,6,1,-3,0,-1
2240,-1,0,-2,-12,1,0,-2,0
2245,-1,1,7,18,3,1,1,0
2250,0,-2,-13,-20,0,-1,-3,-2
2255,0,0,-2,-3,-3,0,0,-1
2260,0,0,8,10,1,0,-1,-2
2265,-1,-1,0,6,0,-1,1,-1
2270,0,0,2,-7,2,2,0,0
2275,-1,-4,-5,-7,0,-2,-1,0
2280,2,1,-3,5,-2,-1,-2,-2
2285,-1,0,-1,-39,-7,-3,-1,-2
2290,0,-2,3,5,4,0,-1,-1
2295,-1,-3,-10,11,-2,-3,-2,0
2300,-2,-3,-5,-46,-5,-1,-1,0
2305,-2,-1,6,13,-2,-2,-1,-1
2310,-1,-1,3,8,-3,-1,-1,0
2315,2,2,10,6,10,8,3,3
2320,0,-1,-11,13,-2,-1,-2,0
2325,-1,-1,-11,-9,-5,-6,-3,-4
2330,-1,2,1,-23,-2,-5,-1,-2
2335,-2,0,6,22,-4,-3,-5,-2
2340,-4,-2,5,-10,1,2,2,1
2345,0,-2,-2,-10,1,3,0,3
2350,1,-3,-11,5,-1,0,0,0
2355,1,2,0,13,-5,-5,-2,-1
2360,-2,-6,3,19,-5,-8,-4,-2
2365,-1,-2,5,18,-9,-5,-1,-3
2370,-1,1,7,12,6,7,1,-1
2375,-2,-1,-5,1,-1,-1,0,0
2380,-2,-1,-15,-12,-3,2,1,1
2385,1,2,-1,-2,5,-3,-1,-1
2390,1,2,10,9,-14,-6,-5,-1
2395,-2,-6,-13,-38,-15,6,4,-2
2400,-1,-1,-6,7,9,0,1,0
2405,-3,-3,-8,10,-8,1,-1,-2
2410,0,0,-13,-18,12,-2,0,0
2415,0,7,52,-1,6,-5,-2,-1
2420,-1,-3,-29,-7,-15,-2,2,1
2425,-5,-7,1,33,15,4,-2,-1
2430,2,-2,-11,-3,5,-1,1,1
2435,0,-2,6,-10,-5,-2,-2,-1
2440,-1,-1,2,-7,0,-3,-1,-2
2445,-2,-2,1,-33,-8,1,1,0
2450,-3,-5,-16,9,-3,0,-1,-1
2455,-1,-5,-23,-14,1,-1,-1,-1
2460,0,4,-10,-5,0,-1,0,-2
2465,-1,0,11,-9,1,-2,-1,0
2470,0,6,25,2,0,3,2,1
2475,-1,-1,19,33,1,-2,0,-1
2480,8,0,13,-22,-2,-2,-4,-3
2485,-12,-3,0,32,5,2,0,-1
2490,0,2,13,-22,1,1,2,2
2495,5,-4,-22,-9,-2,-2,-3,-2
2500,-12,4,42,51,2,-5,-6,-4
2505,3,-9,-58,-56,-2,1,1,0
2510,-36,3,33,31,-6,-2,0,-4
2515,42,-7,-53,-21,-6,-4,-6,-2
2520,10,-5,-12,-19,-9,-4,-3,1
2525,22,13,29,2,7,6,-1,-8
2530,10,2,7,31,7,8,9,16
2535,-41,-8,-9,-2,0,-2,-4,-6
2540,-4,-1,-12,-7,-3,-8,-8,-5
2545,15,0,-26,6,-1,-2,4,11
2550,19,2,-11,3,3,5,-12,-3
2555,9,-3,28,-16,2,1,22,2
2560,-23,-7,1,-3,-3,-6,-33,-26
2565,-13,3,8,13,1,6,24,12
2570,19,1,-13,2,6,9,6,12
2575,-4,-2,-10,10,-5,-7,-29,-35
2580,13,3,8,-1,1,6,36,29
2585,-9,-1,-1,-7,-3,-5,-11,-8
2590,-2,-1,-2,-12,-1,-4,-3,-7
2595,-12,0,6,-3,0,0,-5,6
2600,-8,-5,-10,-3,-3,-4,-14,-24
2605,-3,2,17,7,-3,0,-4,16
2610,0,-4,-3,-10,1,-1,2,-9
2615,-1,3,0,4,-2,-1,0,0
2620,-1,-3,-8,5,-1,1,-5,-2
2625,5,0,4,2,-1,2,9,-1
2630,2,2,0,-5,-1,-5,-9,-7
2635,-15,-7,-3,-6,-1,1,0,12
2640,-1,-1,-6,-15,-4,-3,3,3
2645,-3,-2,4,7,2,1,-6,-4
2650,-4,-1,5,23,4,-5,1,2
2655,-3,3,-4,17,-6,-3,1,-2
2660,-1,-6,-1,-46,-2,3,6,8
2665,-1,1,-5,-7,-3,-4,-7,-6
2670,-3,-2,7,-9,-4,1,5,-2
2675,1,-1,16,13,4,2,2,6
2680,2,2,-46,9,-1,-3,-1,-1
2685,13,6,15,-9,-4,-4,-4,-5
2690,-4,-6,-14,4,2,0,-2,-1
2695,1,0,6,-13,-2,-1,-1,2
2700,-4,-2,6,3,-1,0,4,1
2705,-2,-2,-3,-4,-2,-7,-7,-7
2710,-1,-3,9,0,-1,-2,2,2
2715,0,4,-35,-10,0,2,1,2
2720,1,1,8,12,2,2,0,1
2725,-7,-7,-2,2,-5,-5,-4,-3
2730,-1,-3,0,-9,-5,0,-1,-5
2735,0,5,-2,-2,2,0,2,-1
2740,-1,-5,17,11,4,1,1,0
2745,0,-8,-15,-6,-5,-3,-5,2
2750,-13,-1,4,-11,-3,-3,-1,-2
2755,-3,3,8,0,0,0,1,-7
2760,1,5,-2,9,0,1,7,7
2765,-3,-3,10,-4,-4,-5,-11,1
2770,1,-1,-12,-13,-9,-6,14,16
2775,9,6,1,9,6,8,13,22
2780,1,2,14,17,11,9,5,-3
2785,-6,0,19,-11,6,-5,-8,-6
2790,-1,-6,-46,-26,-19,-2,-2,0
2795,-1,-2,4,5,6,-3,-6,-5
2800,1,1,8,-10,0,-1,-5,-2
2805,-3,-5,-17,5,-10,-5,4,-3
2810,2,2,11,8,5,-1,-7,-7
2815,0,-1,10,0,1,-1,-3,-4
2820,0,1,1,6,1,1,-3,-2
2825,-5,-2,2,-2,1,-2,-2,-4
2830,0,0,3,-5,-3,-1,-2,-5
2835,-2,-1,-2,-3,-2,1,0,6
2840,2,2,9,6,3,-1,-2,-6
2845,-7,-2,-9,0,-4,-1,3,8
2850,1,-1,-2,-2,-6,-5,-3,2
2855,0,0,3,5,3,-3,-10,-12
2860,1,1,0,-16,-8,6,26,27
2865,-2,-1,-5,-1,0,6,-22,15
2870,2,2,10,25,4,-4,21,-23
2875,0,0,1,-34,2,-1,-3,19
2880,3,-1,-14,19,-3,-2,1,-1
2885,-3,-3,-1,1,-2,0,1,-6
2890,0,1,3,-5,4,0,-17,1
2895,1,1,6,16,-2,-3,2,-4
2900,-3,-1,-2,-5,-2,-6,-13,-10
2905,-1,0,-2,-6,0,0,9,-8
2910,-1,1,-1,5,3,2,-7,-2
2915,-2,-1,-4,-3,-3,0,7,-10
2920,-2,-2,-5,-6,-3,-1,-5,0
2925,-3,-1,6,2,-1,-6,-4,-13
2930,0,0,2,-8,-5,-2,-1,6
2935,-2,-1,-4,-3,12,1,-3,4
2940,-1,-1,-13,-2,-31,5,0,-4
2945,-2,-4,14,12,22,4,2,-3
2950,-1,-1,1,-9,5,-2,-2,0
2955,0,1,2,-17,-4,-5,-15,-3
2960,-1,0,8,44,19,2,8,-2
2965,1,1,-9,-11,-11,-1,3,-4
2970,-2,-5,1,-10,4,3,-2,3
2975,-1,-2,-10,-24,-19,-7,-3,-10
2980,0,0,10,-13,17,-4,0,6
2985,-3,-2,-2,21,-6,0,1,-13
2990,0,3,0,-25,6,1,2,7
2995,2,3,-15,-63,-18,5,6,3
3000,-3,-5,4,44,6,-5,-8,-5
3005,-2,-2,-7,53,-5,-9,-18,-5
3010,-2,-6,9,-60,-10,3,12,-15
3015,8,7,-32,-91,-10,19,15,9
3020,-10,-13,12,24,20,-18,-15,-13
3025,-5,-8,8,73,-12,-13,-8,-1
3030,-4,-2,-6,-51,-12,-1,-7,3
3035,17,4,3,-34,-8,0,-7,-3
3040,2,-4,-18,-79,-6,5,13,-5
3045,-5,0,-6,-19,18,2,5,14
3050,0,2,0,43,-11,-4,-39,1
3055,-6,-3,8,42,16,6,37,-2
3060,1,2,-5,-7,-22,-9,-8,8
3065,-1,-1,-2,-13,-2,-1,-2,-18
3070,-4,0,-8,-6,1,1,1,-17
3075,-8,-5,5,41,11,-4,3,7
3080,-1,-1,-2,2,-2,-4,-24,-12
3085,-22,4,0,-40,-6,6,25,6
3090,4,-10,-3,14,8,2,6,-12
3095,2,16,8,36,0,-11,-15,-3
3100,-99,-43,-1,9,2,3,-21,-18
3105,72,15,27,-56,-11,0,-8,-3
3110,-16,17,-14,20,10,3,21,23
3115,98,-3,-3,33,2,-6,-7,21
3120,-71,-2,-12,-5,-5,0,17,-45
3125,-27,-28,-6,-35,4,5,-13,-5
3130,0,27,16,26,4,0,-13,-17
3135,-85,-26,1,-13,-5,-2,5,57
3140,47,6,-14,-10,-3,-6,-15,-38
3145,29,-8,-34,-5,4,1,5,8
3150,20,-3,4,9,0,-3,0,-19
3155,-23,0,9,6,2,-2,-10,-35
3160,16,3,-14,-11,-4,0,-2,20
3165,-31,-1,1,-2,-4,-2,-3,-18
3170,10,0,10,-16,-6,2,14,25
3175,-8,2,3,13,7,-2,-8,-19
3180,19,8,20,-2,4,5,10,27
3185,20,13,0,-6,-10,1,7,10
0,7,8,10,6,15,10,10,7,1,0,100,BueBaby!
5,-6,-7,-18,-13,-12,-9,-9,-7
10,-4,-4,-2,28,-6,-5,-4,-5
15,2,-1,10,-3,5,0,1,0
20,4,7,7,10,5,4,4,5
25,-3,-1,-5,-5,-3,-5,-5,-3
30,-5,-6,-9,-13,-7,-5,-6,-4
35,1,2,0,-1,0,3,3,1
40,5,5,1,-21,7,8,8,6
45,-4,-5,2,57,0,-8,-5,-5
50,-6,-4,0,-15,-3,-6,-5,-6
55,1,0,2,-6,2,3,2,1
60,4,4,6,9,9,6,6,6
65,-4,-3,-12,-32,-9,-4,-4,-2
70,-2,-5,-6,-4,-7,-5,-4,-5
75,2,2,6,30,6,4,2,1
80,3,3,5,2,3,3,2,2
85,-3,-3,-8,-32,-10,-6,-5,-4
90,-3,-1,-3,8,5,0,-1,-2
95,1,4,4,20,7,3,2,0
100,0,0,1,15,1,0,2,0
105,-4,-5,-3,-1,-4,-5,-6,-4
110,0,-2,-1,-27,-5,0,0,-1
115,1,1,-3,-16,-1,1,2,2
120,-11,-13,-15,0,-16,-17,-14,-13
125,1,1,8,3,2,4,1,0
130,6,6,11,1,9,8,8,5
135,-2,1,-4,2,3,-3,-1,-1
140,-9,-8,-12,-14,-11,-9,-11,-8
145,2,0,3,5,4,2,-1,0
150,1,5,4,13,5,7,4,3
155,1,2,-2,9,1,-2,0,1
160,-7,-7,-13,-41,-15,-9,-7,-7
165,1,-2,2,-5,-2,-2,-1,-1
170,5,4,10,31,10,5,5,4
175,-1,0,-3,7,0,-2,0,0
180,-6,-6,-9,-1,-11,-8,-8,-7
185,-1,0,1,-15,-2,1,1,0
190,4,6,5,-11,5,5,3,4
195,-2,-4,-3,6,-1,-4,-3,-2
200,-5,-6,-4,-3,-6,-6,-5,-5
205,1,-2,0,-3,1,1,-1,0
210,3,3,2,7,4,3,1,3
215,-1,-1,-3,-7,-4,-4,-2,-1
220,-3,-3,-8,-2,-4,-2,-2,-3
225,0,-1,1,2,-1,0,1,-1
230,2,1,-2,3,6,4,4,3
235,-1,-2,3,-9,-4,-3,-3,-2
240,-2,-4,-1,-5,-6,-3,-3,-2
245,-1,1,-2,1,-1,1,0,-1
250,0,-1,0,-8,1,0,1,1
255,0,1,-5,-10,0,0,1,0
260,-3,-3,-2,6,-1,-3,-3,-2
265,-3,1,-2,0,1,-2,-3,-3
270,1,2,1,-12,2,2,3,3
275,-1,0,0,8,1,1,1,0
280,-3,-3,-2,2,-3,-3,-3,-4
285,1,0,0,2,-1,-1,-1,-1
290,1,0,3,3,1,0,2,0
295,-1,-2,-6,-13,-4,0,-2,0
300,-2,-1,2,4,-4,-4,-4,-4
305,0,-2,2,9,2,-1,-3,0
310,1,0,0,3,3,0,0,-1
315,-2,-1,0,0,-3,-2,-3,0
320,0,0,-3,-14,0,0,0,1
325,-1,0,-2,-3,-1,1,1,-1
330,0,0,0,7,-3,0,0,-1
335,-1,-3,-4,-9,-2,0,-3,-1
340,-1,-1,-5,-15,-2,0,-1,-2
345,0,0,7,34,4,-1,-1,1
350,1,2,0,-3,0,0,0,0
355,-1,-3,-1,2,-2,-2,-2,-3
360,0,1,-4,-21,-6,-1,0,-1
365,2,1,-6,-13,2,1,1,2
370,0,-1,5,-1,1,-2,-3,-2
375,-1,-2,2,36,4,-4,-2,-1
380,0,-2,3,6,0,0,0,0
385,0,-1,-5,-8,-3,1,2,-1
390,-1,-2,-1,-12,-3,1,-2,1
395,-3,-3,-6,-15,-5,-4,-2,-2
400,-1,-1,1,10,2,-1,0,0
405,-2,-1,-1,-7,-2,-1,1,-1
410,-1,0,-2,0,-1,-1,-3,0
415,-1,-4,-2,-2,-4,-2,-3,-4
420,0,0,1,6,1,-1,0,-2
425,-1,-2,1,-7,-3,-1,-2,1
430,-2,0,0,5,0,1,-1,-1
435,-1,-2,-4,-1,-3,-2,-1,-1
440,0,0,0,2,1,0,-1,-1
445,-1,-2,1,-3,0,0,0,-2
450,-1,-1,-1,1,-2,-1,-1,0
455,-2,0,-5,-10,-5,-1,-1,-1
460,1,0,2,7,2,1,0,-1
465,0,0,0,-3,-2,-2,-2,-1
470,0,0,-1,2,-2,-1,-2,-2
475,-2,-2,-2,-8,-2,1,-1,-1
480,-1,1,0,-5,4,0,1,2
485,-1,0,-2,-10,-3,0,-1,-2
490,-1,-1,2,24,2,-2,1,0
495,-2,-2,-1,-16,-6,-2,-2,-3
500,0,-2,5,12,4,0,2,1
505,0,0,-3,-10,2,0,-1,0
510,2,-2,-4,-8,-1,0,1,1
515,-2,-1,-2,2,2,-1,-2,-3
520,1,0,-1,9,-2,3,2,0
525,-2,0,2,8,-3,-1,0,0
530,-2,-1,-4,-10,-1,-3,-1,0
535,-1,-2,-2,-1,-4,-4,-3,-2
540,1,-1,1,-8,0,1,-1,-1
545,0,1,0,5,-1,0,-2,1
550,-1,1,0,-3,-1,0,0,-1
555,-3,-3,-4,-4,-1,-2,-3,0
560,0,-1,2,6,-1,0,0,-1
565,1,-1,0,-1,-1,-1,2,0
570,0,0,-1,-2,-1,-2,-1,-1
575,-2,-2,0,1,-3,-3,-2,-4
580,-1,1,1,-3,1,-1,0,-1
585,0,0,0,0,1,-1,1,1
590,1,1,-3,-13,0,0,1,0
595,-2,-3,-2,7,-5,-2,-2,-1
600,0,-2,-2,3,4,0,0,-2
605,-2,0,6,10,2,-1,-1,-1
610,-1,1,-2,2,-1,-1,1,0
615,-1,-2,-3,-8,-2,-3,-1,-2
620,-1,0,-1,-11,-2,1,-1,0
625,-1,-1,-2,-2,1,0,1,0
630,-1,-1,-1,-9,-2,2,-1,0
635,-1,-1,-4,-10,-1,0,-2,-1
640,1,-1,4,26,0,-1,-2,0
645,-1,-2,-1,5,0,1,-3,-1
650,-2,0,3,3,0,-1,0,-2
655,-1,-2,-5,-22,-5,-2,0,-1
660,-1,1,-2,-4,-1,-2,0,0
665,-1,1,2,22,5,0,-1,1
670,-1,-2,0,-8,-2,-1,0,-2
675,-3,0,0,12,-2,-2,-2,-2
680,0,0,2,-18,-3,-2,-1,-2
685,-1,-1,-2,0,-2,0,-1,-1
690,-2,-2,-4,4,0,-4,-2,0
695,-1,-2,-3,-1,-1,-1,-3,1
700,-1,0,-1,5,0,2,1,-1
705,0,-1,-1,-10,-2,-1,0,0
710,-1,0,-3,2,-3,-2,-1,-2
715,-2,-1,-1,1,-2,-3,-1,-1
720,0,0,-3,-11,-2,0,0,1
725,0,-2,2,26,4,1,0,1
730,-2,0,-4,-17,-3,-3,1,0
735,0,0,5,42,7,-1,-1,-2
740,0,0,-1,-27,-2,0,0,2
745,0,0,-1,4,1,1,1,1
750,0,-2,-2,-3,1,0,1,0
755,0,-2,-2,-13,-3,-2,-2,-2
760,0,0,1,4,1,1,0,1
765,-2,-1,-2,-8,-6,-1,-2,-3
770,0,0,-1,4,1,0,-2,-1
775,-2,-3,-4,-7,-4,-2,-1,-1
780,1,-1,2,11,5,1,1,1
785,-1,0,-2,-16,-4,-2,-1,-1
790,-1,-1,1,11,0,-2,-3,-1
795,-1,0,-5,-5,-2,-1,-3,-2
800,1,2,3,0,4,4,3,3
805,-2,-2,2,8,2,0,-1,0
810,-1,-1,0,1,-2,-2,-1,-1
815,-2,-3,-3,-10,-5,-5,-4,-3
820,-2,1,3,2,-2,-2,-1,-1
825,1,0,-2,-9,0,0,0,-1
830,-2,-2,-2,5,-1,1,0,-2
835,-2,-2,-3,-8,-4,-2,-2,-1
840,1,1,-2,-10,-4,0,-1,0
845,-1,2,1,6,0,-1,0,1
850,-1,-3,1,-15,-5,5,2,0
855,-2,-4,2,7,5,-8,-4,-5
860,1,2,6,9,3,-1,-1,-1
865,-4,-3,-9,-14,3,9,7,-5
870,-4,-2,-8,4,-4,-1,1,-3
875,-3,-3,1,-8,-8,1,5,-4
880,3,0,-5,0,-1,-2,-9,-1
885,-1,0,10,8,3,-11,-2,-4
890,-4,-2,1,-1,4,11,5,-5
895,-4,-7,-12,-12,-18,-11,-9,-5
900,-1,-2,-10,8,6,-10,-8,-6
905,3,5,18,2,-7,8,1,2
910,-10,-12,-38,-8,-5,-11,-12,-9
915,-6,-2,8,27,1,4,-9,-6
920,2,0,-8,-35,0,8,16,5
925,2,0,-3,-18,1,1,11,4
930,2,2,12,4,16,1,9,2
935,-2,0,0,-9,-7,-6,-11,-2
940,-2,-3,0,3,-7,0,-2,2
945,1,1,-4,-3,0,-5,-8,-2
950,3,2,6,2,-12,-8,-10,6
955,0,-2,-11,-5,19,-1,0,0
960,2,4,12,15,2,1,0,2
965,-1,-2,-5,0,-6,-1,-2,-6
970,3,1,0,2,-3,-1,-5,0
975,-2,-1,-3,-12,-1,0,6,-1
980,-2,-1,3,10,-5,2,6,0
985,-2,-3,-5,-3,1,-1,-4,2
990,0,-1,2,-16,-2,-2,-1,-1
995,0,-1,0,4,-3,-2,0,3
1000,0,0,10,1,7,3,0,1
1005,-3,-4,-10,24,4,3,0,0
1010,-1,-2,-6,-35,-4,-7,-3,-1
1015,1,1,-4,-41,-9,0,1,2
1020,-2,-1,-2,28,11,6,4,4
1025,-1,1,5,-8,1,-4,-2,-3
1030,-6,-8,-5,-18,-19,-7,-4,-7
1035,8,8,18,46,13,9,7,6
1040,2,3,9,54,20,1,1,1
1045,-5,-6,-36,-97,-32,-9,-5,-2
1050,-4,-4,-4,31,-6,-6,-7,-5
1055,4,6,9,6,6,6,5,6
1060,3,6,21,8,8,4,6,4
1065,-3,-7,-22,39,-10,-11,-9,-12
1070,3,0,2,11,-1,-6,-12,-9
1075,-5,-3,1,-36,3,9,14,12
1080,-9,0,-5,-50,-4,-9,0,-1
1085,3,0,0,13,2,3,1,1
1090,-2,-5,-7,10,-11,2,1,-1
1095,-1,2,-3,-2,8,2,-3,3
1100,-4,-3,1,-30,-8,0,-11,-12
1105,3,1,2,32,4,-1,6,5
1110,3,2,-6,-38,-4,-5,-4,-2
1115,-3,0,-3,2,-3,-2,-1,5
1120,-3,-3,5,6,-4,-4,-1,-3
1125,0,1,-3,10,2,2,-5,-9
1130,-1,-3,-7,-25,-1,2,4,8
1135,7,6,12,15,8,6,9,2
1140,0,5,1,36,9,1,2,3
1145,-7,-7,-16,-49,-21,-10,-9,-9
1150,2,-1,-1,-65,-10,0,-3,-2
1155,4,-3,10,24,5,-1,-2,-1
1160,-2,-1,2,-18,-1,3,12,7
1165,-15,-7,-9,29,-7,-11,-8,-6
1170,0,4,6,49,11,6,-3,-10
1175,5,-1,3,-46,-8,0,1,1
1180,7,3,-6,-2,6,3,1,7
1185,-4,-8,-5,5,-10,-11,-10,-3
1190,-2,0,0,37,2,-3,-1,-12
1195,-1,0,6,-6,0,2,0,0
1200,-2,-2,-1,-1,3,5,7,5
1205,-5,-6,-10,-3,-15,-10,-10,-8
1210,1,-1,-3,-27,-3,2,-2,2
1215,5,4,-3,15,10,6,5,4
1220,-2,0,3,1,-6,-4,-3,0
1225,-3,-6,-8,20,-2,-6,-8,-8
1230,-2,-3,-1,-33,-3,-2,-2,-1
1235,0,7,13,26,10,7,7,3
1240,-3,-7,-6,-55,-10,-1,-3,-2
1245,-1,5,50,84,6,1,-3,-4
1250,-5,-14,-60,-94,-12,-5,-1,-1
1255,-3,-4,-24,-89,-10,-3,-2,-1
1260,0,2,13,15,3,-1,-1,1
1265,0,1,-5,-8,-3,-3,-2,-1
1270,-3,-4,23,37,0,-4,-5,-2
1275,3,7,9,38,12,7,5,3
1280,-2,-3,-15,-45,-11,-1,-2,2
1285,-4,-5,-1,-33,-1,-7,-4,-5
1290,-1,3,-25,18,-5,2,0,-3
1295,0,2,5,17,-4,-5,-2,0
1300,0,2,8,8,2,0,1,2
1305,-2,-3,-11,-14,6,3,4,-1
1310,0,-2,2,15,4,1,1,1
1315,2,4,17,20,2,0,-1,0
1320,2,-1,-30,4,7,1,1,-2
1325,-4,-9,-20,-72,-17,-8,-5,-5
1330,3,5,41,24,6,2,0,1
1335,-1,1,-18,-8,5,5,2,2
1340,0,4,-1,55,5,2,0,0
1345,-2,2,-24,-76,-11,-2,-2,-2
1350,-5,-7,63,33,-1,-2,-2,-3
1355,15,5,5,21,2,2,0,-1
1360,-14,-7,-3,-15,-3,-3,-2,-3
1365,-15,0,-12,24,0,-3,-3,0
1370,-1,4,21,-14,-2,0,0,-4
1375,-3,-1,-28,13,1,0,-11,-5
1380,2,0,3,-4,-1,0,10,5
1385,9,-5,-14,2,-2,1,10,6
1390,-1,2,-5,-12,-2,-2,-1,1
1395,-5,-3,-1,11,1,-1,1,-3
1400,-1,0,-4,-11,-4,-3,-9,-5
1405,-2,-2,12,8,-2,-2,-6,-4
1410,3,0,-20,20,-2,-3,1,0
1415,1,-2,7,16,-2,0,0,2
1420,0,2,27,-15,8,-3,-3,-3
1425,2,-6,-73,-5,-3,6,3,-1
1430,-1,-2,61,2,-5,2,-1,0
1435,-4,-5,1,24,1,-5,1,-1
1440,-2,-3,8,-3,-4,-6,-5,-1
1445,1,2,4,33,4,-3,-3,-4
1450,2,3,-56,2,5,1,0,1
1455,-4,3,56,-19,0,2,3,1
1460,-2,-3,-5,10,-5,-4,-3,-5
1465,1,1,20,11,-2,-1,-3,-2
1470,-1,-1,-31,-8,-2,0,0,2
1475,0,1,-2,-30,-1,-3,2,4
1480,-1,-4,-14,6,-4,-2,-6,-3
1485,-2,-3,16,-18,-3,-2,-3,-8
1490,1,0,3,-3,3,1,0,-2
1495,-1,-2,-6,19,2,1,-8,5
1500,-3,0,1,3,-6,0,16,3
1505,1,0,8,4,-1,2,4,3
1510,1,-1,-2,7,3,1,2,1
1515,-2,-2,-8,-15,-5,-3,-3,-5
1520,0,-4,-13,-2,-3,-4,-9,-6
1525,-1,2,15,18,-1,-2,-1,-2
1530,-1,-1,-9,-28,1,4,1,2
1535,0,-3,-30,-1,-2,-2,0,0
1540,-1,-3,-16,-14,-8,-4,-8,-3
1545,-1,-1,37,4,2,0,2,-1
1550,1,2,-25,34,4,-2,-5,-1
1555,-1,-2,-17,-57,-3,1,3,-1
1560,-3,0,33,22,1,-6,-4,-3
1565,0,-3,-35,-7,1,1,-2,1
1570,-2,-1,9,0,-6,-1,0,1
1575,10,4,23,40,6,1,3,-1
1580,-24,-7,-10,-3,-4,-2,-4,-3
1585,-11,-2,7,-8,-3,0,-5,-1
1590,5,3,-7,14,-1,1,2,2
1595,-10,-1,0,-20,-3,0,3,-4
1600,-1,-1,1,-7,-2,-3,-10,-7
1605,1,-3,7,22,3,-2,3,4
1610,-7,1,-16,-14,4,3,11,8
1615,17,9,29,7,0,0,-1,-6
1620,23,-5,-13,-46,-8,-1,1,8
1625,2,1,-4,18,3,0,-4,-9
1630,7,1,5,-18,1,-3,0,-2
1635,-9,-8,9,11,-1,-2,-16,-3
1640,4,-1,12,-6,-3,-3,14,12
1645,11,2,-10,-18,-4,-2,-1,1
1650,-13,-1,-17,31,0,-1,-5,-4
1655,-2,1,29,-24,0,-1,5,-2
1660,-7,-4,-26,3,5,-2,-9,-12
1665,2,5,7,-2,2,0,-4,7
1670,-3,-4,6,-47,-33,-9,4,0
1675,-3,-3,-14,35,18,3,-1,3
1680,-3,1,-3,56,5,0,-1,-2
1685,-2,-1,17,-51,-7,3,1,-2
1690,-1,-2,-11,-2,13,1,-6,-6
1695,2,-1,-18,-10,-15,-3,6,4
1700,4,9,29,-6,6,-12,-8,-3
1705,-5,-11,-42,37,3,-5,-3,-4
1710,2,-5,3,-14,-13,14,4,3
1715,-1,2,-4,11,7,9,6,4
1720,-2,-1,-5,17,20,0,-5,-2
1725,-5,0,19,-43,-31,-11,-8,-4
1730,-1,-6,-50,-10,18,-5,-3,0
1735,-1,-2,-13,2,5,5,3,2
1740,-4,3,43,-6,-16,-7,-4,-4
1745,1,3,20,1,-4,4,4,1
1750,2,0,7,9,6,6,0,-1
1755,-2,0,4,-2,1,-1,-3,0
1760,-3,-4,-27,-17,0,0,-3,-3
1765,0,4,29,23,8,-1,1,1
1770,-1,0,-8,2,-1,-2,-2,-2
1775,-1,5,42,4,-2,-7,-2,0
1780,-3,-9,-21,-8,-13,0,-1,-1
1785,-1,-1,10,-3,2,2,-1,-1
1790,2,6,-21,38,13,4,0,2
1795,0,-2,-32,-39,-5,-2,0,0
1800,-8,-15,-4,-54,-22,-8,-6,-7
1805,2,6,18,7,7,3,2,2
1810,2,4,3,2,2,-4,-6,-2
1815,-1,-7,-1,39,0,-1,2,3
1820,-21,-18,-2,-14,-11,0,-2,-3
1825,2,10,-117,-13,9,0,1,1
1830,1,5,76,7,0,-1,1,1
1835,0,-3,-29,0,-5,-1,2,1
1840,18,9,1,20,7,3,1,3
1845,-25,-17,39,-28,-1,-1,-1,-6
1850,6,22,38,50,5,-2,-1,1
1855,-2,-16,-61,-32,-10,-4,-3,-5
1860,1,15,21,-12,-2,-1,-2,-3
1865,12,3,82,46,15,10,10,7
1870,-6,-12,-21,-12,-9,-6,-4,-3
1875,-11,-15,27,-19,-17,-13,-13,-12
1880,5,11,-7,6,6,8,4,1
1885,7,-7,-19,14,18,14,11,9
1890,3,10,-23,-78,-13,-5,-4,-1
1895,-3,-7,-11,8,-6,-9,-8,-6
1900,1,-4,-24,18,1,1,-1,-4
1905,8,21,57,5,8,1,4,3
1910,0,-15,-14,11,5,1,-2,3
1915,-9,-7,19,27,-9,-7,-6,-7
1920,0,-2,-5,-18,-3,3,2,-3
1925,6,1,-23,28,7,4,7,3
1930,-8,-18,-42,-20,-7,-7,-6,-5
1935,-6,8,87,17,-1,-2,0,-3
1940,-3,-3,-16,1,-1,3,3,0
1945,8,11,-2,-5,1,-2,-1,5
1950,-4,-10,-20,7,-3,-8,-4,-5
1955,-4,7,-4,-23,-4,0,-3,-3
1960,3,-2,8,8,7,10,5,4
1965,3,14,17,5,-1,1,-1,3
1970,-3,-21,-25,-12,-9,-12,-6,-3
1975,-4,9,-27,6,8,-5,-5,-3
1980,-1,-3,7,-24,-2,6,4,3
1985,-1,1,6,16,7,4,1,2
1990,-2,1,14,36,2,1,-1,-1
1995,0,-5,-28,-20,-8,-6,-6,-3
2000,0,1,-5,-16,-4,-5,-4,-1
2005,-2,-6,-24,-9,-2,-4,-2,-2
2010,-4,-2,-25,-35,-12,-5,-5,-5
2015,7,4,-11,7,5,8,9,6
2020,-4,1,-3,1,-6,-8,-7,-4
2025,-3,-8,-22,-1,-5,-1,-3,-4
2030,3,8,41,16,10,7,7,4
2035,0,2,-13,-17,1,3,3,2
2040,2,-1,12,5,-6,-7,-6,-2
2045,-8,-13,-8,-8,-10,-6,-7,-5
2050,0,4,31,8,2,3,1,-1
2055,5,4,-45,-22,7,4,4,4
2060,-1,-6,-5,18,-3,-6,-3,-2
2065,-5,-6,-8,1,-9,-6,-4,-8
2070,5,3,-10,-2,0,3,3,-1
2075,9,-2,12,13,7,5,4,4
2080,-2,-4,-49,3,1,-3,-2,-1
2085,-8,-9,-9,-23,-10,-3,-5,-5
2090,-3,-2,-14,-14,-1,0,1,-1
2095,3,0,48,22,6,4,2,2
2100,-4,1,-29,-3,-5,-6,-6,-3
2105,1,4,64,1,-1,3,0,0
2110,2,3,53,-1,5,3,2,3
2115,-3,2,-18,-4,-3,-4,0,0
2120,-7,-3,10,5,-6,-9,-7,-4
2125,0,0,-10,-2,0,1,1,0
2130,-1,1,11,-1,7,6,5,3
2135,-1,0,-2,9,0,0,-1,0
2140,-2,-3,14,-7,-3,-3,-2,-4
2145,4,-2,-29,0,-4,-3,0,-1
2150,0,0,-4,-1,-1,0,-1,0
2155,0,1,-8,5,-2,-2,-2,-1
2160,-3,-4,-5,-4,-3,-2,-2,-3
2165,0,-1,-11,-19,4,3,3,0
2170,1,1,3,18,1,3,2,1
2175,0,2,5,20,8,3,1,1
2180,-5,-7,9,14,-3,-6,-5,-3
2185,-1,-2,-7,-8,-3,1,-2,2
2190,-1,4,9,-6,-2,-1,0,0
2195,0,0,-9,-16,-1,0,0,-1
2200,-3,-3,-4,9,-9,-4,-6,-4
2205,2,-1,-7,5,6,0,1,-1
2210,1,2,0,-3,1,1,1,1
2215,-3,-3,-4,-8,-4,-3,-2,0
2220,-2,-4,9,-5,-1,-2,-3,-2
2225,-1,2,-9,4,-1,0,-1,1
2230,-1,1,43,0,3,3,0,1
2235,-1,-2,-5,3,0,-1,0,1
2240,-2,-2,-1,-16,-5,-4,-3,-1
2245,2,-2,-8,0,-2,-1,-1,-1
2250,2,1,-9,12,6,3,2,0
2255,-2,-3,23,-18,-2,-1,-2,-1
2260,-3,-3,-5,-14,-1,2,2,1
2265,0,0,4,30,0,-2,-3,-2
2270,1,1,-9,-7,1,0,1,0
2275,-1,1,-4,1,-3,-2,-2,-1
2280,-2,-1,-13,-9,-3,-2,0,-1
2285,0,-1,-2,-6,2,3,1,0
2290,1,1,-4,-14,-1,-1,0,0
2295,-1,0,-7,9,-2,-4,-1,-2
2300,-3,-2,1,0,-3,-4,-4,-3
2305,-2,1,-2,2,2,2,0,1
2310,-1,-1,-4,1,-1,-1,-2,-2
2315,0,-1,-5,-2,1,-1,0,1
2320,-2,-2,1,9,-3,-2,-3,-1
2325,1,-4,-14,-5,8,3,4,3
2330,0,-1,-3,11,-1,-1,1,0
2335,-2,-1,0,-2,-5,-3,-4,-3
2340,-1,0,-3,-4,-2,-1,-2,-3
2345,1,0,1,-1,-3,-1,-2,0
2350,1,-1,9,0,1,-1,-3,-2
2355,-2,-2,-10,-3,-1,0,0,-1
2360,-1,-3,-25,-4,-2,-2,-3,0
2365,-1,1,14,0,-1,-1,0,0
2370,-1,1,1,-2,0,0,-1,-1
2375,-2,-2,-8,3,-2,-3,-2,0
2380,-2,-4,2,-6,-4,-3,-2,-4
2385,0,1,1,13,4,5,4,0
2390,0,-1,-8,0,6,6,2,2
2395,0,1,-12,-5,-4,-3,-2,-2
2400,-1,-5,-5,1,0,-1,-2,-2
2405,2,0,-4,-8,-4,1,-2,1
2410,-1,1,8,5,-1,-4,-2,0
2415,0,-1,-8,5,6,4,3,2
2420,-3,-2,3,-6,-5,-3,-5,-4
2425,0,1,3,-13,-1,0,-1,-1
2430,0,-2,-6,7,2,-5,-1,-1
2435,-1,-1,1,4,3,-5,-4,-2
2440,-1,0,1,25,1,4,1,-2
2445,2,2,14,-12,0,5,4,2
2450,-1,-6,-24,7,-4,-9,-6,-1
2455,-2,-2,7,-32,-6,1,0,-2
2460,-2,0,33,-2,-4,1,3,1
2465,-1,1,-7,27,2,-2,0,-3
2470,0,-1,-27,-12,4,0,0,2
2475,5,7,8,-34,4,-2,-1,3
2480,-3,-4,30,-8,15,-12,-7,-5
2485,-2,-6,-26,14,-25,-2,-2,-2
2490,-1,-1,18,-41,-13,0,0,-2
2495,1,1,2,69,-1,-2,-1,0
2500,-3,-2,-18,-40,7,3,2,-1
2505,-1,1,-3,44,8,-7,-2,-1
2510,6,1,3,36,15,7,4,5
2515,4,1,-1,36,-10,-4,0,-7
2520,-42,-12,-15,-27,-3,0,-7,16
2525,30,-5,5,-14,3,-3,-4,-35
2530,3,7,-4,4,0,8,10,9
2535,-7,-4,4,-53,-3,-1,15,-1
2540,9,4,-8,7,-6,-3,-22,7
2545,-20,2,-2,-22,7,7,5,3
2550,25,-1,-1,-42,-10,0,26,31
2555,2,-2,-2,4,-5,-3,-24,-56
2560,-22,-4,13,23,12,13,67,67
2565,-8,1,-16,-37,1,3,4,9
2570,-23,-3,-5,8,-7,-10,-32,-25
2575,11,-9,-5,4,-7,-2,17,82
2580,7,6,7,7,7,10,8,-38
2585,-27,-6,6,4,4,-2,-29,-84
2590,-11,10,-4,10,0,-4,-1,76
2595,-8,-14,17,-25,-25,-16,-14,-30
2600,20,18,-38,20,0,1,-16,-8
2605,13,14,24,3,7,2,25,35
2610,-63,-27,0,2,-4,2,-16,-41
2615,-33,-10,0,-21,-2,-4,-15,-22
2620,42,-2,16,2,5,4,5,3
2625,-19,4,9,13,-1,-3,-4,9
2630,10,0,-16,-14,-8,-2,-5,-22
2635,4,0,-4,-1,-3,-7,-6,2
2640,0,-5,8,5,12,11,6,-4
2645,14,3,-5,1,0,-1,-1,18
2650,13,-1,12,4,4,0,0,-3
2655,-5,-4,-16,-35,0,4,6,4
