timestamp,x,y,z
1441193757932692,0.119629,-0.832031,0.496582
1441193757949678,0.119141,-0.793945,0.497559
1441193757970679,0.136719,-0.834961,0.491211
1441193757996682,0.15332,-0.85498,0.495605
1441193758009681,0.151855,-0.83252,0.489746
1441193758030864,0.138184,-0.822266,0.488281
1441193758054804,0.135254,-0.838379,0.481934
1441193758100943,0.136719,-0.843262,0.48584
1441193758102685,0.12793,-0.84375,0.483398
1441193758113909,0.118652,-0.822266,0.497559
1441193758129686,0.126953,-0.825195,0.494629
1441193758151686,0.135742,-0.825684,0.493652
1441193758173885,0.139648,-0.826172,0.491699
1441193758210846,0.135254,-0.842285,0.492188
1441193758220692,0.128906,-0.836914,0.498535
1441193758233905,0.126465,-0.835449,0.500977
1441193758248721,0.113281,-0.83252,0.500977
1441193758271694,0.110352,-0.838867,0.507324
1441193758293916,0.118652,-0.844238,0.508301
1441193758308848,0.120117,-0.833496,0.509766
1441193758330896,0.124023,-0.840332,0.509277
1441193758353931,0.123047,-0.840332,0.499512
1441193758368870,0.126953,-0.84668,0.496582
1441193758391694,0.117676,-0.842285,0.49707
1441193758413918,0.120117,-0.834961,0.492676
1441193758428691,0.120117,-0.836426,0.493164
1441193758450914,0.119141,-0.842285,0.484375
1441193758473836,0.127441,-0.843262,0.484863
1441193758488912,0.124512,-0.837402,0.487793
1441193758511736,0.130371,-0.835449,0.485352
1441193758533888,0.127441,-0.84082,0.486328
1441193758548897,0.120605,-0.842773,0.491699
1441193758571696,0.118652,-0.835449,0.494629
1441193758594695,0.120605,-0.838379,0.493164
1441193758608818,0.118164,-0.840332,0.495605
1441193758631703,0.120605,-0.841797,0.497559
1441193758654696,0.118164,-0.833496,0.490234
1441193758668698,0.116211,-0.83252,0.492676
1441193758691699,0.122559,-0.84375,0.48877
1441193758713924,0.119629,-0.841797,0.495117
1441193758728916,0.117188,-0.837891,0.497559
1441193758751741,0.119141,-0.82666,0.503418
1441193758773923,0.117188,-0.834961,0.500488
1441193758788922,0.121582,-0.842773,0.503906
1441193758811777,0.116699,-0.836426,0.497559
1441193758833935,0.117676,-0.837891,0.497559
1441193758847945,0.119629,-0.83252,0.499023
1441193758871704,0.119141,-0.828125,0.495117
1441193758893846,0.12207,-0.835449,0.496582
1441193758907903,0.119141,-0.837891,0.484375
1441193758931701,0.120117,-0.841309,0.492676
1441193758953926,0.123535,-0.837402,0.493652
1441193758967932,0.128906,-0.834961,0.493652
1441193758990896,0.124023,-0.834961,0.492676
1441193759006706,0.121094,-0.839844,0.493164
1441193759027942,0.11377,-0.838379,0.496582
1441193759050950,0.12207,-0.837891,0.498535
1441193759066704,0.120605,-0.837891,0.499512
1441193759088701,0.121582,-0.837402,0.500977
1441193759111791,0.123047,-0.833496,0.49707
1441193759126705,0.116699,-0.833984,0.498047
1441193759147961,0.115723,-0.836914,0.498047
1441193759171709,0.121094,-0.836914,0.496094
1441193759186710,0.12207,-0.833008,0.500488
1441193759209711,0.121094,-0.833496,0.498535
1441193759232712,0.122559,-0.833496,0.493652
1441193759253973,0.118164,-0.833008,0.495605
1441193759269705,0.117676,-0.836426,0.499512
1441193759292744,0.125977,-0.836914,0.493652
1441193759306711,0.119141,-0.841309,0.493164
1441193759329731,0.118652,-0.836426,0.503418
1441193759352713,0.120605,-0.834473,0.494629
1441193759373917,0.119141,-0.838867,0.499512
1441193759389753,0.126465,-0.841797,0.493164
1441193759412714,0.114258,-0.838867,0.490723
1441193759433905,0.121094,-0.833984,0.492188
1441193759449710,0.120605,-0.828613,0.489746
1441193759472716,0.119629,-0.837402,0.494629
1441193759494716,0.117676,-0.835938,0.494629
1441193759509718,0.116211,-0.835938,0.494141
1441193759532713,0.122559,-0.835938,0.495117
1441193759553890,0.120605,-0.833984,0.49707
1441193759569716,0.117188,-0.836914,0.493652
1441193759592714,0.125488,-0.837402,0.494629
1441193759613926,0.119629,-0.84082,0.490723
1441193759629785,0.118164,-0.833984,0.495117
1441193759652732,0.118652,-0.839355,0.493164
1441193759673921,0.115723,-0.839355,0.498047
1441193759689720,0.119141,-0.835938,0.49707
1441193759712717,0.120117,-0.837891,0.497559
1441193759733917,0.125,-0.834473,0.490234
1441193759749716,0.119141,-0.838867,0.496094
1441193759772717,0.121582,-0.833984,0.499023
1441193759795721,0.117676,-0.835449,0.499023
1441193759809722,0.113281,-0.836914,0.497559
1441193759831721,0.118652,-0.83252,0.500488
1441193759854721,0.116699,-0.839355,0.501953
1441193759869738,0.116699,-0.837402,0.494141
1441193759891724,0.119629,-0.834473,0.498535
1441193759915723,0.118652,-0.838867,0.495117
1441193759929784,0.118164,-0.835449,0.494629
1441193759951724,0.117188,-0.836914,0.493164
1441193759974723,0.118164,-0.838867,0.501465
1441193759989722,0.124512,-0.836426,0.497559
1441193760011729,0.117188,-0.833008,0.494629
1441193760035725,0.118652,-0.833496,0.490234
1441193760049724,0.117676,-0.837891,0.491211
1441193760071728,0.121582,-0.835938,0.489746
1441193760094765,0.118164,-0.836914,0.496582
1441193760109725,0.118652,-0.839844,0.494629
1441193760131725,0.118164,-0.836426,0.496582
1441193760154727,0.117188,-0.841309,0.496094
1441193760169729,0.120117,-0.833008,0.490723
1441193760191727,0.117676,-0.834961,0.495605
1441193760215729,0.118164,-0.836426,0.496094
1441193760229727,0.120605,-0.836914,0.493164
1441193760251731,0.110352,-0.845215,0.49707
1441193760275730,0.120605,-0.833984,0.5
1441193760289727,0.117188,-0.833984,0.498047
1441193760311728,0.122559,-0.833496,0.495117
1441193760334730,0.118164,-0.838867,0.498047
1441193760349732,0.119629,-0.840332,0.500488
1441193760371734,0.114746,-0.832031,0.498047
1441193760394731,0.121094,-0.837402,0.496094
1441193760416736,0.114258,-0.838379,0.494629
1441193760431731,0.121094,-0.839844,0.494629
1441193760454735,0.118164,-0.836426,0.495117
1441193760476734,0.118164,-0.836426,0.493164
1441193760491733,0.116211,-0.839355,0.494629
1441193760514855,0.119141,-0.831543,0.491699
1441193760535976,0.116211,-0.837402,0.492188
1441193760551734,0.11377,-0.833984,0.496094
1441193760574738,0.123047,-0.838867,0.497559
1441193760596733,0.120605,-0.833008,0.489746
1441193760611738,0.116211,-0.833008,0.493652
1441193760634737,0.119141,-0.838379,0.485352
1441193760656735,0.112305,-0.836914,0.493164
1441193760671737,0.118164,-0.837891,0.495117
1441193760694747,0.119629,-0.836914,0.499023
1441193760716739,0.117188,-0.831543,0.501465
1441193760730967,0.118164,-0.835449,0.5
1441193760745824,0.119141,-0.833008,0.496094
1441193760767989,0.120117,-0.82959,0.492676
1441193760790976,0.118164,-0.832031,0.49707
1441193760805849,0.117188,-0.833984,0.498535
1441193760827989,0.119141,-0.840332,0.5
1441193760850967,0.118164,-0.838867,0.49707
1441193760865819,0.124023,-0.835938,0.500488
1441193760887962,0.118164,-0.839844,0.503418
1441193760910894,0.119141,-0.830078,0.501953
1441193760925825,0.118652,-0.833984,0.506348
1441193760947854,0.115234,-0.833984,0.492676
1441193760971751,0.119141,-0.831055,0.5
1441193760985917,0.118652,-0.834473,0.493164
1441193761009732,0.115723,-0.836426,0.498047
1441193761030894,0.118652,-0.836914,0.502441
1441193761045748,0.117188,-0.831543,0.498535
1441193761071366,0.123535,-0.838867,0.498535
1441193761090843,0.115723,-0.839844,0.505371
1441193761105886,0.109375,-0.828125,0.496094
1441193761127988,0.119629,-0.829102,0.487793
1441193761151748,0.129395,-0.841797,0.498535
1441193761165816,0.128906,-0.831543,0.498047
1441193761188745,0.120605,-0.827637,0.492676
1441193761211000,0.124023,-0.831055,0.494141
1441193761225816,0.125977,-0.807129,0.523926
1441193761248004,0.133789,-0.799316,0.478027
1441193761271749,0.138184,-0.854492,0.479004
1441193761285890,0.157227,-0.884766,0.476074
1441193761307857,0.112305,-0.881836,0.476563
1441193761331757,0.103516,-0.854492,0.484375
1441193761345754,0.107422,-0.830566,0.480957
1441193761367993,0.0932617,-0.848145,0.486816
1441193761390945,0.121094,-0.835938,0.476563
1441193761405928,0.129883,-0.85791,0.469727
1441193761427752,0.119629,-0.867188,0.472656
1441193761450957,0.132324,-0.842773,0.474609
1441193761465780,0.138184,-0.831543,0.482422
1441193761487971,0.137695,-0.837402,0.477539
1441193761510756,0.134277,-0.84375,0.472168
1441193761525811,0.128906,-0.852051,0.487305
1441193761547782,0.135254,-0.842773,0.48877
1441193761570975,0.121582,-0.833984,0.481934
1441193761585846,0.114746,-0.84082,0.499023
1441193761608754,0.151855,-0.82373,0.481934
1441193761630976,0.150391,-0.851074,0.469238
1441193761645816,0.145996,-0.87207,0.477539
1441193761667998,0.137695,-0.851074,0.474609
1441193761690959,0.125977,-0.84668,0.474121
1441193761706758,0.111328,-0.84668,0.477051
1441193761728024,0.0771484,-0.846191,0.461914
1441193761750792,0.105469,-0.804688,0.453125
1441193761767754,0.160156,-0.863281,0.473145
1441193761788848,0.167969,-0.864746,0.508301
1441193761810896,0.152344,-0.796387,0.521973
1441193761825756,0.164551,-0.783691,0.460938
1441193761847758,0.165527,-0.906738,0.486328
1441193761872757,0.185059,-0.891602,0.478027
1441193761885760,0.136719,-0.833008,0.453125
1441193761907989,0.106934,-0.860352,0.460938
1441193761930761,0.104004,-0.807129,0.439941
1441193761945932,0.0693359,-0.825684,0.430176
1441193761968045,0.121582,-0.888672,0.429199
1441193761984820,0.181152,-0.873047,0.456543
1441193762005983,0.172852,-0.811035,0.464355
1441193762028766,0.144531,-0.791016,0.480469
1441193762044765,0.131348,-0.829102,0.500488
1441193762065917,0.136719,-0.855469,0.496094
1441193762087968,0.141113,-0.861816,0.495605
1441193762104780,0.125977,-0.853516,0.5
1441193762125794,0.125488,-0.839844,0.501465
1441193762148018,0.136719,-0.833008,0.499512
1441193762164773,0.13623,-0.834473,0.495117
1441193762185772,0.144531,-0.841309,0.483887
1441193762208015,0.138184,-0.840332,0.477539
1441193762224766,0.13623,-0.837402,0.472656
1441193762245916,0.134766,-0.835449,0.474609
1441193762267877,0.132813,-0.841797,0.47168
1441193762284785,0.134277,-0.842773,0.482422
1441193762305936,0.133301,-0.845215,0.48877
1441193762327966,0.135742,-0.831543,0.497559
1441193762344792,0.125977,-0.833984,0.505859
1441193762365771,0.133789,-0.833496,0.505371
1441193762388003,0.135254,-0.84082,0.499512
1441193762404766,0.135254,-0.834961,0.48877
1441193762425821,0.131348,-0.843262,0.489258
1441193762447985,0.134277,-0.840332,0.485352
1441193762464771,0.130859,-0.834961,0.476074
1441193762485770,0.134277,-0.836426,0.484375
1441193762507980,0.134766,-0.831543,0.486328
1441193762524775,0.128418,-0.834473,0.484863
1441193762545926,0.132324,-0.840332,0.483887
1441193762567991,0.13623,-0.841309,0.48877
1441193762584776,0.131348,-0.843262,0.489746
1441193762605775,0.133301,-0.836426,0.486328
1441193762627996,0.129883,-0.840332,0.48877
1441193762644774,0.125,-0.837402,0.490234
1441193762666775,0.132324,-0.842285,0.490234
1441193762687919,0.129883,-0.844238,0.489746
1441193762704775,0.136719,-0.837891,0.487305
1441193762726781,0.131348,-0.847168,0.490723
1441193762748801,0.125488,-0.839355,0.488281
1441193762764784,0.130859,-0.839844,0.48291
1441193762786781,0.132324,-0.843262,0.48584
1441193762808007,0.128906,-0.836426,0.489258
1441193762824779,0.135742,-0.841797,0.489258
1441193762846782,0.130859,-0.831543,0.48877
1441193762868778,0.129883,-0.838379,0.484863
1441193762884778,0.132813,-0.838379,0.487793
1441193762906782,0.129395,-0.842773,0.479492
1441193762928029,0.131348,-0.842773,0.486816
1441193762944829,0.12793,-0.834961,0.487793
1441193762966780,0.134766,-0.835938,0.491699
1441193762988780,0.131348,-0.833008,0.48291
1441193763004781,0.129395,-0.834961,0.489258
1441193763026786,0.131348,-0.842285,0.483398
1441193763048024,0.130371,-0.837402,0.48584
1441193763064829,0.132324,-0.839844,0.487305
1441193763086785,0.128906,-0.836426,0.495117
1441193763108002,0.133789,-0.837891,0.494629
1441193763124787,0.126953,-0.839844,0.492188
1441193763146788,0.131348,-0.836426,0.486328
1441193763167893,0.133789,-0.844238,0.483887
1441193763184788,0.135254,-0.842285,0.484375
1441193763206789,0.130859,-0.839844,0.489746
1441193763228804,0.138184,-0.836426,0.490234
1441193763244784,0.130371,-0.831055,0.488281
1441193763266790,0.134277,-0.839355,0.484863
1441193763288792,0.130371,-0.840332,0.48877
1441193763304806,0.131836,-0.835449,0.483887
1441193763326790,0.133301,-0.836426,0.486816
1441193763347992,0.12793,-0.834473,0.491699
1441193763364790,0.129883,-0.835449,0.492676
1441193763387791,0.135742,-0.837891,0.492188
1441193763408034,0.13623,-0.838867,0.491699
1441193763423907,0.133789,-0.834961,0.491699
1441193763446793,0.132813,-0.835449,0.494629
1441193763468836,0.134766,-0.837402,0.489746
1441193763484794,0.131836,-0.832031,0.494141
1441193763507794,0.129883,-0.838867,0.483887
1441193763528073,0.130371,-0.838867,0.48877
1441193763544819,0.134277,-0.834473,0.490234
1441193763566796,0.131348,-0.840332,0.48584
1441193763588055,0.137695,-0.833496,0.491211
1441193763603958,0.133789,-0.837891,0.487793
1441193763625950,0.132324,-0.83252,0.492188
1441193763648952,0.129883,-0.84082,0.490723
1441193763664826,0.126465,-0.843262,0.491211
1441193763686042,0.13623,-0.833008,0.495117
1441193763708857,0.131348,-0.838867,0.484375
1441193763725802,0.139648,-0.833984,0.484375
1441193763746058,0.132813,-0.834473,0.494629
1441193763768948,0.131836,-0.831055,0.491699
1441193763785798,0.132324,-0.834961,0.487793
1441193763806058,0.129395,-0.833008,0.488281
1441193763828973,0.131348,-0.835938,0.489258
1441193763844798,0.125,-0.839355,0.486328
1441193763866046,0.129395,-0.843262,0.48584
1441193763888973,0.129883,-0.833984,0.490723
1441193763904802,0.131348,-0.845215,0.486328
1441193763925961,0.131348,-0.848633,0.48877
1441193763948966,0.131836,-0.836426,0.490723
1441193763964874,0.131348,-0.833984,0.485352
1441193763986044,0.135742,-0.836914,0.490723
1441193764008991,0.130371,-0.837402,0.487793
1441193764025803,0.129395,-0.835449,0.483398
1441193764046059,0.125,-0.84668,0.487793
1441193764068933,0.133301,-0.830566,0.488281
1441193764084850,0.131348,-0.832031,0.489258
1441193764106046,0.125488,-0.836914,0.490234
1441193764128844,0.126465,-0.84082,0.487793
1441193764144854,0.125977,-0.837402,0.489746
1441193764166056,0.126465,-0.840332,0.493164
1441193764189803,0.131836,-0.841797,0.488281
1441193764204804,0.128418,-0.842285,0.490234
1441193764226807,0.124512,-0.836914,0.48584
1441193764248939,0.127441,-0.847168,0.493164
1441193764264887,0.130859,-0.842285,0.48584
1441193764286085,0.128906,-0.839355,0.481934
1441193764308983,0.129883,-0.835938,0.487793
1441193764324810,0.126953,-0.830078,0.477051
1441193764346046,0.126465,-0.834473,0.487793
1441193764368907,0.126465,-0.838379,0.485352
1441193764384810,0.126953,-0.838867,0.481445
1441193764406060,0.126465,-0.831055,0.48877
1441193764428809,0.127441,-0.837891,0.485352
1441193764444809,0.129883,-0.841309,0.481934
1441193764465968,0.127441,-0.84375,0.487305
1441193764488944,0.12207,-0.844727,0.482422
1441193764512810,0.124023,-0.841797,0.491211
1441193764525907,0.12793,-0.844727,0.489258
1441193764548869,0.130859,-0.842285,0.496094
1441193764564840,0.125977,-0.837891,0.487305
1441193764586054,0.122559,-0.841797,0.486816
1441193764608980,0.125,-0.837891,0.486328
1441193764624817,0.126953,-0.839844,0.48584
1441193764647873,0.126953,-0.838867,0.480957
1441193764668832,0.125,-0.835938,0.478027
1441193764684812,0.122559,-0.844727,0.489258
1441193764707822,0.129883,-0.839355,0.489746
1441193764728969,0.121094,-0.843262,0.489258
1441193764744818,0.123047,-0.834961,0.497559
1441193764767815,0.123047,-0.839844,0.496094
1441193764788998,0.123047,-0.849609,0.491211
1441193764804818,0.12793,-0.841309,0.491699
1441193764827818,0.12207,-0.836426,0.487305
1441193764848959,0.121582,-0.836426,0.487793
1441193764864820,0.127441,-0.836426,0.48291
1441193764887821,0.121094,-0.839355,0.487305
1441193764901821,0.131348,-0.833008,0.492676
1441193764924818,0.124023,-0.836426,0.48584
1441193764947823,0.12207,-0.832031,0.495117
1441193764961819,0.12207,-0.832031,0.494141
1441193764984818,0.117188,-0.84082,0.490723
1441193765007820,0.120605,-0.84082,0.492676
1441193765021820,0.124512,-0.84375,0.493164
1441193765043822,0.125488,-0.847168,0.487305
1441193765067880,0.134277,-0.837891,0.494141
1441193765082821,0.122559,-0.837891,0.493164
1441193765104822,0.120117,-0.828613,0.493652
1441193765127840,0.127441,-0.83252,0.491699
1441193765148827,0.121582,-0.833008,0.483887
1441193765164823,0.121094,-0.834473,0.492188
1441193765187829,0.121582,-0.842773,0.496582
1441193765208985,0.12207,-0.82959,0.495605
1441193765224829,0.121582,-0.833496,0.491699
1441193765247828,0.120605,-0.836914,0.493164
1441193765269036,0.120117,-0.844727,0.49707
1441193765284828,0.120117,-0.833984,0.495605
1441193765307826,0.119141,-0.835449,0.489746
1441193765328960,0.117676,-0.845703,0.496094
1441193765344830,0.130859,-0.833984,0.489746
1441193765367829,0.125,-0.841797,0.490234
1441193765388831,0.124512,-0.842285,0.496094
1441193765404831,0.12207,-0.838379,0.488281
1441193765427832,0.125,-0.833496,0.492188
1441193765448928,0.124023,-0.838867,0.483887
1441193765464840,0.116699,-0.833984,0.493164
1441193765486829,0.120605,-0.829102,0.492676
1441193765508988,0.125977,-0.835938,0.491699
1441193765524832,0.120117,-0.837891,0.500977
1441193765546836,0.118652,-0.834473,0.500977
1441193765569885,0.114746,-0.838867,0.493164
1441193765584831,0.121094,-0.842285,0.491699
1441193765606834,0.120117,-0.839844,0.49707
1441193765630854,0.121094,-0.837891,0.489746
1441193765644831,0.121582,-0.837402,0.492676
1441193765666833,0.120605,-0.841797,0.493164
1441193765689863,0.121094,-0.84082,0.489258
1441193765704838,0.123047,-0.843262,0.489746
1441193765726839,0.121582,-0.84082,0.493652
1441193765749835,0.123535,-0.836426,0.489746
1441193765763949,0.120117,-0.842773,0.487793
1441193765786835,0.117676,-0.836914,0.493652
1441193765809836,0.126465,-0.841309,0.494629
1441193765823937,0.116699,-0.839355,0.492676
1441193765846842,0.116699,-0.833496,0.485352
1441193765869839,0.119629,-0.833008,0.493652
1441193765884836,0.119629,-0.835938,0.492188
1441193765906837,0.116699,-0.841797,0.487793
1441193765929838,0.117676,-0.838379,0.484375
1441193765944862,0.123047,-0.845703,0.488281
1441193765966843,0.114258,-0.844238,0.492676
1441193765990863,0.119141,-0.836426,0.49707
1441193766004840,0.116699,-0.838379,0.490723
1441193766026840,0.116699,-0.833496,0.489258
1441193766049840,0.117676,-0.838867,0.491699
1441193766071082,0.117188,-0.836914,0.493164
1441193766086842,0.119629,-0.836426,0.495117
1441193766109845,0.117188,-0.83252,0.486328
1441193766131887,0.114746,-0.837891,0.486328
1441193766146846,0.10791,-0.834961,0.48877
1441193766169900,0.118652,-0.834473,0.50293
1441193766191095,0.120605,-0.824707,0.525391
1441193766206846,0.105469,-0.765137,0.444824
1441193766229845,0.0766602,-0.764648,0.448242
1441193766251069,0.0634766,-0.780762,0.473145
1441193766266860,0.212402,-0.771973,0.446289
1441193766289849,0.43457,-0.890625,0.338867
1441193766311133,0.271484,-1.02783,0.319336
1441193766326849,0.123047,-1.04736,0.29248
1441193766350848,0.203125,-1.0498,0.257813
1441193766371852,0.136719,-1.07178,0.289551
1441193766386852,0.106934,-1.03711,0.282227
1441193766409851,0.106934,-0.975586,0.291992
1441193766431121,0.0625,-0.998047,0.286133
1441193766446852,0.015625,-1.03076,0.273438
1441193766469851,-0.0576172,-1.03613,0.271484
1441193766482867,-0.0820313,-0.97168,0.28125
1441193766506855,-0.0854492,-0.952637,0.257813
1441193766521000,-0.0576172,-0.976074,0.275879
1441193766542961,-0.0913086,-0.998535,0.337402
1441193766566117,-0.217773,-0.934082,0.233398
1441193766580852,-0.381836,-0.900879,0.0957031
1441193766603156,-0.400391,-0.937988,0.000488281
1441193766626060,-0.262207,-1.02197,-0.0444336
1441193766640993,-0.185059,-1.01953,-0.0742188
1441193766662903,-0.17334,-0.974609,-0.0585938
1441193766686143,-0.17334,-0.867676,-0.043457
1441193766700965,-0.130371,-0.814453,-0.0166016
1441193766723145,-0.130371,-0.812988,0.0253906
1441193766746856,-0.119629,-0.837402,0.0458984
1441193766760883,-0.11084,-0.880371,0.065918
1441193766783056,-0.0976563,-0.893555,0.0883789
1441193766806101,-0.114258,-0.942383,0.124512
1441193766820963,-0.135742,-0.977051,0.134277
1441193766843013,-0.167969,-0.970703,0.166016
1441193766866056,-0.180176,-0.980957,0.176758
1441193766880877,-0.19043,-1.00586,0.197266
1441193766903940,-0.198242,-1.00342,0.191406
1441193766925940,-0.200684,-1.00586,0.189453
1441193766949862,-0.200684,-1.02002,0.183594
1441193766979008,-0.199219,-1.02686,0.164551
1441193767002861,-0.212402,-0.99707,0.169434
1441193767009051,-0.203613,-0.961426,0.146484
1441193767032859,-0.191895,-0.964844,0.131348
1441193767054860,-0.183594,-0.952637,0.116699
1441193767085935,-0.171387,-0.950195,0.105469
1441193767086863,-0.153809,-0.967773,0.0834961
1441193767107863,-0.150391,-0.977539,0.0776367
1441193767137865,-0.15625,-0.961914,0.0742188
1441193767159863,-0.163086,-0.9375,0.0712891
1441193767165867,-0.152832,-0.92334,0.0776367
1441193767189866,-0.157227,-0.952637,0.0756836
1441193767212895,-0.151367,-0.978027,0.0776367
1441193767242877,-0.15625,-0.992188,0.0849609
1441193767265863,-0.151855,-0.973633,0.0839844
1441193767266904,-0.153809,-0.974121,0.0991211
1441193767294903,-0.147949,-0.988281,0.108398
1441193767317868,-0.134277,-0.98877,0.113281
1441193767348031,-0.132813,-0.979492,0.125
1441193767348865,-0.121094,-0.991699,0.154785
1441193767369865,-0.0932617,-1.00879,0.078125
1441193767399869,0.00683594,-1.0415,0.0625
1441193767421885,-0.043457,-1.0166,0.0541992
1441193767429012,-0.228027,-0.941406,0.00976563
1441193767452887,-0.261719,-0.955566,0.0107422
1441193767483870,-0.252441,-1.01807,-0.0625
1441193767484869,-0.425293,-0.960938,0.0185547
1441193767511148,-0.541992,-0.851563,0.145508
1441193767527949,-0.233887,-0.751953,0.28125
1441193767550871,0.324219,-0.783203,0.370117
1441193767564871,0.330566,-0.753418,0.287598
1441193767587870,0.172363,-0.975586,0.290039
1441193767602893,0.0405273,-0.898926,0.190918
1441193767623111,-0.126465,-1.15039,0.202637
1441193767646002,-0.00146484,-1.15039,0.222656
1441193767660872,0.0610352,-1.04541,0.200195
1441193767683124,-0.00488281,-0.970215,0.196289
1441193767706027,-0.0581055,-0.995117,0.181641
1441193767720931,-0.0776367,-1.01611,0.168457
1441193767759876,-0.0410156,-0.98584,0.160156
1441193767773928,-0.03125,-0.949707,0.189453
1441193767797918,-0.0571289,-0.957031,0.179688
1441193767812877,-0.0209961,-0.977051,0.240234
1441193767834010,-0.138184,-0.961914,0.081543
1441193767849878,-0.271484,-0.900879,0.0371094
1441193767871119,-0.265137,-0.902344,-0.0214844
1441193767887876,0.163574,-0.91748,0.0327148
1441193767901876,0.17627,-1.09424,0.515137
1441193767924879,-0.516113,-0.900879,-0.117676
1441193767946062,0.339844,-1.03955,0.510254
1441193767962908,0.172363,-0.86084,-0.0537109
1441193767984920,-0.520508,-0.975586,-0.191406
1441193767999880,-0.652344,-1.03271,-0.108887
1441193768022882,-0.599121,-0.95166,-0.157715
1441193768045881,-0.349609,-0.863281,-0.220703
1441193768066131,0.327148,-0.853027,0.138672
1441193768089114,0.279297,-1.06787,0.558594
1441193768104884,-0.582031,-1.00146,-0.203125
1441193768119944,0.557129,-0.902832,0.498535
1441193768142882,-0.598145,-1.00879,-0.127441
1441193768164885,0.551758,-0.950684,0.569336
1441193768186887,-0.351563,-0.919434,-0.259277
1441193768202882,-0.262207,-1.12793,0.274414
1441193768224883,0.543945,-0.953125,0.595703
1441193768246170,0.260254,-0.808594,0.0917969
1441193768262924,-0.346191,-0.895996,-0.271973
1441193768285886,-0.574707,-1.04199,-0.222656
1441193768306130,-0.557129,-1.10352,-0.0786133
1441193768322887,-0.500488,-1.10449,0.0258789
1441193768344885,-0.51123,-1.09424,-0.00878906
1441193768367924,-0.600098,-1.08789,-0.147461
1441193768382883,-0.556641,-1.01172,-0.299316
1441193768404888,-0.141602,-0.860352,-0.152344
1441193768426891,0.457031,-0.799316,0.379395
1441193768442887,0.363281,-1.01123,0.651855
1441193768464890,-0.51416,-1.14648,-0.0654297
1441193768486138,-0.14502,-0.873047,-0.160645
1441193768502889,0.505859,-0.930664,0.692383
1441193768524889,-0.586914,-1.10938,-0.199707
1441193768546125,0.365234,-0.775879,0.308105
1441193768562915,-0.285645,-1.16992,0.179688
1441193768584891,0.125977,-0.807129,0.0458984
1441193768606165,-0.0947266,-1.125,0.369629
1441193768622970,-0.0581055,-0.805664,-0.112793
1441193768644893,0.0791016,-1.0874,0.499512
1441193768674035,-0.228027,-0.884766,-0.244141
1441193768682895,0.256348,-1.04688,0.637695
1441193768704956,-0.404785,-0.92627,-0.337891
1441193768752892,0.424805,-0.957031,0.706055
1441193768758896,-0.54541,-1.00635,-0.38623
1441193768764890,0.539063,-0.899414,0.724609
1441193768779012,-0.0483398,-1.10254,0.392578
1441193768801894,0.00830078,-0.916504,0.059082
1441193768823123,-0.0117188,-0.960938,0.170898
1441193768840898,-0.000976563,-0.969727,0.171875
1441193768861895,-0.0180664,-0.976563,0.173828
1441193768883145,-0.012207,-0.974121,0.172363
1441193768898999,-0.0327148,-0.969238,0.164551
1441193768921900,0.209473,-0.806152,-0.0498047
1441193768943891,-0.431641,-0.95166,-0.304199
1441193768958957,0.572754,-0.849609,0.646973
1441193768981902,-0.598633,-1.11084,-0.312012
1441193769003140,0.557617,-0.851074,0.697754
1441193769019897,-0.570801,-1.07031,-0.378906
1441193769041902,0.529785,-0.92627,0.730469
1441193769063164,-0.558594,-1.01416,-0.396484
1441193769079899,0.494141,-0.935059,0.735352
1441193769101902,-0.532715,-0.992188,-0.326172
1441193769132922,-0.305176,-0.920898,-0.0170898
1441193769139024,0.0239258,-0.959473,0.164551
1441193769161902,-0.0195313,-0.965332,0.165039
1441193769182905,-0.00683594,-0.967285,0.158203
1441193769206094,-0.034668,-0.970215,0.169434
1441193769228903,-0.0200195,-0.973145,0.17334
1441193769244903,-0.0126953,-0.962402,0.163574
1441193769266071,-0.0336914,-0.96875,0.171875
1441193769282937,-0.0161133,-0.977539,0.172363
1441193769304907,-0.00830078,-0.975586,0.158203
1441193769325935,-0.0131836,-0.979492,0.154785
1441193769342931,-0.0268555,-0.975586,0.173828
1441193769364904,-0.000488281,-0.970703,0.175781
1441193769386907,0.0117188,-0.95459,0.188477
1441193769402974,0.0229492,-0.944336,0.175293
1441193769424906,0.043457,-0.939453,0.213867
1441193769446105,0.0336914,-0.984375,0.215332
1441193769462907,-0.00537109,-1.03418,0.208984
1441193769484913,-0.0585938,-1.07568,0.216309
1441193769506143,-0.0727539,-1.05908,0.211914
1441193769521912,-0.0708008,-1.00537,0.205566
1441193769544911,-0.0898438,-0.915039,0.19043
1441193769567907,-0.129883,-0.838867,0.0893555
1441193769581908,-0.110352,-0.891113,0.0561523
1441193769604914,-0.0332031,-1.00977,0.0380859
1441193769627906,0.015625,-1.08643,0.0830078
1441193769649050,-0.00878906,-1.01318,0.146484
1441193769664915,-0.074707,-0.891602,0.187012
1441193769687913,-0.124512,-0.833984,0.172363
1441193769701915,-0.103516,-0.893066,0.188965
1441193769724943,-0.0810547,-0.989746,0.203613
1441193769747921,-0.0678711,-1.03809,0.218262
1441193769761916,-0.0498047,-1.03027,0.215332
1441193769784916,-0.0449219,-0.989746,0.203125
1441193769807960,-0.0478516,-0.962891,0.208984
1441193769821913,-0.0410156,-0.973633,0.195801
1441193769844914,-0.0263672,-0.971191,0.181152
1441193769867914,-0.0166016,-0.986816,0.16748
1441193769881919,-0.0117188,-0.984375,0.165039
1441193769904917,-0.0170898,-0.992676,0.159668
1441193769927919,-0.0395508,-0.992188,0.144043
1441193769941923,-0.0395508,-0.955566,0.151367
1441193769964932,-0.0581055,-0.946289,0.150879
1441193769987917,-0.0541992,-0.958008,0.14502
1441193770001920,-0.0507813,-0.994141,0.159668
1441193770024979,-0.0581055,-1.0332,0.122559
1441193770047921,-0.0507813,-0.963379,0.163086
1441193770069028,-0.0478516,-0.931152,0.192871
1441193770084921,-0.0825195,-0.921387,0.125
1441193770107923,-0.0522461,-0.961426,0.155762
1441193770129034,-0.0527344,-1.13086,0.222656
1441193770144920,-0.03125,-0.983398,0.151855
1441193770167930,-0.0673828,-0.95459,0.224609
1441193770189085,-0.0869141,-0.977539,0.228516
1441193770204963,-0.0439453,-0.939941,0.197266
1441193770227945,-0.133789,-0.943848,0.165527
1441193770249065,-0.106445,-0.986816,0.166992
1441193770265925,-0.0385742,-0.961914,0.17334
1441193770287926,-0.0898438,-0.94873,0.162109
1441193770309077,-0.0517578,-0.928711,0.174316
1441193770324963,-0.0878906,-0.933105,0.17334
1441193770347955,-0.0644531,-0.955566,0.182129
1441193770369036,-0.090332,-0.997559,0.185059
1441193770384927,-0.065918,-0.962402,0.192383
1441193770407927,-0.100098,-0.984863,0.180176
1441193770429067,-0.078125,-0.981445,0.191406
1441193770444962,-0.0610352,-0.95166,0.193359
1441193770467929,-0.0898438,-0.96875,0.168457
1441193770489045,-0.0673828,-0.958984,0.172363
1441193770504943,-0.0615234,-0.979492,0.180664
1441193770527932,-0.0688477,-0.993164,0.185547
1441193770549940,-0.0693359,-0.965332,0.17627
1441193770564928,-0.0874023,-0.938477,0.164551
1441193770587989,-0.0830078,-0.983398,0.175781
1441193770617949,-0.0742188,-1.03223,0.204102
1441193770624929,-0.0761719,-0.994629,0.206543
1441193770647933,-0.124023,-0.961426,0.17627
1441193770669932,-0.0810547,-0.927734,0.182129
1441193770684986,-0.065918,-0.997559,0.200195
1441193770707933,-0.0927734,-1.01514,0.203125
1441193770729931,-0.110352,-0.972656,0.190918
1441193770744029,-0.128418,-0.92627,0.194336
1441193770767935,-0.106445,-0.958984,0.19043
1441193770789936,-0.135254,-0.999023,0.182617
1441193770804935,-0.151855,-0.980957,0.197266
1441193770827963,-0.12793,-0.950684,0.199707
1441193770849937,-0.166504,-0.92627,0.196289
1441193770864137,-0.150879,-0.942871,0.187012
1441193770894110,-0.164063,-0.972656,0.197754
1441193770909935,-0.146973,-0.939941,0.195801
1441193770931166,-0.154297,-0.929688,0.187988
1441193770947934,-0.150879,-0.927734,0.205566
1441193770969938,-0.141602,-0.949219,0.193359
1441193770984938,-0.157715,-0.952148,0.167969
1441193771007939,-0.148438,-0.959473,0.180664
1441193771029937,-0.121094,-0.939453,0.175781
1441193771051148,-0.124512,-0.929688,0.186035
1441193771067938,-0.125977,-0.908203,0.180176
1441193771089941,-0.102539,-0.973633,0.199707
1441193771111169,-0.102051,-0.980469,0.207031
1441193771127942,-0.17627,-0.984863,0.0537109
1441193771150943,-0.230957,-1.01123,-0.015625
1441193771170943,-0.217773,-1.08691,0.0249023
1441193771187943,-0.165527,-0.876465,0.0493164
1441193771209946,-0.0957031,-0.831543,0.17041
1441193771231215,0.0288086,-0.939453,0.236328
1441193771247944,-0.0727539,-0.96582,0.174316
1441193771269947,-0.17627,-0.969238,0.184082
1441193771291945,-0.206543,-0.942383,0.131348
1441193771307943,-0.157227,-0.994141,0.125488
1441193771329946,-0.0708008,-1.01758,0.163086
1441193771351182,-0.0668945,-0.958008,0.17334
1441193771367944,0.0600586,-0.958496,0.20752
1441193771389947,0.0263672,-0.964844,0.188965
1441193771411175,-0.120117,-0.994629,0.134766
1441193771426948,-0.104004,-1.05811,0.112305
1441193771450952,-0.0322266,-1.06641,0.113281
1441193771472949,-0.097168,-1.01416,0.114258
1441193771486953,-0.120117,-0.981934,0.100098
1441193771509951,-0.124023,-0.958984,0.0996094
1441193771532949,-0.0786133,-0.980957,0.103516
1441193771546947,-0.0429688,-0.98877,0.118652
1441193771569948,-0.0585938,-1.0498,0.0888672
1441193771592966,-0.104004,-1.0498,0
1441193771606948,-0.0454102,-0.952148,0.213867
1441193771629999,0.125977,-0.944336,0.233398
1441193771652949,0.0395508,-0.838867,0.237305
1441193771666954,-0.15625,-0.799805,0.265137
1441193771691015,-0.399902,-0.992676,0.0463867
1441193771712956,-0.268066,-1.04834,0.0878906
1441193771726950,0.160156,-1.33203,0.108398
1441193771749950,0.0180664,-1.03564,0.0766602
1441193771772948,-0.0991211,-0.86084,0.140625
1441193771794070,-0.0214844,-0.918945,0.145508
1441193771809952,-0.10498,-0.963379,0.156738
1441193771832952,-0.105957,-0.963379,0.132813
1441193771854116,-0.12793,-0.96875,0.145508
1441193771869957,-0.111816,-0.981445,0.165039
1441193771892957,-0.103027,-0.966797,0.183105
1441193771906958,-0.0981445,-0.939453,0.171875
1441193771929958,-0.100586,-0.981445,0.146973
1441193771952954,-0.107422,-0.947754,0.135254
1441193771974955,-0.0834961,-0.930664,0.15332
1441193771989959,-0.074707,-0.962402,0.181152
1441193772012988,-0.111816,-0.95752,0.132813
1441193772034085,-0.0932617,-0.96875,0.139648
1441193772049956,-0.0805664,-0.981934,0.167969
1441193772073003,-0.0966797,-0.963379,0.188965
1441193772094151,-0.113281,-0.879395,0.189941
1441193772116188,-0.169434,-0.881348,0.0683594
1441193772132962,-0.144043,-1.02979,0.0263672
1441193772154111,-0.106934,-1.1001,-0.00292969
1441193772169963,-0.13623,-1.05957,-0.00488281
1441193772192965,-0.141602,-1.00439,0.0288086
1441193772214095,-0.10791,-0.937012,0.065918
1441193772229964,-0.074707,-0.911621,0.107422
1441193772252988,-0.0327148,-0.880859,0.147949
1441193772258159,-0.0634766,-0.912109,0.157227
1441193772281018,-0.090332,-0.91748,0.132813
1441193772295969,-0.00927734,-0.99707,0.147949
1441193772318198,0.0107422,-1.03564,0.186035
1441193772341135,-0.108887,-0.990234,0.154297
1441193772356121,-0.109375,-1.00537,0.129395
1441193772378183,-0.0239258,-1.02197,0.130371
1441193772401059,-0.0361328,-1.04492,0.128906
1441193772416048,-0.0498047,-1.06348,0.141113
1441193772438221,-0.0541992,-0.994141,0.137695
1441193772460981,-0.0458984,-0.972168,0.136719
1441193772476044,-0.0595703,-0.984375,0.121094
1441193772497980,-0.0537109,-1.01514,0.108398
1441193772521091,-0.0400391,-1.00439,0.100586
1441193772536108,-0.0385742,-0.990723,0.0976563
1441193772560969,-0.0366211,-1.00879,0.0976563
1441193772581102,-0.0859375,-0.993652,0.0595703
1441193772596078,-0.0585938,-1.00293,0.0727539
1441193772618162,0.00927734,-0.947754,0.0976563
1441193772641064,0.0478516,-0.886719,0.19043
1441193772656001,-0.0517578,-0.967285,0.169922
1441193772678209,-0.260254,-0.913574,0.0595703
1441193772701002,-0.124023,-1.01514,0.143066
1441193772716054,-0.0522461,-1.13867,0.00878906
1441193772738206,-0.104492,-1.05615,-0.0585938
1441193772761012,-0.0107422,-1.01904,0.0693359
1441193772776076,-0.11377,-1.0083,0.103516
1441193772798144,-0.124512,-0.881836,0.11084
1441193772821022,-0.10791,-0.839844,0.0854492
1441193772836036,-0.0844727,-1.01074,0.138184
1441193772857975,-0.097168,-1.03906,0.156738
1441193772880974,-0.106934,-0.98584,0.123535
1441193772896031,-0.105957,-0.910645,0.112793
1441193772918261,-0.0869141,-0.961914,0.145508
1441193772940976,-0.0629883,-0.967285,0.116211
1441193772955987,-0.0957031,-0.987305,0.112305
1441193772978214,-0.0683594,-0.980469,0.110352
1441193773001169,-0.074707,-1.00537,0.134277
1441193773016979,-0.120605,-0.943848,0.134277
1441193773038279,-0.116211,-0.898438,0.135742
1441193773060988,-0.097168,-0.898438,0.0927734
1441193773076981,-0.101563,-0.979004,0.0214844
1441193773098207,-0.0766602,-1.09424,0.000976563
1441193773121010,-0.0986328,-1.10938,-0.0195313
1441193773136982,-0.127441,-1.05371,-0.00292969
1441193773158190,-0.0854492,-0.939453,0.0498047
1441193773180981,-0.0839844,-0.855957,0.0849609
1441193773200005,-0.0620117,-0.851563,0.0942383
1441193773218240,-0.0566406,-0.937988,0.121094
1441193773240981,-0.0771484,-1.02002,0.126465
1441193773256983,-0.0771484,-1.01172,0.133789
1441193773278180,-0.0820313,-0.962402,0.131348
1441193773302984,-0.0620117,-0.974609,0.120117
1441193773316986,-0.0341797,-1.0332,0.126465
1441193773338223,-0.0605469,-1.03906,0.131836
1441193773361086,-0.0927734,-1.00439,0.104492
1441193773377986,-0.0615234,-0.982422,0.11084
1441193773398233,-0.0268555,-0.992188,0.121582
1441193773420988,-0.0429688,-1.00293,0.117676
1441193773439022,-0.0625,-0.980957,0.11377
1441193773458193,-0.0449219,-0.961426,0.102539
1441193773481084,-0.0214844,-0.979004,0.102051
1441193773501124,-0.0112305,-0.98877,0.109375
1441193773518203,-0.000976563,-0.983887,0.131836
1441193773540993,-0.0541992,-1.05615,0.0771484
1441193773557989,-0.0268555,-1.08496,0.0146484
1441193773578290,0.0585938,-0.975586,0.15918
1441193773601134,0.0307617,-0.828125,0.169922
1441193773617991,-0.118164,-0.822754,0.165039
1441193773638225,-0.186035,-1.09912,0.027832
1441193773660992,-0.162109,-1.18164,-0.0893555
1441193773677991,0.000488281,-1.11279,0.100098
1441193773698256,-0.0175781,-0.90625,0.0893555
1441193773721015,-0.0927734,-0.90332,0.0600586
1441193773738991,-0.114746,-0.938965,0.104004
1441193773758256,-0.0483398,-0.922852,0.117188
1441193773781088,-0.0932617,-0.985352,0.13623
1441193773797995,-0.10791,-0.958984,0.130371
1441193773818145,-0.0893555,-0.962402,0.120117
1441193773841314,-0.0991211,-0.966797,0.0991211
1441193773863243,-0.0805664,-0.944824,0.136719
1441193773878240,-0.0556641,-0.942871,0.156738
1441193773895996,-0.0585938,-0.964844,0.132324
1441193773917993,-0.0869141,-0.983887,0.0917969
1441193773938256,-0.0742188,-0.976074,0.0922852
1441193773955993,-0.0483398,-0.987305,0.118652
1441193773979994,-0.0356445,-0.996094,0.111328
1441193774000028,-0.0893555,-0.992188,0.0957031
1441193774015997,-0.0776367,-1.00586,0.117188
1441193774037995,-0.081543,-0.99707,0.126953
1441193774060066,-0.0810547,-0.95166,0.130371
1441193774076111,-0.0615234,-0.915527,0.126953
1441193774099000,-0.078125,-0.919922,0.140137
1441193774119999,-0.0761719,-0.946289,0.123535
1441193774141069,-0.0751953,-0.984375,0.0654297
1441193774158001,-0.09375,-1.01172,0.0112305
1441193774180010,-0.140625,-1.03711,-0.0810547
1441193774201078,-0.11084,-1.06348,-0.0615234
1441193774220003,-0.0908203,-1.03613,-0.0180664
1441193774240054,-0.0791016,-0.922363,0.0273438
1441193774261167,-0.0234375,-0.890137,0.0756836
1441193774278004,-0.0234375,-0.896484,0.0776367
1441193774300009,-0.0644531,-0.984375,0.103516
1441193774321053,-0.0825195,-1.02295,0.101563
1441193774339002,-0.0512695,-1.01221,0.105469
1441193774361106,-0.0219727,-0.998047,0.120605
1441193774381276,-0.00488281,-1.00342,0.133789
1441193774398006,-0.0244141,-1.03271,0.121094
1441193774420006,-0.0600586,-1.0459,0.0786133
1441193774441230,-0.050293,-1.02783,0.0898438
1441193774458006,-0.0302734,-0.97998,0.0610352
1441193774480008,0.00390625,-1.00977,0.0722656
1441193774501258,-0.0112305,-1.07129,0.0146484
1441193774518024,-0.0170898,-1.07275,0.000976563
1441193774541007,-0.0273438,-0.941895,0.118652
1441193774561245,0.0424805,-0.894043,0.12207
1441193774578005,-0.0664063,-0.935547,-0.00292969
1441193774600010,-0.0957031,-1.10547,0.112305
1441193774621280,-0.0385742,-1.12012,0.0913086
1441193774638008,-0.0200195,-0.92041,0.078125
1441193774660011,-0.0146484,-0.861328,0.0932617
1441193774681247,-0.043457,-1.01855,0.0776367
1441193774698012,-0.102539,-1.02246,0.0517578
1441193774720009,-0.0864258,-0.962891,0.0512695
1441193774741254,-0.0463867,-0.967285,0.0546875
1441193774758027,-0.0678711,-0.994629,0.0737305
1441193774781035,-0.0688477,-0.967773,0.0844727
1441193774795012,-0.0942383,-0.941406,0.0820313
1441193774818046,-0.0805664,-0.945313,0.106934
1441193774841014,-0.0703125,-0.962402,0.148438
1441193774861286,-0.0449219,-0.935059,0.100586
1441193774878010,-0.106445,-0.97998,0.0791016
1441193774900011,-0.0600586,-0.993652,0.0786133
1441193774921260,-0.0473633,-0.992676,0.0966797
1441193774938016,-0.0361328,-0.991211,0.106445
1441193774960016,-0.0625,-0.983887,0.0917969
1441193774981262,-0.0766602,-0.977539,0.0742188
1441193774998017,-0.0610352,-0.986816,0.078125
1441193775020015,-0.0595703,-0.979004,0.103027
1441193775041271,-0.0385742,-0.95459,0.117188
1441193775058027,-0.074707,-0.963379,0.078125
1441193775080020,-0.101074,-0.998047,0.0605469
1441193775101268,-0.137207,-1.01563,-0.0175781
1441193775118040,-0.0888672,-1.03516,-0.0244141
1441193775140021,-0.0849609,-1.01318,0
1441193775161231,-0.0380859,-0.932129,0.0439453
1441193775178084,0.0146484,-0.933594,0.0888672
1441193775200018,-0.0356445,-0.938477,0.0800781
1441193775221270,-0.0537109,-1.01855,0.103027
1441193775237019,-0.0649414,-0.989258,0.100098
1441193775261110,-0.0991211,-0.987305,0.081543
1441193775281268,-0.0859375,-0.996094,0.100098
1441193775304201,-0.0537109,-1.03857,0.10791
1441193775320025,-0.0668945,-1.03955,0.112305
1441193775342144,-0.0581055,-0.993652,0.113281
1441193775357021,-0.0678711,-0.947754,0.104004
1441193775380023,-0.0644531,-0.98584,0.0693359
1441193775403025,-0.0483398,-1.02832,0.0688477
1441193775418065,-0.0400391,-0.930176,0.0976563
1441193775440026,-0.0830078,-0.958984,0.0600586
1441193775463020,-0.0620117,-1.03906,0.0405273
1441193775477028,-0.0620117,-1.03418,0.0634766
1441193775501032,-0.102539,-0.981445,0.0854492
1441193775523021,-0.0449219,-0.925781,0.0717773
1441193775537024,-0.0371094,-0.970703,0.0795898
1441193775560025,-0.0683594,-1.04199,0.09375
1441193775583025,-0.0991211,-1.01367,0.0366211
1441193775597028,-0.0292969,-0.923828,0.0688477
1441193775620030,-0.0551758,-0.967285,0.0834961
1441193775643031,-0.101563,-1.02686,0.0825195
1441193775664152,-0.081543,-0.975098,0.0913086
1441193775680031,-0.065918,-0.958008,0.103516
1441193775703026,-0.11377,-0.982422,0.119141
1441193775717028,-0.121094,-1.02051,0.102051
1441193775740032,-0.179199,-1.00879,0.0942383
1441193775763055,-0.191895,-1.00195,0.0712891
1441193775784229,-0.191406,-0.991211,0.11084
1441193775800034,-0.214355,-0.973633,0.118652
1441193775823030,-0.240723,-1.01611,0.107422
1441193775844101,-0.23584,-0.955566,0.154297
1441193775860031,-0.208008,-0.964355,0.174316
1441193775889163,-0.182617,-0.947266,0.214844
1441193775904188,-0.133301,-0.948242,0.249023
1441193775920038,-0.123047,-0.95752,0.275391
1441193775943098,-0.134277,-0.975098,0.287109
1441193775964038,-0.137695,-0.956543,0.280762
1441193775980034,-0.0883789,-0.924316,0.266602
1441193776002178,-0.0332031,-0.916504,0.267578
1441193776024190,0.0292969,-0.936035,0.27832
1441193776040035,0.0683594,-0.919434,0.297852
1441193776063034,0.078125,-0.862305,0.30127
1441193776084206,0.0541992,-0.857422,0.317871
1441193776100040,0.0751953,-0.873535,0.314941
1441193776123035,0.0922852,-0.936035,0.336426
1441193776144184,0.116211,-0.936035,0.379395
1441193776160038,0.0742188,-0.88623,0.374023
1441193776184041,0.0200195,-0.882324,0.388184
1441193776204091,-0.0195313,-0.904785,0.390137
1441193776219039,-0.0205078,-0.92627,0.389648
1441193776242083,0.00878906,-0.932617,0.399902
1441193776265037,0.0112305,-0.902344,0.396973
1441193776280037,-0.0126953,-0.875,0.405273
1441193776303066,-0.00244141,-0.861816,0.399414
1441193776325040,0.0424805,-0.887695,0.402832
1441193776340039,0.0722656,-0.907227,0.39502
1441193776364045,0.0698242,-0.895996,0.396484
1441193776385047,0.0258789,-0.867188,0.395996
1441193776399040,-0.00244141,-0.856445,0.399414
1441193776422043,-0.000976563,-0.871582,0.410156
1441193776445042,-0.00585938,-0.910156,0.418945
1441193776459044,-0.0258789,-0.908203,0.424805
1441193776482195,-0.0366211,-0.894531,0.419434
1441193776505043,-0.0249023,-0.880859,0.422363
1441193776519042,-0.00390625,-0.896484,0.42627
1441193776543045,0.0200195,-0.909668,0.434082
1441193776565047,0.0297852,-0.895996,0.422852
1441193776579079,0.0449219,-0.890137,0.416992
1441193776603084,0.0625,-0.876465,0.415039
1441193776625048,0.0844727,-0.865234,0.410156
1441193776639046,0.0932617,-0.839355,0.395508
1441193776663050,0.123535,-0.817383,0.399902
1441193776686054,0.114258,-0.802246,0.333008
1441193776707078,0.10791,-0.908691,0.365234
1441193776723093,0.0742188,-1.00635,0.388672
1441193776745051,0.0458984,-0.969727,0.408691
1441193776766266,0.000488281,-0.912598,0.415039
1441193776783060,-0.0170898,-0.874023,0.420898
1441193776805053,-0.0258789,-0.897461,0.424316
1441193776826257,-0.0307617,-0.933594,0.430176
1441193776843080,-0.00537109,-0.931641,0.420898
1441193776865055,0,-0.922852,0.428711
1441193776886289,0.0170898,-0.895996,0.416504
1441193776903097,0.0200195,-0.871094,0.413086
1441193776926060,0.0463867,-0.885254,0.412109
1441193776946077,0.0493164,-0.916504,0.414551
1441193776963051,0.0336914,-0.927734,0.436523
1441193776985056,0.0375977,-0.885742,0.414551
1441193777008051,0.0209961,-0.831055,0.40625
1441193777022052,0.0537109,-0.849609,0.409668
1441193777045058,0.0893555,-0.887207,0.405273
1441193777066289,0.0664063,-0.872559,0.416504
1441193777083065,0.03125,-0.846191,0.443848
1441193777105056,0.0234375,-0.834961,0.437988
1441193777126284,0.0322266,-0.873047,0.429199
1441193777143058,0.050293,-0.893066,0.441895
1441193777165095,0.0717773,-0.954102,0.47168
1441193777188098,0.0566406,-0.913086,0.466309
1441193777203058,0.0332031,-0.858887,0.461914
1441193777225061,0.0273438,-0.870117,0.4375
1441193777248058,0.0253906,-0.898926,0.433594
1441193777263061,0.0126953,-0.901855,0.427246
1441193777285062,0.0161133,-0.876953,0.40625
1441193777308099,0.0454102,-0.875977,0.407227
1441193777323115,0.0615234,-0.871582,0.407227
1441193777345061,0.078125,-0.880371,0.415039
1441193777368092,0.0722656,-0.888672,0.417969
1441193777382060,0.081543,-0.876465,0.416992
1441193777405063,0.0854492,-0.871582,0.420898
1441193777428076,0.0869141,-0.871094,0.42334
1441193777442061,0.0913086,-0.876953,0.425781
1441193777465068,0.11377,-0.818359,0.410156
1441193777488061,0.151367,-0.86084,0.378418
1441193777509138,0.188965,-0.874023,0.34668
1441193777526065,0.219727,-0.887695,0.310059
1441193777548061,0.245117,-0.914063,0.249023
1441193777569256,0.227539,-0.904785,0.230469
1441193777585064,0.150879,-0.911621,0.193848
1441193777607190,0.151855,-0.975098,0.189453
1441193777629185,0.167969,-1.04053,0.169434
1441193777645067,0.162598,-1.0415,0.17627
1441193777668064,0.0634766,-1.01025,0.175293
1441193777689232,-0.0678711,-1.00293,0.17041
1441193777706067,-0.168945,-1.01074,0.157715
1441193777727194,-0.141602,-1.12207,0.133789
1441193777749221,-0.105469,-1.17139,0.0957031
1441193777765071,-0.0444336,-1.09326,0.158203
1441193777788100,-0.143066,-0.961426,0.239746
1441193777809226,-0.439453,-0.964844,-0.0307617
1441193777825069,-0.35498,-0.958984,0.0947266
1441193777848069,-0.0405273,-1.06445,0.0283203
1441193777869224,-0.219238,-0.986328,-0.00390625
1441193777885066,-0.225098,-0.98291,0.0180664
1441193777907209,-0.220703,-0.966797,0.0302734
1441193777929163,-0.221191,-0.882324,0.046875
1441193777945066,-0.216309,-0.880371,0.0708008
1441193777968102,-0.205566,-0.912598,0.0859375
1441193777989184,-0.204102,-0.90625,0.0649414
1441193778005071,-0.207031,-0.87793,0.0893555
1441193778028065,-0.196289,-0.900879,0.0917969
1441193778049182,-0.184082,-0.915039,0.0932617
1441193778056069,-0.155273,-0.919922,0.0854492
1441193778073070,-0.134766,-0.943359,0.0888672
1441193778093355,-0.108887,-0.966309,0.0874023
1441193778116069,-0.090332,-0.974121,0.106934
1441193778131121,-0.065918,-0.973145,0.146484
1441193778153299,-0.0961914,-0.910156,0.114258
1441193778176071,-0.186523,-0.92627,-0.0146484
1441193778191102,-0.175781,-1.09424,-0.0595703
1441193778213345,-0.13916,-1.0874,-0.0249023
1441193778236071,-0.174316,-1.00879,0.00927734
1441193778251079,-0.118164,-1.00293,0.0698242
1441193778273225,-0.0625,-0.92334,0.135254
1441193778296110,-0.0341797,-0.858398,0.148438
1441193778311091,-0.0141602,-0.930664,0.131348
1441193778333350,-0.0283203,-1.0542,0.114258
1441193778356072,-0.0620117,-1.08008,0.120605
1441193778373073,-0.0854492,-0.994141,0.123047
1441193778393344,-0.101074,-0.983887,0.122559
1441193778416074,-0.0917969,-1.02881,0.133301
1441193778431073,-0.10791,-1.04785,0.130859
1441193778453350,-0.120117,-1.03711,0.105469
1441193778476074,-0.121582,-1.03369,0.0859375
1441193778491096,-0.121094,-0.994141,0.0722656
1441193778513285,-0.0483398,-0.931641,0.159668
1441193778536155,-0.0556641,-0.944824,0.116211
1441193778551072,-0.191895,-1.02246,0.0834961
1441193778573074,-0.198242,-1.04395,0.0498047
1441193778596106,-0.185059,-1.021,0.0332031
1441193778610303,-0.0625,-0.921387,0.0917969
1441193778633306,-0.0219727,-0.940918,0.0288086
1441193778656074,-0.165039,-1.01465,0.10498
1441193778671134,-0.150879,-0.955078,0.0673828
1441193778693302,-0.0981445,-0.9375,0.0454102
1441193778716101,-0.143555,-0.976563,0.102539
1441193778732088,-0.110352,-0.991699,0.121582
1441193778753286,-0.123047,-0.939941,0.11084
1441193778776140,-0.141602,-0.93457,0.102051
1441193778792074,-0.128418,-0.958984,0.0957031
1441193778813331,-0.0932617,-0.952148,0.11377
1441193778836079,-0.0771484,-0.947754,0.123535
1441193778852076,-0.0878906,-0.937988,0.104004
1441193778873195,-0.0922852,-0.959473,0.0673828
1441193778896149,-0.129883,-0.997559,0.0336914
1441193778912072,-0.139648,-1.03857,-0.000976563
1441193778941074,-0.12793,-1.00928,0.000976563
1441193778956072,-0.097168,-0.985352,0.0371094
1441193778972073,-0.0795898,-0.955566,0.0737305
1441193778993271,-0.0634766,-0.954102,0.106445
1441193779016075,-0.0341797,-0.964355,0.137695
1441193779032076,-0.0297852,-0.961914,0.143555
1441193779053277,-0.0522461,-0.98291,0.151367
1441193779076077,-0.09375,-1.01465,0.13623
1441193779093075,-0.0917969,-1.04346,0.112305
1441193779113303,-0.0874023,-1.04639,0.105957
1441193779136078,-0.0883789,-1.00879,0.0932617
1441193779154130,-0.0986328,-0.981445,0.0844727
1441193779173186,-0.0976563,-1.0166,0.0766602
1441193779196078,-0.0947266,-1.00732,0.0712891
1441193779214077,-0.102051,-0.993164,0.0537109
1441193779233307,-0.104492,-0.980469,0.0644531
1441193779256084,-0.112793,-1.02344,0.0258789
1441193779273077,-0.105469,-1.00146,0.0571289
1441193779293079,-0.0751953,-0.925293,0.0786133
1441193779316079,-0.0566406,-0.897461,0.133789
1441193779333077,-0.15918,-0.983887,0.0595703
1441193779353319,-0.282715,-1.0791,0.0336914
1441193779376099,-0.131348,-1.04639,0.0571289
1441193779393075,-0.0527344,-0.90625,0.0581055
1441193779413338,-0.0751953,-0.930176,0.059082
1441193779436094,-0.0620117,-1.01855,0.0556641
1441193779454077,-0.100586,-1.04004,0.0805664
1441193779473218,-0.0927734,-0.930664,0.0766602
1441193779496090,-0.0908203,-0.89209,0.0800781
1441193779514079,-0.0883789,-1.01123,0.115723
1441193779533210,-0.0698242,-1.0415,0.125977
1441193779556132,-0.0898438,-0.980469,0.144043
1441193779573076,-0.106445,-0.967773,0.14209
1441193779594100,-0.111816,-0.991211,0.144531
1441193779616080,-0.081543,-0.96582,0.17041
1441193779633079,-0.0864258,-0.94873,0.137207
1441193779656088,-0.152344,-0.962891,0.0878906
1441193779676081,-0.144043,-0.991211,0.0341797
1441193779694077,-0.123535,-1.00342,0.00830078
1441193779715080,-0.124512,-0.998047,-0.0112305
1441193779736129,-0.12207,-0.993652,0.0185547
1441193779753080,-0.126953,-0.982422,0.0371094
1441193779774144,-0.113281,-0.944336,0.0693359
1441193779796149,-0.115234,-0.901367,0.0825195
1441193779813082,-0.0981445,-0.925781,0.10498
1441193779835080,-0.065918,-0.969238,0.119141
1441193779856083,-0.0703125,-0.975586,0.142578
1441193779873093,-0.09375,-0.958984,0.147949
1441193779895081,-0.0981445,-0.971191,0.144043
1441193779916082,-0.0942383,-1.01709,0.157715
1441193779933083,-0.104492,-1.021,0.141602
1441193779955082,-0.0913086,-1.01465,0.143066
1441193779975311,-0.0917969,-1.02197,0.129883
1441193779993081,-0.0966797,-1.07275,0.0673828
1441193780014093,-0.0610352,-0.998535,0.112305
1441193780036106,-0.046875,-0.933594,0.17334
1441193780053082,-0.0664063,-0.905273,0.137207
1441193780076084,-0.103516,-1.0415,0.0727539
1441193780096126,-0.155762,-1.12891,0.0722656
1441193780113082,-0.140625,-1.01709,0.119629
1441193780136205,-0.0454102,-0.880371,0.0922852
1441193780156084,-0.0634766,-0.904785,0.0893555
1441193780172081,-0.0854492,-1.04443,0.101074
1441193780196236,-0.145508,-1.06641,0.0771484
1441193780216248,-0.129883,-0.937988,0.0610352
1441193780233080,-0.108398,-0.898438,0.103027
1441193780256101,-0.0888672,-0.955078,0.115723
1441193780276311,-0.0947266,-0.95752,0.134766
1441193780293083,-0.128418,-0.967285,0.0883789
1441193780315088,-0.150391,-0.971191,0.0957031
1441193780330082,-0.0976563,-0.95459,0.0952148
1441193780352187,-0.118164,-0.976074,0.0834961
1441193780375086,-0.137695,-0.983398,0.0957031
1441193780396086,-0.137695,-0.947266,0.0805664
1441193780413086,-0.12793,-0.92627,0.0766602
1441193780435089,-0.0932617,-0.940918,0.0986328
1441193780456372,-0.0571289,-0.962891,0.115234
1441193780473086,-0.0488281,-0.964844,0.109375
1441193780495089,-0.0449219,-1.00244,0.112305
1441193780516315,-0.0390625,-1.03809,0.120605
1441193780532248,-0.0507813,-1.02197,0.121582
1441193780555083,-0.0791016,-0.989746,0.11377
1441193780576333,-0.101074,-1.00098,0.108398
1441193780593087,-0.121094,-1.02588,0.100586
1441193780615088,-0.114746,-1.02881,0.105957
1441193780637094,-0.114746,-1.00195,0.111816
1441193780653088,-0.119141,-0.976074,0.116211
1441193780675088,-0.123047,-0.957031,0.0981445
1441193780696313,-0.12207,-0.967285,0.0932617
1441193780713086,-0.109863,-0.982422,0.0991211
1441193780735089,-0.0961914,-0.978027,0.10498
1441193780756334,-0.108398,-0.958008,0.103516
1441193780773121,-0.101074,-0.966797,0.0976563
1441193780795088,-0.0610352,-0.957031,0.114258
1441193780816358,-0.0766602,-1.00391,0.0947266
1441193780833087,-0.0532227,-0.98584,0.113281
1441193780855090,-0.074707,-0.973145,0.113281
1441193780876322,-0.105469,-0.999512,0.0732422
1441193780893089,-0.0761719,-1.06689,0.128418
1441193780915090,-0.0825195,-1.04248,0.0898438
1441193780936333,-0.140137,-1.05273,0.0375977
1441193780952090,-0.115234,-0.945313,0.166992
1441193780975091,-0.0732422,-0.971191,0.0854492
1441193780998090,-0.0917969,-0.958008,0.114746
1441193781012089,-0.0917969,-1.00488,0.136719
1441193781035091,-0.114746,-0.970215,0.118652
1441193781058089,-0.126465,-0.950195,0.0966797
1441193781073089,-0.126953,-0.959961,0.0883789
1441193781096092,-0.105469,-0.921875,0.125488
1441193781117254,-0.0869141,-0.924805,0.124512
1441193781133085,-0.113281,-0.922363,0.125977
1441193781155088,-0.0927734,-0.904785,0.122559
1441193781178108,-0.112305,-0.947754,0.105957
1441193781199198,-0.104004,-1.00146,0.0961914
1441193781215092,-0.0961914,-1.02393,0.0717773
1441193781245089,-0.118164,-1.0376,0.0527344
1441193781259167,-0.149902,-1.00146,0.0615234
1441193781275089,-0.147461,-0.981445,0.0620117
1441193781305089,-0.139648,-0.975098,0.0688477
1441193781319224,-0.119141,-0.97168,0.0966797
1441193781335088,-0.101074,-0.973633,0.11084
1441193781358087,-0.0742188,-0.964355,0.125
1441193781379154,-0.0498047,-0.961914,0.152344
1441193781395093,-0.0600586,-0.967773,0.158203
1441193781418093,-0.0698242,-0.974121,0.155273
1441193781439181,-0.074707,-0.988281,0.158691
1441193781455094,-0.0756836,-1.00293,0.152832
1441193781477179,-0.0893555,-1.0415,0.13623
1441193781499277,-0.0737305,-1.02832,0.130371
1441193781515095,-0.0498047,-0.929199,0.168457
1441193781538092,-0.0908203,-0.945313,0.139648
1441193781559103,-0.110352,-1.00146,0.117188
1441193781575091,-0.0727539,-1.04785,0.115723
1441193781598089,-0.0878906,-0.989746,0.14209
1441193781619173,-0.0996094,-0.930664,0.113281
1441193781635095,-0.0932617,-0.925293,0.0751953
1441193781657163,-0.0649414,-0.971191,0.103516
1441193781679117,-0.078125,-0.999023,0.102539
1441193781695098,-0.0400391,-0.964844,0.123047
1441193781718095,-0.0214844,-0.92041,0.149902
1441193781739192,-0.0527344,-0.994629,0.126465
1441193781755091,-0.0961914,-1.1167,0.0683594
1441193781778093,-0.0991211,-1.03369,0.121582
1441193781799134,0.0458984,-0.950684,0.225098
1441193781815096,0.0302734,-0.965332,0.197266
1441193781838094,-0.248047,-0.961426,0.0668945
1441193781859254,-0.218262,-0.990234,0.140625
1441193781875094,-0.0688477,-0.980469,0.121094
1441193781898092,-0.0405273,-0.935547,0.0498047
1441193781919182,-0.0898438,-1.0542,0.0717773
1441193781935095,-0.0913086,-1.04102,0.114258
1441193781958092,-0.105469,-0.894043,0.0883789
1441193781980097,-0.150879,-0.881348,0.0546875
1441193781995098,-0.106934,-0.979492,0.0786133
1441193782018097,-0.09375,-1.0127,0.0898438
1441193782040098,-0.100098,-0.99707,0.123047
1441193782054140,-0.111328,-0.965332,0.115234
1441193782078091,-0.128418,-0.962891,0.115234
1441193782100097,-0.119141,-0.95166,0.115234
1441193782115096,-0.103516,-0.991211,0.10791
1441193782138096,-0.133789,-1.01953,0.0839844
1441193782160093,-0.148438,-1.02246,0.0463867
1441193782174094,-0.162109,-1.00635,0.046875
1441193782197237,-0.128418,-0.952148,0.0375977
1441193782220099,-0.101563,-0.928711,0.0581055
1441193782241366,-0.0556641,-0.958984,0.0791016
1441193782258099,-0.0380859,-0.95459,0.0981445
1441193782280094,-0.0551758,-0.9375,0.114258
1441193782301386,-0.0561523,-0.94043,0.116699
1441193782318094,-0.0541992,-0.967773,0.128906
1441193782340097,-0.0708008,-0.990234,0.138184
1441193782354221,-0.0932617,-1.01123,0.134277
1441193782377175,-0.0888672,-1.02979,0.141602
1441193782400100,-0.0883789,-1.02441,0.13916
1441193782415098,-0.0673828,-1.02734,0.152344
1441193782438102,-0.0810547,-1.0083,0.15332
1441193782460144,-0.0722656,-1.05225,0.125488
1441193782481349,-0.0566406,-1.03125,0.0961914
1441193782501090,-0.0571289,-0.935059,0.144531
1441193782520100,-0.0678711,-0.932617,0.115234
1441193782541278,-0.107422,-1.01465,0.108398
1441193782558099,-0.10791,-1.05615,0.0507813
1441193782580101,-0.103027,-1.05713,0.111328
1441193782601345,-0.108887,-0.95166,0.100098
1441193782618136,-0.0898438,-0.863281,0.0854492
1441193782640101,-0.0673828,-0.980957,0.0644531
1441193782661332,-0.0854492,-1.0249,0.0917969
1441193782678102,-0.0996094,-0.955078,0.111328
1441193782700102,-0.12207,-0.905762,0.0952148
1441193782721356,-0.148926,-0.931641,0.103516
1441193782738096,-0.0922852,-0.925293,0.115234
1441193782760098,-0.081543,-0.919922,0.129883
1441193782781364,-0.0751953,-0.953125,0.147461
1441193782797274,-0.078125,-0.972656,0.135742
1441193782820098,-0.065918,-1.01709,0.130371
1441193782841323,-0.0712891,-1.0293,0.14209
1441193782858101,-0.0991211,-1.0293,0.114746
1441193782880099,-0.112793,-0.998535,0.0878906
1441193782903103,-0.125488,-1.01465,0.0717773
1441193782917128,-0.120605,-1.02783,0.0708008
1441193782940157,-0.104004,-0.975586,0.112305
1441193782963099,-0.0878906,-0.920898,0.13916
1441193782977103,-0.0961914,-0.943359,0.152344
1441193783000105,-0.0766602,-0.970215,0.193359
1441193783022180,-0.0683594,-0.992676,0.219238
1441193783037100,-0.0625,-0.974609,0.232422
1441193783060105,-0.0532227,-0.950195,0.242676
1441193783083099,-0.0566406,-0.947754,0.22998
1441193783097105,-0.050293,-0.981445,0.226563
1441193783120100,-0.0581055,-1.01221,0.214844
1441193783143100,-0.0541992,-1.00879,0.195313
1441193783157104,-0.0351563,-0.95459,0.196289
1441193783180105,-0.0546875,-0.896484,0.195801
1441193783203101,-0.0415039,-0.946289,0.184082
1441193783224268,-0.0341797,-1.01855,0.154297
1441193783240106,-0.0634766,-0.971191,0.17334
1441193783263100,-0.0449219,-0.98291,0.13916
1441193783284224,-0.09375,-1.0708,0.196289
1441193783300102,-0.0478516,-0.954102,0.171387
1441193783323104,-0.116699,-0.880859,0.153809
1441193783344137,-0.14209,-0.970215,0.0888672
1441193783360106,-0.102051,-1.03906,0.12207
1441193783383104,-0.11377,-1.08252,0.140625
1441193783404102,-0.100586,-0.958984,0.132324
1441193783420167,-0.0717773,-0.932617,0.166504
1441193783443105,-0.0996094,-0.928711,0.140137
1441193783464123,-0.152344,-1.01221,0.111816
1441193783480108,-0.146973,-0.979004,0.121094
1441193783503102,-0.15332,-0.943359,0.137695
1441193783524262,-0.14209,-0.926758,0.156738
1441193783540103,-0.17041,-0.915039,0.148926
1441193783570107,-0.139648,-0.911621,0.147461
1441193783584114,-0.121582,-0.924805,0.148438
1441193783600103,-0.139648,-0.935547,0.133789
1441193783623150,-0.155273,-0.962891,0.103516
1441193783644118,-0.163574,-1.00195,0.0698242
1441193783660104,-0.1875,-1.00488,0.0478516
1441193783683103,-0.163086,-0.969727,0.0776367
1441193783704124,-0.132324,-0.960449,0.0913086
1441193783720109,-0.115723,-0.986328,0.119141
1441193783742281,-0.0888672,-0.982422,0.135254
1441193783764162,-0.074707,-0.947266,0.149414
1441193783780107,-0.0878906,-0.965332,0.150391
1441193783803119,-0.104492,-0.947266,0.169434
1441193783824130,-0.0976563,-0.96582,0.152832
1441193783840108,-0.0561523,-0.979492,0.166016
1441193783863108,-0.0908203,-1.09424,0.125
1441193783885105,-0.0927734,-1.04541,0.154297
1441193783891108,-0.0683594,-0.937988,0.180664
1441193783913306,-0.105957,-0.912109,0.163086
1441193783928303,-0.13916,-1.00537,0.114258
1441193783951110,-0.152344,-1.10303,0.120605
1441193783973324,-0.133301,-1.06055,0.105469
1441193783988336,-0.126465,-0.958496,0.116699
1441193784011166,-0.0947266,-0.883789,0.0800781
1441193784027110,-0.0986328,-0.958008,0.0825195
1441193784048310,-0.135742,-1.02295,0.0683594
1441193784071115,-0.141113,-0.983887,0.0581055
1441193784095109,-0.182129,-0.941895,0.0532227
1441193784108111,-0.187012,-0.94043,0.0478516
1441193784130348,-0.180176,-0.955566,0.0576172
1441193784146109,-0.196777,-0.979492,0.0629883
1441193784168322,-0.191406,-0.977051,0.0913086
1441193784199126,-0.160156,-0.98291,0.119141
1441193784207106,-0.141602,-0.995605,0.155762
1441193784228322,-0.141113,-1.00586,0.19043
1441193784251130,-0.13916,-1.0293,0.224121
1441193784267108,-0.132813,-0.987305,0.277832
1441193784288286,-0.128906,-0.938477,0.302246
1441193784311112,-0.123535,-0.86084,0.319336
1441193784327112,-0.10498,-0.875977,0.335449
1441193784348114,-0.10498,-0.936523,0.344727
1441193784371182,-0.109863,-0.973633,0.331543
1441193784387112,-0.119629,-0.981445,0.309082
1441193784408114,-0.121094,-1,0.295898
1441193784430377,-0.116211,-1.02002,0.298828
1441193784447113,-0.112793,-1.01514,0.299316
1441193784468334,-0.0966797,-0.975586,0.319824
1441193784491146,-0.0917969,-0.946777,0.337402
1441193784507112,-0.0571289,-0.85498,0.304199
1441193784528333,-0.0400391,-0.850098,0.305664
1441193784551113,-0.0576172,-0.901855,0.307617
1441193784574115,-0.0776367,-0.931641,0.328125
1441193784588114,-0.081543,-0.940918,0.335938
1441193784610354,-0.0678711,-0.924805,0.34375
1441193784627109,-0.0688477,-0.879883,0.361328
1441193784648330,-0.0766602,-0.872559,0.36084
1441193784674110,-0.0439453,-0.876953,0.358398
1441193784687130,-0.0332031,-0.903809,0.374023
1441193784708279,-0.0180664,-0.905762,0.387207
1441193784731137,-0.0166016,-0.885742,0.38916
1441193784747115,-0.012207,-0.863281,0.392578
1441193784769111,0.000976563,-0.896484,0.400879
1441193784791158,0.00537109,-0.908203,0.398926
1441193784808133,0.00390625,-0.877441,0.394531
1441193784828152,0.0200195,-0.867188,0.388672
1441193784851118,0.0175781,-0.874512,0.397949
1441193784868114,0.0131836,-0.870117,0.383789
1441193784888356,0.0249023,-0.873535,0.391113
1441193784911116,0.0214844,-0.86084,0.400879
1441193784928113,0.0170898,-0.87793,0.408203
1441193784956178,0.00439453,-0.877441,0.42041
1441193784971118,-0.0180664,-0.881348,0.42627
1441193784989115,-0.03125,-0.866211,0.42041
1441193785011115,-0.0322266,-0.881348,0.42334
1441193785030336,-0.0424805,-0.890625,0.421387
1441193785048113,-0.0463867,-0.88916,0.418457
1441193785068118,-0.0371094,-0.900391,0.441406
1441193785091117,-0.0585938,-0.867188,0.407715
1441193785108162,-0.0336914,-0.852051,0.418945
1441193785128334,-0.0551758,-0.902832,0.412598
1441193785151136,-0.078125,-0.927734,0.413086
1441193785168116,-0.0932617,-0.874512,0.391602
1441193785188351,-0.108398,-0.79834,0.358398
1441193785211158,-0.0654297,-0.899414,0.342773
1441193785228117,-0.0288086,-0.95166,0.398438
1441193785248353,0.0424805,-0.943848,0.439941
1441193785270336,0.143555,-0.966797,0.44043
1441193785288129,-0.000976563,-1.02393,0.415039
1441193785308121,-0.134766,-0.865234,0.35498
1441193785331176,-0.145996,-0.841309,0.303711
1441193785348118,-0.0913086,-1.04688,0.294434
1441193785369187,-0.00634766,-0.941406,0.304688
1441193785391119,-0.10498,-0.958984,0.344238
1441193785408120,-0.0791016,-0.910156,0.323242
1441193785429156,-0.078125,-0.904785,0.321289
1441193785451119,-0.0673828,-0.867676,0.354492
1441193785468118,-0.0410156,-0.921387,0.373535
1441193785490119,0.0380859,-0.918945,0.418457
1441193785510317,0.0732422,-0.901855,0.449219
1441193785528119,-0.0913086,-0.864746,0.48877
1441193785549119,-0.103027,-0.776367,0.532715
1441193785570360,-0.0961914,-0.862305,0.403809
1441193785588116,-0.310547,-0.990723,0.320801
1441193785610120,-0.140625,-1.01563,0.42334
1441193785630381,0.0126953,-1.06738,0.40332
1441193785648116,-0.0297852,-0.836426,0.400879
1441193785669179,-0.121094,-0.711426,0.46875
1441193785691121,-0.0112305,-0.638184,0.40918
1441193785708120,0.0634766,-0.794922,0.42627
1441193785731277,0.0732422,-0.960449,0.445801
1441193785750370,0.050293,-1.00732,0.40918
1441193785768117,0.0410156,-0.959473,0.355469
1441193785791120,0.0693359,-0.9375,0.331543
1441193785811122,0.127441,-0.905273,0.34668
1441193785828118,0.130859,-0.830078,0.348145
1441193785851246,0.0629883,-0.818848,0.384766
1441193785870388,0.0791016,-0.804688,0.414063
1441193785888118,0.109863,-0.831543,0.421387
1441193785911204,0.146973,-0.871582,0.442871
1441193785930359,0.121094,-0.927734,0.449219
1441193785948118,0.0791016,-0.939453,0.462402
1441193785971122,0.0556641,-0.919922,0.469238
1441193785990362,0.0517578,-0.879883,0.468262
1441193786008119,0.0668945,-0.856445,0.465332
1441193786030124,0.0849609,-0.849609,0.457031
1441193786051219,0.101563,-0.867676,0.433594
1441193786068120,0.0805664,-0.87793,0.427734
1441193786090124,0.0976563,-0.889648,0.444824
1441193786111230,0.0913086,-0.883789,0.451172
1441193786128122,0.0878906,-0.873047,0.474121
1441193786150121,0.0727539,-0.887695,0.466309
1441193786171289,0.0908203,-0.882813,0.451172
1441193786188123,0.123047,-0.822754,0.467285
1441193786210121,0.138184,-0.797363,0.484863
1441193786231348,0.0927734,-0.830566,0.479492
1441193786248123,0.0957031,-0.883301,0.499023
1441193786270125,0.102051,-0.851563,0.502441
1441193786291435,0.0722656,-0.825684,0.496094
1441193786308123,0.0825195,-0.845703,0.509277
1441193786330172,0.0761719,-0.866699,0.497559
1441193786351395,0.0629883,-0.87793,0.504395
1441193786368123,0.0654297,-0.866211,0.492188
1441193786390126,0.0825195,-0.84082,0.499512
1441193786412142,0.0791016,-0.82373,0.494141
1441193786428126,0.0952148,-0.814941,0.494141
1441193786450123,0.117676,-0.825684,0.484375
1441193786471358,0.119141,-0.873535,0.483398
1441193786488209,0.10791,-0.890137,0.484375
1441193786510127,0.0771484,-0.874512,0.480469
1441193786531327,0.0776367,-0.82959,0.483887
1441193786548125,0.0957031,-0.821777,0.474121
1441193786570123,0.105957,-0.833984,0.461914
1441193786591338,0.108887,-0.86377,0.470703
1441193786607135,0.10498,-0.867188,0.480957
1441193786630124,0.0859375,-0.862793,0.475098
1441193786652182,0.0791016,-0.862793,0.479004
1441193786668163,0.104492,-0.822266,0.487793
1441193786690126,0.104004,-0.820801,0.481445
1441193786712123,0.117676,-0.84375,0.489746
1441193786727179,0.115723,-0.833984,0.502441
1441193786750128,0.0942383,-0.815918,0.497559
1441193786773127,0.0942383,-0.742676,0.515137
1441193786787126,0.108887,-0.754395,0.52002
