timestamp,x,y,z
1441193757932692,7.875,0,0.0625
1441193757949678,4.625,-0.1875,-0.3125
1441193757970679,-4.4375,-2.8125,0.875
1441193757996682,-2.0625,-1.625,0.8125
1441193758009681,3.8125,0.0625,0.625
1441193758030864,-0.875,0.8125,-0.25
1441193758054804,-3.5625,0.9375,0.0625
1441193758100943,-3.125,1.5625,-0.5
1441193758102685,-2.3125,2.25,-0.75
1441193758113909,-1.625,3.4375,-0.875
1441193758129686,-3.625,3.8125,0.375
1441193758151686,-3.25,4.5,0.5625
1441193758173885,-2.6875,5.375,1
1441193758210846,-3.5,4.75,1.4375
1441193758220692,-2,4.9375,1.3125
1441193758233905,0,4.75,1.875
1441193758248721,-0.375,3.8125,1.8125
1441193758271694,-0.9375,3,1.5625
1441193758293916,0,2.8125,1.625
1441193758308848,0.25,2.25,0.9375
1441193758330896,-1.1875,1.0625,0.5625
1441193758353931,-2.0625,0,0.1875
1441193758368870,-1.375,-0.375,0.1875
1441193758391694,0.0625,-1.25,0
1441193758413918,0.1875,-1.4375,-0.3125
1441193758428691,-1,-0.5,-0.4375
1441193758450914,-1.75,-0.4375,-0.5
1441193758473836,-0.9375,-0.0625,-1
1441193758488912,-0.125,0.25,-1
1441193758511736,-0.1875,0.5625,-0.3125
1441193758533888,0.4375,1.125,-0.125
1441193758548897,0.5625,2.375,-0.625
1441193758571696,0.5625,1.9375,-0.25
1441193758594695,0.25,2,0
1441193758608818,0.25,1.5625,-0.1875
1441193758631703,2,1.1875,-0.375
1441193758654696,1.625,1.1875,-0.75
1441193758668698,-0.25,1.5625,-0.9375
1441193758691699,-0.875,0.9375,-0.6875
1441193758713924,0.3125,1,-0.9375
1441193758728916,2.25,1.0625,-1.0625
1441193758751741,2,0.6875,-0.9375
1441193758773923,0.625,0.5,-0.3125
1441193758788922,0.75,0.5625,-0.5625
1441193758811777,1.125,-0.0625,-0.5625
1441193758833935,1.125,-0.4375,-0.375
1441193758847945,1.75,-0.6875,-0.3125
1441193758871704,1.4375,-0.3125,0
1441193758893846,0.5625,-0.1875,0.125
1441193758907903,0,-0.1875,0.0625
1441193758931701,1.25,0.1875,0.1875
1441193758953926,0.8125,0.6875,0
1441193758967932,0.9375,0.875,0.0625
1441193758990896,0.3125,0.9375,-0.125
1441193759006706,0.3125,1.0625,-0.1875
1441193759027942,0.3125,0.6875,-0.0625
1441193759050950,0.3125,0.875,0
1441193759066704,0.5,0.9375,-0.5625
1441193759088701,0.6875,0.25,-0.0625
1441193759111791,0.8125,-0.1875,0.3125
1441193759126705,-0.125,0,0.0625
1441193759147961,-0.1875,0.125,-0.125
1441193759171709,0.75,-0.125,0
1441193759186710,0.3125,-0.25,-0.1875
1441193759209711,-0.125,-0.0625,-0.0625
1441193759232712,0,0,0.0625
1441193759253973,0.3125,0.0625,0.25
1441193759269705,-0.0625,0,0.25
1441193759292744,0.25,0.0625,0.1875
1441193759306711,1,0,0.25
1441193759329731,0.375,-0.1875,0.1875
1441193759352713,0.1875,0,0.0625
1441193759373917,0.0625,-0.1875,0
1441193759389753,-0.125,-0.0625,-0.1875
1441193759412714,0.375,-0.0625,-0.5
1441193759433905,0.5625,-0.125,-0.25
1441193759449710,0.125,0.125,-0.4375
1441193759472716,-0.1875,0.0625,-0.3125
1441193759494716,0.5,0.25,-0.25
1441193759509718,0.4375,0.625,-0.1875
1441193759532713,0.125,0.5,0.0625
1441193759553890,0,0.625,0.0625
1441193759569716,-0.375,0.375,0
1441193759592714,0.4375,0.625,0.375
1441193759613926,0.5625,0.5,0.1875
1441193759629785,0.25,0.9375,0.3125
1441193759652732,0.125,0.5625,0.25
1441193759673921,0.5625,0.625,0.375
1441193759689720,0.625,0.8125,0
1441193759712717,0.125,0.5,0
1441193759733917,0.125,0.375,-0.125
1441193759749716,0.1875,0.625,-0.5
1441193759772717,0.125,0.3125,-0.5625
1441193759795721,0.0625,0.75,-0.25
1441193759809722,-0.25,0.375,-0.375
1441193759831721,0.1875,0.3125,-0.125
1441193759854721,0.3125,0.25,0
1441193759869738,0.375,0.1875,-0.1875
1441193759891724,0.5625,0.1875,-0.0625
1441193759915723,0.0625,0.1875,-0.0625
1441193759929784,-0.375,-0.125,0
1441193759951724,0.3125,0,-0.0625
1441193759974723,0.4375,-0.0625,0.0625
1441193759989722,0.25,0,-0.1875
1441193760011729,0.5,0.125,-0.25
1441193760035725,0.3125,-0.0625,-0.125
1441193760049724,0.3125,-0.125,0.125
1441193760071728,0.75,0.0625,0.25
1441193760094765,0.625,0.0625,0
1441193760109725,-0.0625,-0.0625,0.1875
1441193760131725,0.4375,0.1875,-0.0625
1441193760154727,0.9375,0,-0.1875
1441193760169729,0.375,-0.0625,-0.375
1441193760191727,0,-0.0625,-0.0625
1441193760215729,0.3125,0.1875,-0.1875
1441193760229727,0.3125,0.3125,-0.0625
1441193760251731,0.0625,0.0625,-0.0625
1441193760275730,0.875,0.3125,0
1441193760289727,0.375,0.25,0
1441193760311728,-0.0625,0.375,-0.0625
1441193760334730,0.1875,0.0625,0.125
1441193760349732,0.75,0.25,0.1875
1441193760371734,0.4375,0,-0.0625
1441193760394731,0.6875,0,-0.0625
1441193760416736,0.1875,0,0.1875
1441193760431731,0.8125,0.125,0.125
1441193760454735,0.5625,0.1875,-0.25
1441193760476734,0.375,0.0625,-0.3125
1441193760491733,0.8125,-0.1875,-0.3125
1441193760514855,0.5,-0.125,-0.375
1441193760535976,0.5625,-0.125,-0.4375
1441193760551734,0.9375,-0.1875,-0.5
1441193760574738,0.8125,-0.25,-0.4375
1441193760596733,0.6875,-0.125,-0.5625
1441193760611738,0.375,-0.0625,-0.4375
1441193760634737,0.4375,-0.125,-0.375
1441193760656735,0.6875,-0.1875,-0.1875
1441193760671737,0.5625,-0.25,-0.1875
1441193760694747,1.0625,0.1875,0
1441193760716739,0.875,0.25,-0.375
1441193760730967,0.375,-0.1875,-0.375
1441193760745824,0.5625,0.0625,-0.25
1441193760767989,0.75,0.3125,-0.1875
1441193760790976,0.3125,0.0625,0.0625
1441193760805849,0.4375,0.0625,0.1875
1441193760827989,0.6875,0.125,0.1875
1441193760850967,1.25,0,0.125
1441193760865819,0.4375,-0.0625,0.0625
1441193760887962,0.3125,0.0625,-0.25
1441193760910894,0.75,-0.25,-0.4375
1441193760925825,0.8125,-0.4375,-0.3125
1441193760947854,0.8125,-0.3125,-0.3125
1441193760971751,0.375,-0.3125,-0.375
1441193760985917,0.1875,-0.1875,-0.375
1441193761009732,0.3125,-0.375,-0.0625
1441193761030894,0.875,0,-0.0625
1441193761045748,0.375,-0.125,-0.5
1441193761071366,0.0625,-0.125,-0.75
1441193761090843,0.9375,-0.25,-0.0625
1441193761105886,1.5,-0.25,0.0625
1441193761127988,-1.8125,-0.5625,-0.75
1441193761151748,-0.5,-0.625,-1.125
1441193761165816,2.5,0.4375,-1.6875
1441193761188745,1.875,0.5,-1.4375
1441193761211000,-2.6875,-0.875,-0.8125
1441193761225816,-13.3125,-4.375,-0.3125
1441193761248004,-27.375,-4.375,-2
1441193761271749,-22.75,-1.0625,-1.4375
1441193761285890,-9.6875,1.625,-1.8125
1441193761307857,0.8125,0.3125,-1.9375
1441193761331757,8.9375,-0.375,-1.125
1441193761345754,6.5,-0.75,-2
1441193761367993,0,-3.9375,-0.375
1441193761390945,-5.3125,-4.5625,-0.625
1441193761405928,-3.375,-1.5,-1.625
1441193761427752,0.625,-2.5625,-1.125
1441193761450957,3.375,-3.625,-0.3125
1441193761465780,3.9375,-2.25,-0.9375
1441193761487971,1.75,-1.25,-1.4375
1441193761510756,-0.1875,-1.75,-1.0625
1441193761525811,2.3125,-2.1875,-0.4375
1441193761547782,5,-0.5,-0.5625
1441193761570975,5,-0.1875,-0.5625
1441193761585846,0.8125,-3.5625,-0.375
1441193761608754,-6.875,-3.75,-1
1441193761630976,-7.625,-2.75,-0.8125
1441193761645816,-1.125,-2.4375,-1.3125
1441193761667998,4.9375,-0.6875,-1.875
1441193761690959,6.3125,0.4375,-1.3125
1441193761706758,5.375,2.5625,0.6875
1441193761728024,3.625,3.625,2.875
1441193761750792,-5.1875,3.6875,2.25
1441193761767754,-9.1875,5,-1.875
1441193761788848,2.625,0.5,-0.5
1441193761810896,-5.375,-13.8125,4.875
1441193761825756,-22.125,-10.5625,3.5
1441193761847758,-21.0625,-4.5,-0.75
1441193761872757,4.625,-1.25,-2
1441193761885760,11.875,-2.4375,-7.1875
1441193761907989,11.6875,-2.0625,-6.8125
1441193761930761,11.75,0.625,-3.3125
1441193761945932,1.625,2.6875,-3.875
1441193761968045,1.375,3.375,-3
1441193761984820,15.6875,4.4375,0
1441193762005983,15.375,5.9375,0.625
1441193762028766,2.1875,6.0625,0.25
1441193762044765,-7.375,5.6875,-0.3125
1441193762065917,-8.3125,5.3125,-0.625
1441193762087968,-1.5625,5.3125,-1.125
1441193762104780,4,3.625,-1.25
1441193762125794,5.125,0.9375,-0.625
1441193762148018,4,-0.25,-0.125
1441193762164773,2.5625,-0.5,-0.25
1441193762185772,0.6875,0.1875,-0.75
1441193762208015,1,0.3125,-0.5625
1441193762224766,0.75,0.8125,-0.5
1441193762245916,0.9375,1.6875,0.125
1441193762267877,0.1875,1.1875,0.8125
1441193762284785,2.1875,1.625,1.5
1441193762305936,4.125,1.75,1.5
1441193762327966,4.75,1.75,1.5
1441193762344792,2.625,1.5,0.9375
1441193762365771,0.3125,0.875,0.625
1441193762388003,0.0625,-0.75,1.0625
1441193762404766,0.0625,-1.0625,1.1875
1441193762425821,0.0625,-0.875,0.6875
1441193762447985,0.125,-0.6875,0.625
1441193762464771,1.125,-0.5625,0.625
1441193762485770,0.625,-0.5625,0.875
1441193762507980,0.5,-0.3125,0.8125
1441193762524775,0.3125,-0.125,1.125
1441193762545926,-0.75,-0.1875,1.0625
1441193762567991,0.3125,0.25,1.125
1441193762584776,0.625,0.75,0.625
1441193762605775,0.0625,0.875,0.625
1441193762627996,0,0.625,0.3125
1441193762644774,-0.5,0.375,0.25
1441193762666775,-0.75,0.25,0.125
1441193762687919,0,0.25,-0.0625
1441193762704775,0.5,-0.0625,0
1441193762726781,0.5,0.0625,-0.1875
1441193762748801,0.1875,-0.0625,-0.3125
1441193762764784,0.125,-0.1875,-0.5
1441193762786781,0.0625,-0.0625,-0.375
1441193762808007,0.375,0.125,-0.5625
1441193762824779,0.1875,0.0625,-0.6875
1441193762846782,0.4375,0.4375,-1.0625
1441193762868778,-0.375,0.3125,-0.75
1441193762884778,-0.3125,0.25,-0.6875
1441193762906782,0.125,0.0625,-0.625
1441193762928029,0.8125,0.1875,-0.875
1441193762944829,1.0625,0.125,-1.0625
1441193762966780,0.3125,0.125,-0.6875
1441193762988780,0,0,-0.8125
1441193763004781,0.6875,0.4375,-0.75
1441193763026786,0.3125,0.4375,-0.375
1441193763048024,0.3125,0.3125,-0.0625
1441193763064829,1.125,0.375,-0.125
1441193763086785,0.875,0.4375,-0.1875
1441193763108002,0.4375,0.125,-0.25
1441193763124787,0.3125,0,-0.4375
1441193763146788,0.1875,0,-0.625
1441193763167893,0,-0.3125,-0.5625
1441193763184788,0.6875,0.0625,-0.75
1441193763206789,0.9375,0.0625,-0.875
1441193763228804,0.6875,0.25,-1.1875
1441193763244784,0.125,0.25,-1.125
1441193763266790,-0.0625,0.125,-0.8125
1441193763288792,0.375,0.375,-0.6875
1441193763304806,0.375,0.625,-0.9375
1441193763326790,0.875,0.5625,-0.625
1441193763347992,1.0625,0.5,-0.25
1441193763364790,0.3125,0.25,-0.375
1441193763387791,0.75,0.375,-0.375
1441193763408034,0.5625,0.0625,-0.1875
1441193763423907,0.5625,0.125,-0.3125
1441193763446793,0.75,-0.1875,0
1441193763468836,1.3125,0.125,-0.3125
1441193763484794,0.3125,0.0625,-0.1875
1441193763507794,-0.1875,0.125,-0.0625
1441193763528073,0.5625,0,0.375
1441193763544819,0.875,0.375,0.375
1441193763566796,0.125,0.375,0.3125
1441193763588055,0.5625,0.625,0.375
1441193763603958,-0.0625,0.4375,0.375
1441193763625950,-0.375,0.25,0.125
1441193763648952,0,0.0625,0.3125
1441193763664826,0.8125,0.25,0.125
1441193763686042,0.375,0.125,0.0625
1441193763708857,0,0,-0.0625
1441193763725802,0.25,0.25,-0.0625
1441193763746058,0,0.75,-0.3125
1441193763768948,-0.5,0.4375,-0.25
1441193763785798,-0.125,0.375,0.1875
1441193763806058,0.125,0.5625,0.3125
1441193763828973,0,0.5625,0.625
1441193763844798,-0.3125,0.5625,0.5625
1441193763866046,-0.5,0.5,0.375
1441193763888973,-0.0625,0.5625,0.1875
1441193763904802,-1,0.3125,0.0625
1441193763925961,0.0625,0.3125,0.25
1441193763948966,0.625,0.4375,-0.25
1441193763964874,-0.625,0.125,-0.25
1441193763986044,0.1875,-0.0625,0.125
1441193764008991,0.4375,0.3125,0.1875
1441193764025803,0.0625,0.4375,0.0625
1441193764046059,0.3125,0.375,0
1441193764068933,0.125,0.375,-0.0625
1441193764084850,0.0625,0.8125,0.1875
1441193764106046,-0.1875,0.75,0.5
1441193764128844,0.3125,0.5,0.5
1441193764144854,0.5,0.6875,0.4375
1441193764166056,0,0.4375,0.4375
1441193764189803,0.3125,0.5,0.625
1441193764204804,1.125,0.5625,0.4375
1441193764226807,-0.125,0.75,0.4375
1441193764248939,-0.4375,0.625,0.125
1441193764264887,-0.0625,0.5,-0.25
1441193764286085,-0.1875,0.5625,-0.75
1441193764308983,0.3125,0.875,-1.125
1441193764324810,-0.8125,0.8125,-0.625
1441193764346046,-0.625,0.3125,0
1441193764368907,0.625,0.6875,0.375
1441193764384810,1.6875,0.4375,0.4375
1441193764406060,0.375,0.625,0.6875
1441193764428809,-0.25,0.875,0.625
1441193764444809,-0.8125,1.125,0.75
1441193764465968,-0.1875,1,0.625
1441193764488944,-0.125,0.9375,0.375
1441193764512810,-0.1875,0.5625,0.125
1441193764525907,0.25,0.0625,-0.125
1441193764548869,1.25,-0.3125,-0.3125
1441193764564840,1.125,-0.125,-0.6875
1441193764586054,0.5,-0.25,-0.4375
1441193764608980,0.625,-0.0625,-0.25
1441193764624817,1.5,0.375,0.125
1441193764647873,1.5,0.3125,0.4375
1441193764668832,1.125,0.6875,0.75
1441193764684812,1.25,0.8125,0.6875
1441193764707822,1.5625,1,0.625
1441193764728969,1.5625,0.9375,0.375
1441193764744818,1.5625,0.625,0.1875
1441193764767815,0.4375,0.25,-0.0625
1441193764788998,0.3125,-0.0625,-0.4375
1441193764804818,1.25,0.125,-0.875
1441193764827818,0.875,0,-0.75
1441193764848959,0.5,0.4375,-0.8125
1441193764864820,0.0625,0.75,-0.8125
1441193764887821,0.125,0.5625,-0.5625
1441193764901821,0.5625,0.9375,-0.125
1441193764924818,0.75,0.75,-0.375
1441193764947823,0.75,0.8125,0
1441193764961819,-0.1875,0.8125,0
1441193764984818,-0.375,0.5625,0.3125
1441193765007820,0.875,0.3125,0.3125
1441193765021820,1.6875,-0.1875,0.3125
1441193765043822,1.5625,-1.25,0.5625
1441193765067880,2.9375,-2.625,1.375
1441193765082821,3.625,-2.0625,1.25
1441193765104822,2.4375,-0.375,-0.25
1441193765127840,1.125,-0.1875,0.1875
1441193765148827,-0.9375,0.0625,0.1875
1441193765164823,-1.4375,0.4375,0.3125
1441193765187829,0.125,0.875,-0.125
1441193765208985,0.25,1.3125,-0.1875
1441193765224829,-0.1875,1.375,0
1441193765247828,-0.375,1.0625,-0.1875
1441193765269036,0.0625,1.0625,0
1441193765284828,0.6875,0.875,0.1875
1441193765307826,0.25,0.3125,0.0625
1441193765328960,0.3125,-1.6875,0.8125
1441193765344830,0.4375,-0.9375,0.6875
1441193765367829,-0.3125,-0.375,0.1875
1441193765388831,0.0625,0.0625,-0.125
1441193765404831,0.375,0.5625,-0.5
1441193765427832,0,0.6875,-0.6875
1441193765448928,-0.8125,1.25,-0.6875
1441193765464840,-0.4375,1.125,-0.375
1441193765486829,-0.625,1.0625,-0.25
1441193765508988,-0.25,1.3125,-0.125
1441193765524832,0.375,0.875,0.5625
1441193765546836,0.5,0.625,0.4375
1441193765569885,-0.3125,0.5,0.25
1441193765584831,-0.75,0.1875,0.125
1441193765606834,0.1875,0.0625,0.125
1441193765630854,0.5,-0.25,0
1441193765644831,0.3125,-0.1875,-0.0625
1441193765666833,0.625,0,-0.1875
1441193765689863,0.375,0.0625,-0.25
1441193765704838,0.625,0,-0.1875
1441193765726839,0.4375,0.1875,-0.4375
1441193765749835,0.3125,0.4375,-0.25
1441193765763949,-0.1875,0.375,-0.1875
1441193765786835,0.625,0.5625,-0.1875
1441193765809836,0.8125,0.75,-0.1875
1441193765823937,0.6875,0.6875,0
1441193765846842,0.3125,0.5,0
1441193765869839,-0.5,0.5625,-0.1875
1441193765884836,-0.1875,0.8125,0
1441193765906837,-0.4375,1.0625,-0.125
1441193765929838,-0.1875,1.1875,0.0625
1441193765944862,-0.1875,1.125,0.0625
1441193765966843,0.0625,0.75,-0.0625
1441193765990863,0.5,0.5625,-0.125
1441193766004840,0.875,0.6875,0
1441193766026840,0.3125,1.0625,-0.1875
1441193766049840,-0.25,1.25,-0.25
1441193766071082,0.375,0.8125,0.125
1441193766086842,0.8125,0.6875,0.5
1441193766109845,0.375,0.75,0.75
1441193766131887,-0.125,1.125,0.75
1441193766146846,-0.5,1.375,0.875
1441193766169900,-1.8125,2.0625,0.875
1441193766191095,-11.1875,2.25,-0.125
1441193766206846,-31.6875,7.625,-4.0625
1441193766229845,-51.6875,8.875,-7.8125
1441193766251069,-83.4375,2.4375,-11.875
1441193766266860,-114.188,7.3125,-8.875
1441193766289849,-120,31.4375,1.25
1441193766311133,-104.563,43.5,9.1875
1441193766326849,-93.4375,47.0625,22.3125
1441193766350848,-93.5625,52.875,35.1875
1441193766371852,-67.4375,56.25,52.875
1441193766386852,-40.6875,67.5,59.625
1441193766409851,-43.8125,80.4375,57.9375
1441193766431121,-65.5,86.25,60.3125
1441193766446852,-67.3125,90,59.5625
1441193766469851,-51.75,88.25,54.6875
1441193766482867,-25.75,79.3125,50.375
1441193766506855,-16.6875,72.4375,40.875
1441193766521000,-8.125,75.1875,29.25
1441193766542961,4.5,81.375,19.5
1441193766566117,17.1875,83.1875,10.1875
1441193766580852,5.875,59.6875,5.125
1441193766603156,-18.25,26.6875,3.1875
1441193766626060,-5.125,-4.0625,5.5
1441193766640993,10.25,-24.8125,5.4375
1441193766662903,29.5625,-36.75,0.625
1441193766686143,41.6875,-43.125,-2
1441193766700965,35.875,-41.875,-3.625
1441193766723145,17.9375,-38.0625,-4.4375
1441193766746856,0.6875,-31.9375,-3.875
1441193766760883,-12.625,-26,-2.3125
1441193766783056,-20.25,-21.4375,-1.3125
1441193766806101,-28.25,-17.5,0.25
1441193766820963,-27.4375,-13.375,3.625
1441193766843013,-25.6875,-7.75,3.9375
1441193766866056,-26.125,-3.375,4.8125
1441193766880877,-24.375,0.5,4.8125
1441193766903940,-19.5,3.125,3.5
1441193766925940,-17.1875,3.0625,3.125
1441193766949862,-13.9375,2.625,2.25
1441193766979008,-7.5625,3.125,2.0625
1441193767002861,0.875,3.125,1.25
1441193767009051,2.3125,3.375,-0.875
1441193767032859,1.0625,5.125,-4
1441193767054860,4.4375,5.375,-6.5
1441193767085935,3.75,5.0625,-8.1875
1441193767086863,1.3125,4.3125,-8.1875
1441193767107863,4.125,5,-6.8125
1441193767137865,8.875,6.3125,-7.125
1441193767159863,8,6.0625,-7.0625
1441193767165867,2.3125,4.375,-6.75
1441193767189866,-5.25,1.875,-6
1441193767212895,-7.1875,1.3125,-5.25
1441193767242877,-3.9375,1.625,-3.8125
1441193767265863,-1.25,0.8125,-3.3125
1441193767266904,-4.4375,-0.5625,-2.875
1441193767294903,-5,-1,-2
1441193767317868,-2.375,-0.625,-1.6875
1441193767348031,-3.0625,1.0625,-2.125
1441193767348865,-9.6875,2.75,-2.3125
1441193767369865,-29.6875,4.9375,-4.5625
1441193767399869,-5.375,0.1875,-4.375
1441193767421885,24.0625,-11.9375,-1.9375
1441193767429012,11.9375,-21.75,7.1875
1441193767452887,-26.25,-26.75,6.8125
1441193767483870,-22.3125,-47.1875,7.625
1441193767484869,32.125,-68.75,17.6875
1441193767511148,67.4375,-73.5,25.5625
1441193767527949,65.5625,-21.0625,-1
1441193767550871,58.625,34.1875,-63.9375
1441193767564871,43.375,74.9375,-72.5625
1441193767587870,42.0625,87.75,-47.0625
1441193767602893,26.0625,88.0625,-49.9375
1441193767623111,-3.0625,69.25,-65.0625
1441193767646002,20.8125,41.4375,-45.0625
1441193767660872,30.25,25.6875,-28.875
1441193767683124,-1.375,16.9375,-17.0625
1441193767706027,-25,10.4375,-13.1875
1441193767720931,-19.125,10.625,-14.1875
1441193767759876,-8.625,15.75,-13.625
1441193767773928,-6.75,23.5625,-12.0625
1441193767797918,-7.5625,25.9375,-8.4375
1441193767812877,-11.125,26.6875,-6.0625
1441193767834010,-8,18.6875,-2.8125
1441193767849878,-4.8125,16.75,-5.9375
1441193767871119,-1.125,15.4375,-6.375
1441193767887876,1,10.125,0.625
1441193767901876,-3.625,20.1875,2.75
1441193767924879,5.9375,9.0625,-8.5625
1441193767946062,-12.5625,6.4375,4.3125
1441193767962908,-1.75,-2.6875,-4.1875
1441193767984920,3.0625,4.3125,-6.5
1441193767999880,10,3.5625,-3.625
1441193768022882,11.1875,1.125,-2.3125
1441193768045881,2.5,-1.625,-2.25
1441193768066131,-4.5625,-5.4375,-0.0625
1441193768089114,-4.75,-2.6875,3.0625
1441193768104884,4.75,1.1875,0.125
1441193768119944,3.375,-3,0.25
1441193768142882,-2.6875,0.875,2.8125
1441193768164885,-4.75,-2.625,1.6875
1441193768186887,-3.5,0.75,-0.0625
1441193768202882,1.3125,0.75,0.625
1441193768224883,4.625,-2.125,-0.8125
1441193768246170,-0.5,-1.4375,-1.4375
1441193768262924,-4.1875,-0.125,-1.125
1441193768285886,-2.3125,1.3125,-1.9375
1441193768306130,1.3125,1.5625,-1.8125
1441193768322887,3.0625,1.375,-1.5625
1441193768344885,-0.0625,2.0625,-1.5
1441193768367924,-2.3125,2.375,-2
1441193768382883,0.25,2.0625,-1.9375
1441193768404888,3,2.375,-1.4375
1441193768426891,0,2.875,-1.75
1441193768442887,-1.5,3.3125,-1.0625
1441193768464890,-0.1875,3,-2.0625
1441193768486138,-0.1875,3.6875,-1.375
1441193768502889,3,4.75,0.1875
1441193768524889,2.9375,2.1875,0.0625
1441193768546125,-3.875,1.8125,0.375
1441193768562915,1.9375,1.9375,-0.625
1441193768584891,1.125,0.6875,0
1441193768606165,6.8125,1.5625,0
1441193768622970,-2,-1.625,0.1875
1441193768644893,-1.4375,-0.25,-0.5
1441193768674035,-2.125,-2.5625,-0.25
1441193768682895,3.375,0.4375,-0.5
1441193768704956,3.1875,-2,-0.25
1441193768752892,-0.6875,-0.3125,0.5
1441193768758896,-4,-3.5,-0.9375
1441193768764890,-4.5,-0.625,0.375
1441193768779012,-3.9375,0,-0.25
1441193768801894,3.625,-8.0625,-0.0625
1441193768823123,1.375,-0.9375,-0.5
1441193768840898,-0.625,-0.25,-1.25
1441193768861895,-2.125,-0.9375,-1.1875
1441193768883145,1.1875,-1.375,-0.1875
1441193768898999,0.9375,-0.75,-1.25
1441193768921900,4.25,-5.875,-3.625
1441193768943891,1.125,-0.3125,-1.625
1441193768958957,1.1875,1.1875,-1.125
1441193768981902,1.6875,-0.0625,-0.75
1441193769003140,-2.9375,1.5625,-0.1875
1441193769019897,1,0.6875,-1.0625
1441193769041902,0.125,2.8125,-0.6875
1441193769063164,4.75,0.5,-1
1441193769079899,0.9375,2.8125,0.6875
1441193769101902,-0.3125,0.8125,0.125
1441193769132922,4.375,-0.9375,-4.5
1441193769139024,-0.0625,2.125,0.8125
1441193769161902,1.75,0.875,0.25
1441193769182905,1.0625,1.375,-0.125
1441193769206094,0.3125,1.25,-0.3125
1441193769228903,1.5,0.5625,-0.0625
1441193769244903,0.625,0.9375,-0.375
1441193769266071,-0.6875,0.375,-0.125
1441193769282937,-0.5,-0.375,0.125
1441193769304907,0,-0.1875,0.4375
1441193769325935,-1,3.0625,-0.75
1441193769342931,1.3125,1.6875,-1.1875
1441193769364904,3.625,1.4375,-0.875
1441193769386907,1.1875,1.1875,-1.1875
1441193769402974,-1.0625,1.0625,2.125
1441193769424906,6.5625,5.6875,8.875
1441193769446105,5.6875,10.6875,13.4375
1441193769462907,-2.625,17.1875,11
1441193769484913,1.5625,19.75,6
1441193769506143,10.75,19.1875,5.6875
1441193769521912,17.5,14.5625,7.3125
1441193769544911,10,6.25,8.9375
1441193769567907,-3.75,-4.1875,2.6875
1441193769581908,-23.5,-15.6875,-4.375
1441193769604914,-21.25,-24,-2.875
1441193769627906,0.4375,-17.875,1.875
1441193769649050,26.5625,-2.8125,7.4375
1441193769664915,28.375,5.375,12.4375
1441193769687913,3.75,4.875,8.8125
1441193769701915,-22.25,0.9375,5.1875
1441193769724943,-28.5,-4.8125,4.3125
1441193769747921,-18.5,-4.5625,4.1875
1441193769761916,-2.3125,-0.5,2.875
1441193769784916,8.1875,1.5,-0.4375
1441193769807960,6.875,1.6875,-2
1441193769821913,4.625,-0.1875,-2.1875
1441193769844914,2.5,-2.3125,-1.5625
1441193769867914,-1.125,-1.4375,-1.8125
1441193769881919,-0.125,-0.875,-2.625
1441193769904917,-1.125,0.375,-1.75
1441193769927919,-6.9375,1,-2.625
1441193769941923,1.5625,0.125,-1.25
1441193769964932,0.6875,-2.5,-0.4375
1441193769987917,-5,-1.5625,-0.25
1441193770001920,-10.25,1.1875,-2.5625
1441193770024979,-21.0625,0,-4.375
1441193770047921,13.1875,-1.125,-0.9375
1441193770069028,10.75,-6.1875,4.625
1441193770084921,-13.5625,-10.875,6.25
1441193770107923,3.5,5.6875,4.4375
1441193770129034,17.3125,5.6875,-0.0625
1441193770144920,23.875,2.375,11.25
1441193770167930,23.8125,8.8125,8.875
1441193770189085,14.9375,6.4375,7.4375
1441193770204963,10.875,4.9375,9.9375
1441193770227945,-7.8125,-1.5,5.625
1441193770249065,-1.6875,-7.5625,8.9375
1441193770265925,4.4375,-5.125,3.875
1441193770287926,1.9375,-3.4375,1.1875
1441193770309077,1.75,0.25,2.5625
1441193770324963,-5.5625,2.375,3.25
1441193770347955,-13.5,3.125,4.4375
1441193770369036,-9.1875,5.5,3.25
1441193770384927,-0.5625,5.8125,2.1875
1441193770407927,2.4375,3.4375,-0.1875
1441193770429067,5.125,-0.125,0.75
1441193770444962,3.25,1,-0.0625
1441193770467929,0.6875,-1.6875,-0.1875
1441193770489045,1.5625,-2.375,-0.125
1441193770504943,-0.75,-2.3125,0.0625
1441193770527932,2.875,-1.3125,2.0625
1441193770549940,6.1875,1.8125,3.8125
1441193770564928,0.125,-0.875,3.875
1441193770587989,-6.8125,-3.0625,3.8125
1441193770617949,0.3125,1.0625,3.875
1441193770624929,9.6875,3.3125,4.875
1441193770647933,12.25,1.375,7.1875
1441193770669932,5,-3.25,9.5
1441193770684986,-4.875,-0.5625,7.625
1441193770707933,10.1875,2.5625,10.25
1441193770729931,15.0625,-0.25,10.375
1441193770744029,4.1875,-2.9375,13.625
1441193770767935,-5.3125,-2.1875,15.3125
1441193770789936,-7.3125,-2.4375,14.625
1441193770804935,3.1875,-2.8125,14.875
1441193770827963,2.9375,-0.6875,13.6875
1441193770849937,-0.5,-0.25,13
1441193770864137,-5.9375,-1.1875,11.625
1441193770894110,-6.125,-1.3125,9.8125
1441193770909935,-3.75,-2.1875,9.5625
1441193770931166,-2.5,-1.1875,5.6875
1441193770947934,-1.5,2.9375,5.0625
1441193770969938,-6.5625,5,3.0625
1441193770984938,-3.5,4.5625,0.625
1441193771007939,-1.875,0.75,-2.375
1441193771029937,0.3125,1,-3.125
1441193771051148,-2.0625,3.75,-5.5
1441193771067938,-6.9375,8.3125,-6.375
1441193771089941,-22.5625,11.6875,-5.8125
1441193771111169,-50.6875,20.8125,-4.3125
1441193771127942,-54.6875,20.0625,-8.125
1441193771150943,-29.5625,-10,-9.0625
1441193771170943,19.625,-39.3125,-12.1875
1441193771187943,46.5,-53.5625,-17.3125
1441193771209946,43.625,-44.3125,-24.8125
1441193771231215,1.625,-12.1875,-25
1441193771247944,-9.75,7.6875,-6.4375
1441193771269947,-25.6875,3.6875,2.75
1441193771291945,-35.25,-9.8125,-2.75
1441193771307943,-19,-23.625,-8.25
1441193771329946,-5.25,-25.5625,-1.375
1441193771351182,-0.25,-18.75,-3
1441193771367944,-7.5,-10.6875,-8.375
1441193771389947,-25.4375,7.4375,-4.6875
1441193771411175,-25.75,8.5,-2.625
1441193771426948,-20.3125,-0.5,-7.4375
1441193771450952,-6.25,-5.25,-7
1441193771472949,8.9375,-5.9375,-6.625
1441193771486953,10.875,-10.1875,-9.625
1441193771509951,12.125,-15.6875,-11.1875
1441193771532949,7.25,-15.0625,-6.625
1441193771546947,7.5625,-4.8125,-3.125
1441193771569948,-16.0625,6.1875,1.75
1441193771592966,-33.125,-0.625,1.5625
1441193771606948,51.4375,-3.3125,-3.0625
1441193771629999,49.125,6.5,-5.5
1441193771652949,15.125,26.5625,-2
1441193771666954,6.5,24.9375,2.5625
1441193771691015,-62.875,-4.1875,2.4375
1441193771712956,-65.3125,-19.6875,6.125
1441193771726950,22.5625,-2.3125,-0.0625
1441193771749950,68.875,5,4.375
1441193771772948,49.6875,4.6875,9.4375
1441193771794070,20.25,8.5625,15.25
1441193771809952,3.4375,9.4375,16.1875
1441193771832952,-1.5,6.4375,15
1441193771854116,0.875,6.625,12.3125
1441193771869957,3.25,5.5,8.125
1441193771892957,4.9375,5.5,6.4375
1441193771906958,-0.625,4.75,4.25
1441193771929958,-5.5625,2.375,3.625
1441193771952954,1.8125,-0.625,2.5625
1441193771974955,-3,-2.125,-3.25
1441193771989959,-5.625,4.125,-3.8125
1441193772012988,-4.625,7.375,-3.25
1441193772034085,-7.4375,7.125,-4.0625
1441193772049956,-8.8125,9.875,-2.8125
1441193772073003,-20.0625,12.5,-1.3125
1441193772094151,-52.9375,17.5,-0.25
1441193772116188,-54.5625,9.4375,-8.1875
1441193772132962,-24.8125,-5.5,-13
1441193772154111,6.5625,-20.6875,-16.0625
1441193772169963,26.5,-31.4375,-16.8125
1441193772192965,31.8125,-40.1875,-11.625
1441193772214095,37.4375,-45.1875,-9.3125
1441193772229964,29.3125,-40.5625,-9.3125
1441193772252988,11.5,-31.125,-7.25
1441193772258159,-6.0625,-19.5625,-4.1875
1441193772281018,-15.5,-15.8125,-5
1441193772295969,-20.5625,-11.5625,-6.6875
1441193772318198,-21.0625,-6.8125,-3.375
1441193772341135,-24,0.1875,1.625
1441193772356121,-17.3125,-4.6875,3.125
1441193772378183,-20.25,-6.5,1.5625
1441193772401059,-14,-6.625,-0.375
1441193772416048,2.5625,-4.875,1.6875
1441193772438221,8.0625,1.0625,1.4375
1441193772460981,4.0625,2.375,-0.875
1441193772476044,-1.8125,-0.3125,0.375
1441193772497980,-2.4375,-2.0625,2.4375
1441193772521091,1.5,1.0625,2.375
1441193772536108,5.3125,6.25,0.375
1441193772560969,-2.5,10.0625,-2.625
1441193772581102,-22.1875,7.4375,-3.5
1441193772596078,7.6875,-0.6875,2.4375
1441193772618162,14.8125,0.5,1.375
1441193772641064,16.9375,15.75,-5.1875
1441193772656001,0.5,30.1875,-3.625
1441193772678209,-41.375,20.5,0.9375
1441193772701002,-27.8125,19.0625,2
1441193772716054,-8.625,6.625,3
1441193772738206,17.6875,-10.625,18.8125
1441193772761012,33.5,-6.4375,15.3125
1441193772776076,31.5625,4.5,9.6875
1441193772798144,35.75,4.375,12.875
1441193772821022,-3.875,2.375,13.0625
1441193772836036,-16.4375,5.625,11.25
1441193772857975,-1.125,7.75,4.5625
1441193772880974,6.125,3.6875,5.625
1441193772896031,4,-2.25,5.75
1441193772918261,-1.125,-6.125,2
1441193772940976,-3.4375,-0.8125,1.125
1441193772955987,-10.625,2.25,0.5625
1441193772978214,-10.1875,3.6875,2.125
1441193773001169,-12.875,8.0625,3
1441193773016979,-16.625,7.75,5.8125
1441193773038279,-3.4375,9.25,-4.5625
1441193773060988,-17.9375,7.4375,-13.4375
1441193773076981,-24.375,-2.4375,-13.875
1441193773098207,-8.375,-13.3125,-9.5
1441193773121010,10.5625,-20.6875,-7.375
1441193773136982,21.625,-27.875,-8.5
1441193773158190,34.0625,-26.9375,-12.4375
1441193773180981,34.375,-27.25,-15.3125
1441193773200005,13.3125,-21.875,-14
1441193773218240,-6.125,-14.6875,-10.0625
1441193773240981,-10.25,-9.5,-5.875
1441193773256983,-4.8125,-6.75,-3.125
1441193773278180,-3.8125,-7.5625,-3.5625
1441193773302984,-14.375,-10.8125,-6.125
1441193773316986,-14.625,-12.75,-2.875
1441193773338223,-6.875,-11.8125,1.6875
1441193773361086,-3.8125,-8.875,3.1875
1441193773377986,0,-9.6875,-0.8125
1441193773398233,0.125,-9.9375,-0.1875
1441193773420988,2.0625,-8.5,0.375
1441193773439022,0.4375,-6.25,0.375
1441193773458193,0.4375,-7.9375,1.1875
1441193773481084,-4.8125,-5.625,2.9375
1441193773501124,-3.75,-0.4375,2.1875
1441193773518203,-0.25,7.9375,0.375
1441193773540993,-21.5,8.4375,-1.75
1441193773557989,-38.25,5.5625,-0.875
1441193773578290,36.125,5.1875,5.875
1441193773601134,42.9375,10.5625,4.375
1441193773617991,-13.3125,17.0625,-8
1441193773638225,-51.6875,3.125,-12.375
1441193773660992,-30.0625,-13.25,10.8125
1441193773677991,54.3125,-0.8125,11.8125
1441193773698256,29.25,-1.75,1.6875
1441193773721015,32.9375,1.875,10.1875
1441193773738991,17.6875,-1.5,11.125
1441193773758256,4.875,5,13.25
1441193773781088,5.0625,9.375,8.4375
1441193773797995,11.8125,7.6875,10.5625
1441193773818145,1.5,2.6875,7
1441193773841314,0.3125,-1.875,6
1441193773863243,2.0625,-5.875,-0.3125
1441193773878240,1.625,-1.375,-2.9375
1441193773895996,-0.875,11.0625,-2.5
1441193773917993,-5.875,9.375,-3.75
1441193773938256,-4.3125,4.1875,-4.375
1441193773955993,2.375,1,-5.625
1441193773979994,-1.0625,9.75,-6.1875
1441193774000028,0.4375,12.1875,-4.375
1441193774015997,1.4375,6.625,-3.0625
1441193774037995,6.5,3.3125,-0.0625
1441193774060066,4.625,0.5,-2
1441193774076111,-5.3125,3.5625,-3.5
1441193774099000,-22,3.75,-7.4375
1441193774119999,-48.5625,4.375,-10.4375
1441193774141069,-56.6875,7.125,-9.75
1441193774158001,-45.0625,4.1875,-7.25
1441193774180010,-19.0625,-9.3125,-6.625
1441193774201078,5.3125,-22,-3.0625
1441193774220003,20.75,-28.375,-0.5
1441193774240054,27.875,-22.75,-2.3125
1441193774261167,24.125,-19.5,-11.3125
1441193774278004,-0.0625,-14.625,-9.0625
1441193774300009,-12.625,-13.0625,-3.75
1441193774321053,-9,-15.125,-1.0625
1441193774339002,-9.25,-15,-1.125
1441193774361106,-5.4375,-12.8125,-3.125
1441193774381276,-1.625,-10,-5.5
1441193774398006,-5.9375,-6.9375,-4.25
1441193774420006,-9.375,-4.9375,-2.625
1441193774441230,0,-7.375,-2.25
1441193774458006,5.9375,-10.625,-1.4375
1441193774480008,2.5625,-8.1875,-4.5
1441193774501258,-20.5,-1.8125,-4.0625
1441193774518024,-15.6875,0,-2.0625
1441193774541007,33.875,-2.25,1.9375
1441193774561245,17.5,3.5625,8.125
1441193774578005,-27.6875,10.1875,5.625
1441193774600010,-11.9375,16.5,-0.5
1441193774621280,37.5,13.375,-0.6875
1441193774638008,47.375,9.4375,9.25
1441193774660011,8.125,14.125,7.1875
1441193774681247,-16.25,14.8125,7.3125
1441193774698012,3.75,10.9375,9.6875
1441193774720009,8.1875,6.875,8.0625
1441193774741254,6.0625,7.25,6.8125
1441193774758027,13.4375,10.1875,4.1875
1441193774781035,15,8.5,4.8125
1441193774795012,11.0625,6.625,4.5625
1441193774818046,1.1875,3.3125,5.125
1441193774841014,-3.4375,2.3125,4.625
1441193774861286,0.6875,9.375,-2.125
1441193774878010,-6.1875,8.0625,-3.375
1441193774900011,-1.5,3.1875,0.5625
1441193774921260,-6.125,3.125,-1.375
1441193774938016,-4.125,4.875,2
1441193774960016,-2.875,6.3125,1.5625
1441193774981262,-7.125,4.25,2.4375
1441193774998017,-6.6875,3.75,1.4375
1441193775020015,-6.875,3.9375,-0.9375
1441193775041271,-12.375,1.6875,-0.5625
1441193775058027,-27.6875,1.375,-0.8125
1441193775080020,-34.3125,1.1875,-1.375
1441193775101268,-16.6875,-15.875,-0.875
1441193775118040,10.25,-23.875,-1.125
1441193775140021,21.0625,-25.625,-4.5625
1441193775161231,31.25,-17.75,-10.9375
1441193775178084,32.125,-10.6875,-19.1875
1441193775200018,11.0625,-1.6875,-9.0625
1441193775221270,1.25,1.5,-1.25
1441193775237019,-2.0625,-0.75,3.5
1441193775261110,-10.3125,-5.4375,6.375
1441193775281268,-10.125,-9.1875,2.375
1441193775304201,-6.1875,-8.8125,-0.8125
1441193775320025,2.875,-3.1875,-0.5625
1441193775342144,12.75,3.125,0.0625
1441193775357021,8.8125,3.8125,0.125
1441193775380023,-16.5,2,-2
1441193775403025,-12.875,-1.25,-1.25
1441193775418065,10.1875,-2.6875,2.25
1441193775440026,-8.375,-5,3.25
1441193775463020,-20.6875,1.8125,0.5
1441193775477028,1.3125,4,-1.75
1441193775501032,4.875,-2,-1.125
1441193775523021,6.6875,1.25,3.125
1441193775537024,-3.4375,6.875,0.4375
1441193775560025,6.0625,6.5,2.375
1441193775583025,11.1875,-2.9375,10.1875
1441193775597028,13.75,-2.4375,11.8125
1441193775620030,-1.6875,1.75,6.125
1441193775643031,0.375,0.3125,7.6875
1441193775664152,11.8125,-0.9375,7.375
1441193775680031,0.625,-0.6875,8.25
1441193775703026,-4.0625,-0.0625,7.25
1441193775717028,-3.8125,-5.125,4.1875
1441193775740032,-5.125,-14.9375,2
1441193775763055,18.4375,-21,2.0625
1441193775784229,44.875,-23.0625,-3
1441193775800034,64.25,-23.125,-7.25
1441193775823030,58.8125,-23.125,-15.4375
1441193775844101,64.25,-32.625,-17.9375
1441193775860031,73.5,-47.3125,-13.25
1441193775889163,76.3125,-48.8125,-9.1875
1441193775904188,70.75,-38.3125,-3.25
1441193775920038,62.8125,-25.5625,3.25
1441193775943098,53.5625,-17.4375,7.625
1441193775964038,50.1875,-19.375,11.625
1441193775980034,45.375,-25.5,13.75
1441193776002178,35.625,-28.8125,13.1875
1441193776024190,33.9375,-25.875,10.5625
1441193776040035,33.375,-22.6875,8.8125
1441193776063034,32.375,-20.75,4.9375
1441193776084206,25.25,-21.75,2.375
1441193776100040,17.375,-25.6875,1.125
1441193776123035,15.6875,-24.5625,1.25
1441193776144184,17.0625,-16.9375,4.125
1441193776160038,12.3125,-9.3125,3.375
1441193776184041,0.875,-5.75,3.1875
1441193776204091,-2.5625,-7.75,2.8125
1441193776219039,0.0625,-9.25,1.5625
1441193776242083,6.4375,-8.8125,-0.125
1441193776265037,12.375,-7.5625,-2.0625
1441193776280037,14.375,-7.8125,-3.1875
1441193776303066,8.9375,-10,-5.5
1441193776325040,4.25,-10.6875,-6
1441193776340039,5.875,-8.375,-4.125
1441193776364045,7.375,-4.8125,-3
1441193776385047,6.125,-3.75,-4.1875
1441193776399040,0.9375,-3.4375,-6.4375
1441193776422043,-3.75,-1.75,-8.8125
1441193776445042,-4.375,-1.25,-9.5
1441193776459044,2.9375,-1,-8.625
1441193776482195,7.75,-0.125,-8.1875
1441193776505043,5.875,-1.75,-9.3125
1441193776519042,1.875,-2.3125,-8.1875
1441193776543045,3.9375,-1.4375,-5.4375
1441193776565047,8.125,-0.75,-3.875
1441193776579079,7.1875,-1.5,-3
1441193776603084,5.6875,-4.6875,-2.6875
1441193776625048,2.125,-5.25,-2.5
1441193776639046,-5.75,-6.875,-4.875
1441193776663050,-16.6875,-6.8125,-8.75
1441193776686054,-20.1875,-5,-16.5625
1441193776707078,-17.9375,-4.25,-19.1875
1441193776723093,-5.4375,-2.875,-15
1441193776745051,10.25,1.1875,-8.4375
1441193776766266,12.25,5,-6.9375
1441193776783060,0.625,3.8125,-6.5
1441193776805053,-6.125,2.4375,-7.875
1441193776826257,-3.25,2.25,-8.25
1441193776843080,6.25,2.25,-7.1875
1441193776865055,14.5,0.5625,-4.75
1441193776886289,13.625,0,-2.25
1441193776903097,11.5,-1.75,-0.3125
1441193776926060,8.6875,-1.0625,-0.25
1441193776946077,8.875,0.1875,0.625
1441193776963051,12.875,2.6875,4.9375
1441193776985056,10.875,6.5,10.5
1441193777008051,0.6875,7.75,8.3125
1441193777022052,-5.75,6.75,4.125
1441193777045058,-2.125,8.3125,0.375
1441193777066289,4.9375,8.125,0.4375
1441193777083065,-1.125,2.4375,0.875
1441193777105056,-10.9375,-2.9375,0.875
1441193777126284,-8.8125,-7.875,1.125
1441193777143058,-2.5,-10.625,-3.375
1441193777165095,5.9375,-8.5,-6.5625
1441193777188098,15.6875,-4.0625,-4.3125
1441193777203058,12.25,-2.3125,-2.6875
1441193777225061,-0.3125,-3.5,-2
1441193777248058,-3.125,-4.3125,-2.6875
1441193777263061,-0.0625,-5.0625,-3.5
1441193777285062,0.625,-5.75,-2.75
1441193777308099,-0.75,-5.5625,-1.4375
1441193777323115,-2.125,-3.375,-0.375
1441193777345061,-0.4375,-1.6875,1.5625
1441193777368092,-0.6875,-0.625,-0.0625
1441193777382060,-1.875,0.6875,-1.6875
1441193777405063,-6,2.375,-2.25
1441193777428076,-12.875,3.6875,-3.4375
1441193777442061,-20.8125,4.8125,-3.125
1441193777465068,-32.5,10.375,-5.5
1441193777488061,-44.625,13.0625,-6.875
1441193777509138,-47.625,19.6875,-3.625
1441193777526065,-53.4375,19.8125,0.1875
1441193777548061,-63,19.0625,2.4375
1441193777569256,-80.1875,13.375,6.8125
1441193777585064,-106.875,3.75,17.25
1441193777607190,-119.938,3.875,38
1441193777629185,-122.063,12.625,50.5
1441193777645067,-117,31.375,56.25
1441193777668064,-98.1875,49.375,45.1875
1441193777689232,-82.75,55,34.8125
1441193777706067,-71.0625,49.3125,23.625
1441193777727194,-74.75,41.4375,13.5625
1441193777749221,-57.875,36.4375,-0.5625
1441193777765071,7.5,34.5,2.375
1441193777788100,68.8125,42.75,3.125
1441193777809226,-8.625,8.75,1.1875
1441193777825069,13.3125,18.5,-2.9375
1441193777848069,33,19.0625,4.75
1441193777869224,35.75,18,10.9375
1441193777885066,39,21.875,6.9375
1441193777907209,44.1875,20.5,14.6875
1441193777929163,34.75,16.3125,22.25
1441193777945066,13.9375,13.9375,22.6875
1441193777968102,11.75,15.875,22.75
1441193777989184,11.0625,17.25,20.0625
1441193778005071,12.0625,17.25,17.0625
1441193778028065,4.1875,12.9375,11.25
1441193778049182,-2.375,8.9375,6.25
1441193778056069,-2.25,5.75,3.3125
1441193778073070,-4.4375,4.5,0.8125
1441193778093355,-6.625,5.125,0.9375
1441193778116069,-10.125,8,1.1875
1441193778131121,-23.3125,13.3125,3.875
1441193778153299,-44.875,18.5625,6.8125
1441193778176071,-37.5,5.125,2.375
1441193778191102,-7.375,-15.3125,-4.25
1441193778213345,12.625,-28,-8.9375
1441193778236071,16.8125,-42.75,-12.0625
1441193778251079,22.0625,-43.6875,-11.375
1441193778273225,28.875,-32.625,-11.9375
1441193778296110,15.8125,-17.9375,-15.5625
1441193778311091,-7.125,-10.6875,-17.125
1441193778333350,-18.125,-6.25,-12.625
1441193778356072,-7.0625,-3.125,-3.1875
1441193778373073,-0.75,-0.25,1
1441193778393344,-9.1875,3.3125,0.9375
1441193778416074,-10.3125,7.375,-2.3125
1441193778431073,-3,8.5625,-5.5
1441193778453350,-2.4375,7.375,-6.5
1441193778476074,-4.75,2.5,-7.875
1441193778491096,-14.5625,-4,-7.5625
1441193778513285,12.0625,-1.9375,-3
1441193778536155,7,6.9375,-1.125
1441193778551072,-12.8125,9.4375,-4.25
1441193778573074,-15.8125,5.125,-2.6875
1441193778596106,5.75,-5.5625,-6.5625
1441193778610303,32.8125,-3.375,-1.9375
1441193778633306,11.1875,7.125,3.25
1441193778656074,11.3125,7.9375,6.0625
1441193778671134,7.8125,-2.5,11.625
1441193778693302,5.4375,-2.8125,16.4375
1441193778716101,-5.5625,1.375,7.8125
1441193778732088,6.5625,5.8125,6.625
1441193778753286,8.375,8,7.5625
1441193778776140,-3.5625,6.5,5.5625
1441193778792074,-5.0625,0.9375,4.1875
1441193778813331,-6.4375,-2.0625,1.1875
1441193778836079,-11.5625,-2.9375,-0.9375
1441193778852076,-15.625,-1.9375,-1.375
1441193778873195,-18.9375,-0.9375,-2.625
1441193778896149,-12.8125,-6.5625,-4.25
1441193778912072,3.6875,-13.8125,-8.8125
1441193778941074,12.1875,-28.75,-12.125
1441193778956072,13.1875,-34,-10
1441193778972073,9.375,-26.6875,-6.5625
1441193778993271,6.1875,-15.375,-5.375
1441193779016075,1.5,-2.6875,-3.25
1441193779032076,-3.75,6.125,-2
1441193779053277,-9.1875,12.625,-1.375
1441193779076077,-12.4375,14.125,-1.1875
1441193779093075,-13.8125,11.625,0.5
1441193779113303,-9.125,9.1875,2.625
1441193779136078,0.25,7.625,-1.1875
1441193779154130,-1.75,4.875,-1.625
1441193779173186,-1.875,3.5625,-1.5
1441193779196078,5.875,4.6875,-0.125
1441193779214077,6.75,8.4375,-0.75
1441193779233307,3.875,11.375,-2.8125
1441193779256084,-23.125,6,-7.25
1441193779273077,-2.1875,2.4375,-2.25
1441193779293079,9.6875,1.5,6.625
1441193779316079,20.8125,9.125,0.1875
1441193779333077,-6.1875,11.875,-2
1441193779353319,-26.5,0.4375,-1.875
1441193779376099,13.9375,-5.25,-2.9375
1441193779393075,24.125,-5.75,-1.5625
1441193779413338,0.125,-7.3125,0.9375
1441193779436094,-1.25,-2.5625,6.9375
1441193779454077,9.375,-2.4375,3.9375
1441193779473218,21,-2.8125,3.5
1441193779496090,3.9375,-3.75,6.125
1441193779514079,-7.5,-2.125,5.5
1441193779533210,4.9375,4.25,5.75
1441193779556132,10.125,9.5,6.75
1441193779573076,2.25,11.125,7.5
1441193779594100,-5.3125,11.5,8.5625
1441193779616080,-9.0625,14.625,8.5
1441193779633079,-9.5,19.25,6.25
1441193779656088,-8.9375,14.6875,0.4375
1441193779676081,2.4375,2.8125,-1.8125
1441193779694077,10.125,-8,-2.25
1441193779715080,14.3125,-15.6875,-4.875
1441193779736129,13.1875,-22.5,-9.4375
1441193779753080,16.4375,-23.75,-10.9375
1441193779774144,23.75,-22.5625,-10.5
1441193779796149,14.4375,-15.5625,-10
1441193779813082,3.9375,-14.0625,-8.9375
1441193779835080,-1.125,-9.75,-8.625
1441193779856083,-0.8125,-6.875,-6.375
1441193779873093,-1.875,-5.5625,-3.4375
1441193779895081,-7.0625,-4.8125,-1.875
1441193779916082,-10.75,-2.125,1.5625
1441193779933083,-6.625,0.875,1.9375
1441193779955082,-1.8125,1.875,1.625
1441193779975311,-3.375,2.25,1.9375
1441193779993081,-18.875,4.6875,-2
1441193780014093,-12,3.0625,-6
1441193780036106,8.3125,2.3125,1.3125
1441193780053082,9.5,6.5625,5.125
1441193780076084,-23.375,10.0625,5.8125
1441193780096126,-14.1875,9.1875,4.8125
1441193780113082,20.125,3.9375,4.5
1441193780136205,29.625,2.4375,7
1441193780156084,4.9375,10.875,5.625
1441193780172081,-9.625,12.0625,6.875
1441193780196236,6.6875,5.125,8.375
1441193780216248,21.125,-0.8125,5.4375
1441193780233080,6.9375,-4,1.25
1441193780256101,2.8125,0.4375,2.375
1441193780276311,-0.5,5.5,1.9375
1441193780293083,-7.1875,5.9375,2.9375
1441193780315088,-7.5,-0.1875,2.9375
1441193780330082,-10.5,-4.6875,2.4375
1441193780352187,-17.75,-9.1875,2
1441193780375086,-15.3125,-15.1875,3.125
1441193780396086,-4.8125,-17,-0.3125
1441193780413086,5.875,-18.9375,-7.375
1441193780435089,8.375,-17.0625,-11
1441193780456372,7.75,-11.875,-12.8125
1441193780473086,5.875,-4.4375,-13.8125
1441193780495089,2.6875,2,-13.0625
1441193780516315,1.875,6.0625,-8.8125
1441193780532248,4.25,8.125,-5.125
1441193780555083,2.3125,7.8125,-4.375
1441193780576333,-5.375,5,-3.4375
1441193780593087,-6.0625,2.6875,-2.875
1441193780615088,-1,0.375,-2.3125
1441193780637094,1.5625,-0.125,-1.625
1441193780653088,3.25,-0.9375,-1.25
1441193780675088,3,-3,-1
1441193780696313,2.0625,-5.5625,-0.5
1441193780713086,3.375,-5.6875,-0.4375
1441193780735089,7.9375,-4.375,0.6875
1441193780756334,8.75,-2.25,1.1875
1441193780773121,-2.125,0.0625,1.8125
1441193780795088,-1.3125,3,-0.6875
1441193780816358,-10.125,4.5,-1.9375
1441193780833087,-12.4375,9.1875,-1.375
1441193780855090,-5.875,10,1
1441193780876322,-13.0625,6.1875,-0.9375
1441193780893089,-14.6875,6.9375,7
1441193780915090,-0.4375,6.6875,18.875
1441193780936333,11.75,1,18.6875
1441193780952090,24,6.25,8.4375
1441193780975091,11.1875,-5.875,6.625
1441193780998090,13.875,1.125,10.625
1441193781012089,7.125,3.125,7.125
1441193781035091,8.875,3.25,11.125
1441193781058089,1.4375,-0.25,11.75
1441193781073089,-5.4375,-3.875,11
1441193781096092,3.375,-0.9375,4.6875
1441193781117254,-3.5,5.4375,-2.6875
1441193781133085,4.75,10.875,-3.9375
1441193781155088,0.625,12.3125,-8.1875
1441193781178108,-18.0625,9.875,-11.875
1441193781199198,-23.75,5.5,-12.0625
1441193781215092,-14.5625,0.25,-8.375
1441193781245089,0.5,-3.4375,-6.3125
1441193781259167,14.1875,-11.5625,-6.9375
1441193781275089,18.5625,-19.75,-7.4375
1441193781305089,17.375,-23.3125,-9
1441193781319224,15.0625,-22.4375,-10.5
1441193781335088,13.25,-18.75,-10.8125
1441193781358087,12.8125,-12.8125,-10.75
1441193781379154,10.125,-6.9375,-10.1875
1441193781395093,6.75,-3.5625,-7
1441193781418093,2.375,-2,-4.5
1441193781439181,-1.9375,-2.4375,-2.8125
1441193781455094,-4.8125,-2.8125,-0.8125
1441193781477179,-11.75,-1.4375,0.8125
1441193781499277,-19.6875,1.125,-0.625
1441193781515095,0.3125,0.8125,-1.625
1441193781538092,1.625,-2.8125,2.8125
1441193781559103,-9,-2.125,4.5625
1441193781575091,-5,2.5625,5.5625
1441193781598089,9.25,6.625,3.625
1441193781619173,10.3125,9.9375,-0.125
1441193781635095,7.0625,-2.8125,-7
1441193781657163,5,-13.0625,-3.75
1441193781679117,6.5,-15.8125,-2.25
1441193781695098,5.1875,-9.0625,0.0625
1441193781718095,0.4375,-0.0625,0.75
1441193781739192,-9.4375,5.1875,0.0625
1441193781755091,-34.75,7.5,5.4375
1441193781778093,-32.5,3.5625,1.1875
1441193781799134,33.625,5.25,7.0625
1441193781815096,-2.4375,19.125,16.25
1441193781838094,-27.5,16.5,14.5625
1441193781859254,-15.625,10.875,2.1875
1441193781875094,21.125,-1,-8.3125
1441193781898092,7.125,-3.125,6.125
1441193781919182,-9.75,-0.0625,5.4375
1441193781935095,5.6875,1.875,2.75
1441193781958092,13.3125,3.3125,4.375
1441193781980097,-8.25,3.75,3.125
1441193781995098,-20.3125,0.8125,3.8125
1441193782018097,-11.9375,3.9375,6.3125
1441193782040098,-3.8125,8.625,4.8125
1441193782054140,-1,10.8125,4.375
1441193782078091,0.3125,10.6875,5.1875
1441193782100097,-2.875,8.4375,3.4375
1441193782115096,-10.75,8.125,-0.0625
1441193782138096,-6.5,2.6875,-1.4375
1441193782160093,6,-5.375,-2.4375
1441193782174094,18.375,-13.25,-6.6875
1441193782197237,23.75,-20.125,-11.3125
1441193782220099,21,-25.9375,-16.4375
1441193782241366,17.4375,-25.8125,-16.5
1441193782258099,13.75,-18.125,-14.5625
1441193782280094,10.0625,-6.625,-12.75
1441193782301386,5,-1.3125,-10.4375
1441193782318094,-2.75,0.9375,-7.125
1441193782340097,-8.125,0.1875,-4.1875
1441193782354221,-8.5,0.8125,-2.5625
1441193782377175,-7.5,-0.5,-1.125
1441193782400100,-4,-2,0.5625
1441193782415098,-1.125,0.0625,2.0625
1441193782438102,2.5,1.4375,1.4375
1441193782460144,-10.4375,4.8125,2.9375
1441193782481349,-20.5625,3.9375,-0.875
1441193782501090,6.125,1.0625,0.625
1441193782520100,-3.75,1.5,9.375
1441193782541278,-12.375,3.4375,10.1875
1441193782558099,-14.3125,9.6875,9.125
1441193782580101,11.6875,11.9375,2.5
1441193782601345,35.875,7,-1.3125
1441193782618136,26.4375,-4.6875,1.25
1441193782640101,-1.375,-6,9.25
1441193782661332,-2.625,-2.875,11.4375
1441193782678102,10.1875,0.6875,8.25
1441193782700102,2.1875,0,6.875
1441193782721356,-3.625,-2.5,5
1441193782738096,2.5,-0.6875,-0.0625
1441193782760098,0.5,-0.4375,-7
1441193782781364,-0.875,-2.25,-9.25
1441193782797274,-2.5,-3.3125,-9.8125
1441193782820098,-2.9375,-1.5625,-8.5
1441193782841323,2.625,3.875,-5.9375
1441193782858101,8.8125,4.3125,-5.75
1441193782880099,14.6875,1.25,-6.625
1441193782903103,18.0625,-9.5,-6.875
1441193782917128,15.5,-16.5625,-7.9375
1441193782940157,18.8125,-20.8125,-12.375
1441193782963099,28.6875,-23.375,-11.5
1441193782977103,24.3125,-21.0625,-8.4375
1441193783000105,19.625,-13.5,-5.6875
1441193783022180,22.3125,-6,-3.5625
1441193783037100,23.8125,0.4375,-1.75
1441193783060105,20.125,2.9375,0.6875
1441193783083099,11.6875,1.3125,2.5625
1441193783097105,5.6875,-2.4375,5.25
1441193783120100,3.0625,-5.3125,6.9375
1441193783143100,-0.875,-3.9375,7.625
1441193783157104,-3.625,-0.625,8.75
1441193783180105,-8.125,-2.125,5.0625
1441193783203101,-31.25,-7.75,9.125
1441193783224268,-36.125,-5.375,15.125
1441193783240106,-14.8125,0.8125,14.5625
1441193783263100,-20.875,3.375,19.3125
1441193783284224,-28.3125,7.8125,24.375
1441193783300102,-18.1875,14.0625,35.4375
1441193783323104,-9.875,14.6875,28.5
1441193783344137,-28.3125,6.3125,16.25
1441193783360106,-11.875,12.9375,5.3125
1441193783383104,21.3125,3.1875,-1.375
1441193783404102,31.125,-0.0625,8.4375
1441193783420167,15.625,5.875,11.1875
1441193783443105,-3.75,10,9.5625
1441193783464123,-5.5625,6.25,7.375
1441193783480108,0.6875,1.0625,8.75
1441193783503102,-1.0625,-0.25,3.8125
1441193783524262,1.3125,3.375,0.0625
1441193783540103,-0.4375,5.5625,-4.4375
1441193783570107,-3.125,6.8125,-6.3125
1441193783584114,-15.1875,11.5625,-7.625
1441193783600103,-25.6875,12.4375,-10.5
1441193783623150,-20.5,8,-13.1875
1441193783644118,-3.25,0.0625,-12.125
1441193783660104,11.1875,-8.9375,-13.1875
1441193783683103,14.5,-16.625,-12
1441193783704124,9.9375,-18.25,-11.875
1441193783720109,6.9375,-17.25,-10.9375
1441193783742281,7.375,-13.25,-8.625
1441193783764162,4.25,-7.3125,-7.8125
1441193783780107,1.6875,-6,-5.5
1441193783803119,-3.625,-1.3125,-4.125
1441193783824130,-12.5625,3.4375,-6.875
1441193783840108,-18.75,4.5625,-5.0625
1441193783863108,-37.125,1.75,-1.875
1441193783885105,-10.75,3.375,4.875
1441193783891108,11.3125,5.375,7.75
1441193783913306,1.4375,6.3125,5.625
1441193783928303,-31.25,12.1875,6.375
1441193783951110,-26.875,13.6875,4.9375
1441193783973324,-3.5,7.3125,6.125
1441193783988336,20,10.0625,4.75
1441193784011166,13.1875,10.3125,3.125
1441193784027110,-2,8.125,1.5
1441193784048310,-0.8125,2.625,2.25
1441193784071115,11.4375,2.6875,3.75
1441193784095109,9.25,-3.0625,0.5
1441193784108111,4.3125,-8.5625,-1.375
1441193784130348,6.125,-16.3125,-4.9375
1441193784146109,16.5625,-21.1875,-9.75
1441193784168322,31.125,-24.8125,-10.875
1441193784199126,45.8125,-20.5625,-12.125
1441193784207106,52.375,-12.8125,-14.75
1441193784228322,57.5,-6,-15.1875
1441193784251130,58.375,0,-14.25
1441193784267108,70.0625,3.6875,-12.0625
1441193784288286,72.875,3,-7.75
1441193784311112,60,-1.8125,-7.5
1441193784327112,29.25,-6.1875,-4.8125
1441193784348114,5.75,-7.875,-0.1875
1441193784371182,-3.375,-8.75,4.875
1441193784387112,-6.125,-12.9375,6.5625
1441193784408114,0.375,-17.25,7.875
1441193784430377,14.3125,-19.1875,8
1441193784447113,30.9375,-20.9375,8
1441193784468334,42.3125,-20.75,8.375
1441193784491146,39.8125,-21.875,9.0625
1441193784507112,32.25,-20.8125,7.8125
1441193784528333,20.4375,-20.6875,6.375
1441193784551113,13.0625,-21.4375,5.8125
1441193784574115,18.3125,-23.5,5.8125
1441193784588114,23.75,-23.1875,4.5625
1441193784610354,26.25,-22,4.25
1441193784627109,24.0625,-19.9375,5.5625
1441193784648330,18.0625,-19.8125,4.625
1441193784674110,11,-21.0625,3.25
1441193784687130,10,-22.25,2.4375
1441193784708279,16.125,-21.0625,2.125
1441193784731137,19.875,-19.0625,3.125
1441193784747115,15.3125,-16.875,3.5625
1441193784769111,8.125,-13.3125,3.9375
1441193784791158,8.125,-10.6875,5
1441193784808133,9.9375,-10.1875,5.1875
1441193784828152,7.5625,-8.8125,5
1441193784851118,5.3125,-7.5625,3.9375
1441193784868114,3.875,-5.125,2.75
1441193784888356,3.125,-3.5625,2.4375
1441193784911116,0,-5.9375,1.875
1441193784928113,-1.375,-6.6875,1.875
1441193784956178,-2.25,-5.875,1.9375
1441193784971118,-1.6875,-3.0625,0.5625
1441193784989115,-2.3125,1.25,-1.75
1441193785011115,-5.6875,0.375,-4.9375
1441193785030336,-3.6875,-3.4375,-5.0625
1441193785048113,-0.625,-5.5625,-5.3125
1441193785068118,-1.1875,-3.6875,-5.0625
1441193785091117,-5.3125,-4.0625,-5.5
1441193785108162,-5.3125,-2.1875,-8.25
1441193785128334,-10.25,-3.5625,-9.0625
1441193785151136,-9.25,-2.4375,-5.8125
1441193785168116,-7.9375,-2.625,-5.1875
1441193785188351,-11.5625,-9.75,-6.1875
1441193785211158,-20.3125,-20.125,-2.5
1441193785228117,-25.9375,-17.1875,0.25
1441193785248353,-17.1875,-5.4375,-0.0625
1441193785270336,-23.9375,5.4375,5.75
1441193785288129,-38.9375,18.75,20.5625
1441193785308121,-29.5625,12.1875,33.4375
1441193785331176,-46.3125,1.5,16
1441193785348118,-31.4375,-5.8125,-0.4375
1441193785369187,14.4375,-4.25,5.3125
1441193785391119,24.3125,-1.4375,-4.8125
1441193785408120,25.625,-4.375,-2.3125
1441193785429156,15.0625,-11.875,-0.8125
1441193785451119,15,-14.875,-3.125
1441193785468118,8.875,-17.625,-8.125
1441193785490119,29.125,-10,-15.4375
1441193785510317,47.75,6.9375,-13.6875
1441193785528119,32.25,3.5625,-10.25
1441193785549119,15.5625,5,-7.125
1441193785570360,16.625,21.875,-10.3125
1441193785588116,-39.1875,-3.9375,-16.5625
1441193785610120,14.1875,-12.0625,-18.375
1441193785630381,57.1875,-13.25,-17.25
1441193785648116,82.1875,-7.125,-7.5625
1441193785669179,44.4375,-15.4375,-17.4375
1441193785691121,-6.875,-16.5,-23.0625
1441193785708120,-33.5625,-8.375,-22.8125
1441193785731277,-45.1875,2.875,-22.6875
1441193785750370,-35.0625,15.625,-23.375
1441193785768117,-13.8125,14.5,-20.5
1441193785791120,4.4375,5.1875,-13.8125
1441193785811122,21.5,-0.125,-8.0625
1441193785828118,39.375,0.5,-8.125
1441193785851246,31.4375,-4.5625,-11.75
1441193785870388,15.625,-4.5,-15.9375
1441193785888118,0.5,-0.6875,-15.9375
1441193785911204,-8.5625,1.25,-11.9375
1441193785930359,-12.8125,4.125,-6.1875
1441193785948118,-3.5625,2.25,-2.4375
1441193785971122,6.0625,0.25,-2.75
1441193785990362,12.5,-0.8125,-4.75
1441193786008119,14,-2.1875,-6.625
1441193786030124,9.75,-3.125,-8.125
1441193786051219,3.625,-3,-9.125
1441193786068120,2.375,-9.1875,-9.4375
1441193786090124,4.5,-7.875,-9
1441193786111230,10.75,-4.1875,-9.4375
1441193786128122,8.5,-0.875,-7.9375
1441193786150121,4.125,-0.3125,-3.8125
1441193786171289,4.1875,-2.125,2.3125
1441193786188123,14.9375,2.375,1.125
1441193786210121,16.0625,9,-1.625
1441193786231348,8,8.5625,-4.8125
1441193786248123,6.1875,5,-3.625
1441193786270125,12.5,5,-2.875
1441193786291435,6.6875,4.3125,-2.75
1441193786308123,-1.5,4.375,-2.5
1441193786330172,-3.75,1.4375,-2.625
1441193786351395,1.9375,-1.125,-1.875
1441193786368123,5.5,-3.9375,-1.8125
1441193786390126,7.3125,-4.5625,-1.8125
1441193786412142,3.625,-4.625,-1.75
1441193786428126,-2.4375,-4.5,-1.8125
1441193786450123,-3.625,-4.8125,-2.0625
1441193786471358,-1.625,-3.875,-3.0625
1441193786488209,1.625,-2.5625,-2.1875
1441193786510127,6.625,-5.375,0.9375
1441193786531327,8.8125,-5,1.625
1441193786548125,2.75,-2.8125,-0.375
1441193786570123,-3.625,-1.375,-1.25
1441193786591338,-0.75,-0.375,-1.3125
1441193786607135,5,0.1875,-1.3125
1441193786630124,6.125,0,0
1441193786652182,7.4375,-1.9375,1.1875
1441193786668163,9.75,-1.6875,1.8125
1441193786690126,7.375,0.3125,0.625
1441193786712123,7.9375,0.0625,0.0625
1441193786727179,14.0625,-0.5625,1.625
1441193786750128,11.5625,-7.8125,3.9375
1441193786773127,-5.5625,-10.4375,0.5625
1441193786787126,-28.1875,-8.0625,-4.0625
