timestamp,x,y,z,w
1441193757932692,-0.443176,0.207764,-0.49115,0.720581
1441193757949678,-0.442566,0.207397,-0.491272,0.720947
1441193757970679,-0.443481,0.20752,-0.490723,0.720703
1441193757996682,-0.444214,0.207581,-0.490417,0.720459
1441193758009681,-0.44397,0.207214,-0.490479,0.720642
1441193758030864,-0.444031,0.207214,-0.490479,0.720642
1441193758054804,-0.444641,0.207764,-0.490356,0.720215
1441193758100943,-0.445129,0.208313,-0.490356,0.719727
1441193758102685,-0.445496,0.208923,-0.490417,0.719299
1441193758113909,-0.445374,0.209534,-0.490662,0.718994
1441193758129686,-0.445496,0.210449,-0.490723,0.718628
1441193758151686,-0.445618,0.211304,-0.490906,0.718201
1441193758173885,-0.445557,0.212219,-0.491089,0.717834
1441193758210846,-0.445679,0.213257,-0.49115,0.717407
1441193758220692,-0.445496,0.214111,-0.491272,0.717163
1441193758233905,-0.445007,0.214905,-0.491394,0.717163
1441193758248721,-0.44458,0.215637,-0.491394,0.717163
1441193758271694,-0.444275,0.21637,-0.491333,0.717163
1441193758293916,-0.44397,0.216858,-0.491333,0.717224
1441193758308848,-0.443604,0.217163,-0.491394,0.717285
1441193758330896,-0.443665,0.217407,-0.491394,0.717224
1441193758353931,-0.443909,0.217651,-0.491333,0.717041
1441193758368870,-0.444214,0.217712,-0.491211,0.716919
1441193758391694,-0.444336,0.217651,-0.491028,0.71698
1441193758413918,-0.444519,0.217468,-0.490967,0.71698
1441193758428691,-0.444519,0.217468,-0.490967,0.71698
1441193758450914,-0.444946,0.217651,-0.490845,0.716736
1441193758473836,-0.445007,0.217651,-0.490845,0.716736
1441193758488912,-0.445007,0.217651,-0.490845,0.716736
1441193758511736,-0.445068,0.217651,-0.490845,0.716675
1441193758533888,-0.445068,0.217773,-0.490906,0.716614
1441193758548897,-0.444885,0.218079,-0.49115,0.716431
1441193758571696,-0.444641,0.218262,-0.491333,0.71637
1441193758594695,-0.444519,0.218506,-0.491455,0.716309
1441193758608818,-0.444397,0.21875,-0.491577,0.716248
1441193758631703,-0.444092,0.21875,-0.49176,0.716309
1441193758654696,-0.443848,0.21875,-0.492004,0.716309
1441193758668698,-0.443848,0.218933,-0.492188,0.716125
1441193758691699,-0.443848,0.218994,-0.492188,0.716125
1441193758713924,-0.443848,0.219055,-0.492371,0.716003
1441193758728916,-0.443481,0.218933,-0.492615,0.716003
1441193758751741,-0.443176,0.218811,-0.492859,0.716125
1441193758773923,-0.443176,0.218811,-0.492859,0.716125
1441193758788922,-0.443176,0.218811,-0.492859,0.716125
1441193758811777,-0.443054,0.218689,-0.492981,0.716125
1441193758833935,-0.442993,0.218567,-0.492981,0.716187
1441193758847945,-0.442871,0.218323,-0.492981,0.716309
1441193758871704,-0.442749,0.218201,-0.493042,0.716431
1441193758893846,-0.442749,0.218201,-0.493042,0.716431
1441193758907903,-0.44281,0.218262,-0.492981,0.716431
1441193758931701,-0.442688,0.218262,-0.492981,0.716492
1441193758953926,-0.442749,0.218262,-0.492981,0.716431
1441193758967932,-0.442749,0.218262,-0.492981,0.716431
1441193758990896,-0.44281,0.218262,-0.492981,0.716431
1441193759006706,-0.442749,0.218384,-0.493042,0.71637
1441193759027942,-0.442749,0.218445,-0.493042,0.716309
1441193759050950,-0.44281,0.218445,-0.493042,0.716309
1441193759066704,-0.44281,0.218445,-0.493042,0.716309
1441193759088701,-0.44281,0.218445,-0.493042,0.716309
1441193759111791,-0.44281,0.218445,-0.493042,0.716309
1441193759126705,-0.44281,0.218445,-0.493042,0.716309
1441193759147961,-0.44281,0.218506,-0.493042,0.716309
1441193759171709,-0.442871,0.218506,-0.493042,0.716309
1441193759186710,-0.442871,0.218506,-0.493042,0.716309
1441193759209711,-0.442871,0.218506,-0.492981,0.716309
1441193759232712,-0.442871,0.218506,-0.492981,0.716309
1441193759253973,-0.442871,0.218506,-0.492981,0.716309
1441193759269705,-0.442871,0.218506,-0.492981,0.716309
1441193759292744,-0.442932,0.218506,-0.492981,0.716248
1441193759306711,-0.442871,0.218506,-0.492981,0.716309
1441193759329731,-0.442871,0.218567,-0.49292,0.716309
1441193759352713,-0.442871,0.218567,-0.49292,0.716309
1441193759373917,-0.442871,0.218567,-0.49292,0.716309
1441193759389753,-0.442932,0.218567,-0.49292,0.716309
1441193759412714,-0.442932,0.218567,-0.49292,0.716309
1441193759433905,-0.442932,0.218628,-0.49292,0.716248
1441193759449710,-0.442993,0.218628,-0.49292,0.716248
1441193759472716,-0.442993,0.218628,-0.49292,0.716248
1441193759494716,-0.442993,0.218628,-0.492859,0.716248
1441193759509718,-0.442993,0.218628,-0.492859,0.716248
1441193759532713,-0.443054,0.218628,-0.492859,0.716248
1441193759553890,-0.443054,0.218689,-0.492859,0.716248
1441193759569716,-0.443054,0.218689,-0.492859,0.716248
1441193759592714,-0.443054,0.218689,-0.492859,0.716187
1441193759613926,-0.443115,0.218689,-0.492859,0.716187
1441193759629785,-0.443115,0.218689,-0.492859,0.716187
1441193759652732,-0.443115,0.21875,-0.492798,0.716187
1441193759673921,-0.443176,0.21875,-0.492798,0.716187
1441193759689720,-0.443176,0.21875,-0.492798,0.716187
1441193759712717,-0.443176,0.21875,-0.492798,0.716187
1441193759733917,-0.443176,0.21875,-0.492798,0.716125
1441193759749716,-0.443237,0.21875,-0.492798,0.716125
1441193759772717,-0.443237,0.21875,-0.492798,0.716125
1441193759795721,-0.443237,0.218811,-0.492798,0.716125
1441193759809722,-0.443237,0.218811,-0.492798,0.716125
1441193759831721,-0.443237,0.218811,-0.492798,0.716125
1441193759854721,-0.443237,0.218811,-0.492737,0.716125
1441193759869738,-0.443237,0.218811,-0.492737,0.716125
1441193759891724,-0.443237,0.218872,-0.492737,0.716125
1441193759915723,-0.443237,0.218872,-0.492737,0.716125
1441193759929784,-0.443237,0.218872,-0.492737,0.716125
1441193759951724,-0.443298,0.218872,-0.492737,0.716125
1441193759974723,-0.443298,0.218872,-0.492737,0.716125
1441193759989722,-0.443298,0.218872,-0.492737,0.716125
1441193760011729,-0.443298,0.218872,-0.492737,0.716125
1441193760035725,-0.443298,0.218933,-0.492676,0.716125
1441193760049724,-0.443359,0.218933,-0.492676,0.716064
1441193760071728,-0.443359,0.218933,-0.492676,0.716064
1441193760094765,-0.443359,0.218933,-0.492676,0.716064
1441193760109725,-0.443359,0.218994,-0.492676,0.716064
1441193760131725,-0.443359,0.218994,-0.492676,0.716064
1441193760154727,-0.44342,0.218994,-0.492676,0.716064
1441193760169729,-0.44342,0.218994,-0.492615,0.716064
1441193760191727,-0.44342,0.218994,-0.492615,0.716064
1441193760215729,-0.44342,0.219055,-0.492615,0.716064
1441193760229727,-0.44342,0.219055,-0.492615,0.716003
1441193760251731,-0.443481,0.219055,-0.492615,0.716003
1441193760275730,-0.443481,0.219055,-0.492615,0.716003
1441193760289727,-0.443481,0.219055,-0.492615,0.716003
1441193760311728,-0.443481,0.219055,-0.492615,0.716003
1441193760334730,-0.443481,0.219116,-0.492615,0.716003
1441193760349732,-0.443481,0.219116,-0.492615,0.716003
1441193760371734,-0.443481,0.219116,-0.492554,0.716003
1441193760394731,-0.443481,0.219116,-0.492554,0.716003
1441193760416736,-0.443481,0.219116,-0.492554,0.716003
1441193760431731,-0.443542,0.219116,-0.492554,0.716003
1441193760454735,-0.443542,0.219177,-0.492554,0.716003
1441193760476734,-0.443542,0.219177,-0.492554,0.716003
1441193760491733,-0.443542,0.219177,-0.492554,0.716003
1441193760514855,-0.443542,0.219177,-0.492493,0.716003
1441193760535976,-0.443542,0.219238,-0.492493,0.716003
1441193760551734,-0.443542,0.219238,-0.492493,0.716003
1441193760574738,-0.443604,0.219238,-0.492493,0.715942
1441193760596733,-0.443604,0.219238,-0.492493,0.715942
1441193760611738,-0.443604,0.219238,-0.492493,0.715942
1441193760634737,-0.443665,0.219299,-0.492493,0.715942
1441193760656735,-0.443665,0.219299,-0.492432,0.715942
1441193760671737,-0.443665,0.219299,-0.492432,0.715942
1441193760694747,-0.443542,0.219238,-0.492493,0.716003
1441193760716739,-0.443481,0.219238,-0.492493,0.716003
1441193760730967,-0.443481,0.219238,-0.492493,0.716003
1441193760745824,-0.443481,0.219299,-0.492493,0.716003
1441193760767989,-0.443542,0.219299,-0.492493,0.716003
1441193760790976,-0.443542,0.219299,-0.492493,0.716003
1441193760805849,-0.443542,0.219299,-0.492493,0.716003
1441193760827989,-0.443542,0.219299,-0.492493,0.716003
1441193760850967,-0.44342,0.219238,-0.492493,0.716064
1441193760865819,-0.44342,0.219238,-0.492493,0.716064
1441193760887962,-0.44342,0.219238,-0.492493,0.716064
1441193760910894,-0.443359,0.219238,-0.492493,0.716125
1441193760925825,-0.443359,0.219238,-0.492493,0.716125
1441193760947854,-0.443359,0.219238,-0.492493,0.716125
1441193760971751,-0.443359,0.219238,-0.492493,0.716125
1441193760985917,-0.44342,0.219238,-0.492493,0.716125
1441193761009732,-0.44342,0.219238,-0.492493,0.716125
1441193761030894,-0.443359,0.219299,-0.492493,0.716125
1441193761045748,-0.443359,0.219299,-0.492493,0.716125
1441193761071366,-0.44342,0.219299,-0.492493,0.716064
1441193761090843,-0.443359,0.219299,-0.492493,0.716125
1441193761105886,-0.443176,0.219238,-0.492432,0.716248
1441193761127988,-0.443542,0.219238,-0.492432,0.716064
1441193761151748,-0.443787,0.219116,-0.492493,0.715881
1441193761165816,-0.443542,0.21875,-0.492859,0.715881
1441193761188745,-0.443359,0.218567,-0.493164,0.715881
1441193761211000,-0.443848,0.218628,-0.493103,0.715576
1441193761225816,-0.445557,0.218933,-0.492432,0.714905
1441193761248004,-0.449402,0.220398,-0.491394,0.712708
1441193761271749,-0.452454,0.222046,-0.490662,0.710815
1441193761285890,-0.453918,0.222778,-0.490662,0.709595
1441193761307857,-0.453979,0.2229,-0.490784,0.709473
1441193761331757,-0.45282,0.222229,-0.49115,0.710205
1441193761345754,-0.452026,0.221558,-0.491516,0.710632
1441193761367993,-0.452148,0.221313,-0.491089,0.710938
1441193761390945,-0.453186,0.221191,-0.490601,0.710632
1441193761405928,-0.453979,0.221252,-0.490479,0.710205
1441193761427752,-0.454224,0.221008,-0.490295,0.710205
1441193761450957,-0.454163,0.220215,-0.490234,0.710571
1441193761465780,-0.453918,0.219421,-0.490356,0.710876
1441193761487971,-0.453857,0.218933,-0.49054,0.710938
1441193761510756,-0.454163,0.218689,-0.49054,0.710815
1441193761525811,-0.454102,0.218201,-0.490479,0.71106
1441193761547782,-0.453491,0.217651,-0.490723,0.711487
1441193761570975,-0.45282,0.217224,-0.490906,0.711853
1441193761585846,-0.452881,0.216797,-0.490662,0.712158
1441193761608754,-0.454102,0.216614,-0.490356,0.711609
1441193761630976,-0.455505,0.216797,-0.48999,0.710938
1441193761645816,-0.456055,0.216492,-0.489868,0.710754
1441193761667998,-0.455688,0.215942,-0.490173,0.710938
1441193761690959,-0.454956,0.215454,-0.49054,0.711304
1441193761706758,-0.453979,0.215698,-0.490723,0.711731
1441193761728024,-0.453064,0.216675,-0.490417,0.71228
1441193761750792,-0.453247,0.217957,-0.490112,0.711914
1441193761767754,-0.454346,0.219055,-0.490479,0.710693
1441193761788848,-0.454041,0.218506,-0.490845,0.710754
1441193761810896,-0.455261,0.217102,-0.489319,0.711487
1441193761825756,-0.458801,0.217529,-0.487427,0.710327
1441193761847758,-0.462036,0.218567,-0.486389,0.708618
1441193761872757,-0.461914,0.21759,-0.486877,0.708679
1441193761885760,-0.460999,0.215759,-0.487976,0.709045
1441193761907989,-0.459961,0.214355,-0.488831,0.709534
1441193761930761,-0.458557,0.213562,-0.489563,0.710266
1441193761945932,-0.458252,0.214233,-0.489868,0.710022
1441193761968045,-0.458374,0.214844,-0.490173,0.709534
1441193761984820,-0.456543,0.213867,-0.49115,0.710327
1441193762005983,-0.454346,0.213013,-0.49231,0.711182
1441193762028766,-0.45343,0.21344,-0.492981,0.711243
1441193762044765,-0.453674,0.214722,-0.493225,0.71051
1441193762065917,-0.454224,0.216064,-0.493408,0.709656
1441193762087968,-0.453979,0.216797,-0.493896,0.709229
1441193762104780,-0.453064,0.216858,-0.494446,0.709351
1441193762125794,-0.452209,0.216553,-0.494751,0.709778
1441193762148018,-0.451599,0.216125,-0.494995,0.710205
1441193762164773,-0.451294,0.215759,-0.495056,0.710388
1441193762185772,-0.451294,0.215759,-0.495056,0.710388
1441193762208015,-0.451294,0.215698,-0.495178,0.710388
1441193762224766,-0.451294,0.215759,-0.495178,0.710327
1441193762245916,-0.451111,0.215942,-0.4953,0.710327
1441193762267877,-0.451111,0.216248,-0.495178,0.710266
1441193762284785,-0.450684,0.216431,-0.495178,0.71051
1441193762305936,-0.450012,0.216492,-0.495239,0.710876
1441193762327966,-0.449158,0.21637,-0.495422,0.711365
1441193762344792,-0.448547,0.21637,-0.495544,0.71167
1441193762365771,-0.448486,0.21637,-0.495544,0.71167
1441193762388003,-0.448486,0.21637,-0.495361,0.711792
1441193762404766,-0.448547,0.216309,-0.495117,0.711914
1441193762425821,-0.448608,0.216309,-0.495117,0.711914
1441193762447985,-0.448608,0.216309,-0.495117,0.711914
1441193762464771,-0.448608,0.216309,-0.494934,0.712036
1441193762485770,-0.448669,0.216309,-0.494934,0.712036
1441193762507980,-0.448669,0.216309,-0.494934,0.711975
1441193762524775,-0.448608,0.216431,-0.494751,0.712097
1441193762545926,-0.448792,0.216614,-0.494568,0.712097
1441193762567991,-0.44873,0.216675,-0.494446,0.712158
1441193762584776,-0.44873,0.216675,-0.494446,0.712158
1441193762605775,-0.44873,0.216675,-0.494446,0.712158
1441193762627996,-0.448792,0.216736,-0.494446,0.712158
1441193762644774,-0.448792,0.216736,-0.494446,0.712158
1441193762666775,-0.448792,0.216736,-0.494446,0.712158
1441193762687919,-0.448792,0.216736,-0.494385,0.712158
1441193762704775,-0.448792,0.216736,-0.494385,0.712158
1441193762726781,-0.448792,0.216736,-0.494385,0.712158
1441193762748801,-0.448853,0.216797,-0.494385,0.712158
1441193762764784,-0.448853,0.216797,-0.494385,0.712097
1441193762786781,-0.448853,0.216797,-0.494385,0.712097
1441193762808007,-0.448853,0.216797,-0.494385,0.712097
1441193762824779,-0.448914,0.216797,-0.494385,0.712097
1441193762846782,-0.448853,0.216736,-0.494568,0.712036
1441193762868778,-0.448853,0.216797,-0.494568,0.712036
1441193762884778,-0.448853,0.216797,-0.494507,0.712036
1441193762906782,-0.448914,0.216797,-0.494507,0.711975
1441193762928029,-0.448914,0.216797,-0.494507,0.711975
1441193762944829,-0.448792,0.216736,-0.49469,0.711975
1441193762966780,-0.448792,0.216736,-0.49469,0.711975
1441193762988780,-0.448792,0.216736,-0.49469,0.711975
1441193763004781,-0.448792,0.216736,-0.494629,0.711975
1441193763026786,-0.448853,0.216736,-0.494629,0.711975
1441193763048024,-0.448853,0.216736,-0.494629,0.711975
1441193763064829,-0.44873,0.216736,-0.49469,0.711975
1441193763086785,-0.44873,0.216736,-0.49469,0.711975
1441193763108002,-0.44873,0.216736,-0.49469,0.711975
1441193763124787,-0.44873,0.216736,-0.49469,0.711975
1441193763146788,-0.44873,0.216736,-0.49469,0.711975
1441193763167893,-0.448792,0.216736,-0.49469,0.711975
1441193763184788,-0.448792,0.216797,-0.49469,0.711975
1441193763206789,-0.448792,0.216797,-0.49469,0.711975
1441193763228804,-0.448792,0.216614,-0.494873,0.711853
1441193763244784,-0.448792,0.216553,-0.495056,0.711792
1441193763266790,-0.448792,0.216614,-0.495056,0.711792
1441193763288792,-0.448792,0.216614,-0.494995,0.711792
1441193763304806,-0.448853,0.216614,-0.494995,0.711731
1441193763326790,-0.448853,0.216614,-0.494995,0.711731
1441193763347992,-0.448669,0.216614,-0.495117,0.711792
1441193763364790,-0.448669,0.216614,-0.495117,0.711792
1441193763387791,-0.448669,0.216614,-0.495117,0.711792
1441193763408034,-0.448669,0.216614,-0.495117,0.711792
1441193763423907,-0.448669,0.216614,-0.495117,0.711792
1441193763446793,-0.448669,0.216614,-0.495117,0.711792
1441193763468836,-0.448547,0.216492,-0.495178,0.711853
1441193763484794,-0.448547,0.216492,-0.495178,0.711853
1441193763507794,-0.448547,0.216492,-0.495178,0.711853
1441193763528073,-0.448547,0.216492,-0.495178,0.711853
1441193763544819,-0.448547,0.216492,-0.495178,0.711853
1441193763566796,-0.448608,0.216553,-0.495178,0.711853
1441193763588055,-0.448608,0.216492,-0.495178,0.711792
1441193763603958,-0.448608,0.216492,-0.495178,0.711792
1441193763625950,-0.448608,0.216492,-0.495178,0.711792
1441193763648952,-0.448608,0.216553,-0.495178,0.711792
1441193763664826,-0.448608,0.216553,-0.495178,0.711792
1441193763686042,-0.448608,0.216553,-0.495178,0.711792
1441193763708857,-0.448608,0.216553,-0.495178,0.711792
1441193763725802,-0.448669,0.216553,-0.495178,0.711792
1441193763746058,-0.448669,0.216553,-0.495178,0.711792
1441193763768948,-0.448669,0.216553,-0.495178,0.711792
1441193763785798,-0.448669,0.216553,-0.495178,0.711792
1441193763806058,-0.448669,0.216553,-0.495178,0.711792
1441193763828973,-0.448669,0.216553,-0.495117,0.711792
1441193763844798,-0.448669,0.216614,-0.495117,0.711792
1441193763866046,-0.448669,0.216614,-0.495117,0.711792
1441193763888973,-0.448669,0.216614,-0.495117,0.711792
1441193763904802,-0.44873,0.216614,-0.495117,0.711792
1441193763925961,-0.44873,0.216675,-0.495117,0.711731
1441193763948966,-0.44873,0.216675,-0.495056,0.711731
1441193763964874,-0.44873,0.216675,-0.495056,0.711731
1441193763986044,-0.44873,0.216675,-0.495056,0.711731
1441193764008991,-0.44873,0.216675,-0.495056,0.711731
1441193764025803,-0.448792,0.216675,-0.495056,0.711731
1441193764046059,-0.448792,0.216736,-0.495056,0.711731
1441193764068933,-0.448792,0.216736,-0.495056,0.711731
1441193764084850,-0.448792,0.216736,-0.495056,0.711731
1441193764106046,-0.448792,0.216736,-0.495056,0.711731
1441193764128844,-0.448792,0.216736,-0.494995,0.711731
1441193764144854,-0.448792,0.216797,-0.494995,0.711731
1441193764166056,-0.448792,0.216797,-0.494995,0.711731
1441193764189803,-0.448792,0.216797,-0.494995,0.711731
1441193764204804,-0.448608,0.216858,-0.494995,0.711853
1441193764226807,-0.448608,0.216919,-0.494995,0.711853
1441193764248939,-0.448608,0.216919,-0.494995,0.711853
1441193764264887,-0.448669,0.216919,-0.494934,0.711792
1441193764286085,-0.448669,0.21698,-0.494934,0.711792
1441193764308983,-0.448608,0.21698,-0.495117,0.71167
1441193764324810,-0.448608,0.217041,-0.495117,0.71167
1441193764346046,-0.448608,0.217041,-0.495117,0.71167
1441193764368907,-0.448669,0.217041,-0.495117,0.71167
1441193764384810,-0.448425,0.217102,-0.495056,0.711792
1441193764406060,-0.448425,0.217102,-0.495056,0.711792
1441193764428809,-0.448486,0.217102,-0.495056,0.711792
1441193764444809,-0.448547,0.217468,-0.494995,0.711731
1441193764465968,-0.448486,0.217712,-0.494934,0.71167
1441193764488944,-0.448486,0.217773,-0.494934,0.71167
1441193764512810,-0.448486,0.217773,-0.494873,0.71167
1441193764525907,-0.448486,0.217834,-0.494873,0.71167
1441193764548869,-0.448364,0.217651,-0.494934,0.711792
1441193764564840,-0.448303,0.217529,-0.494995,0.711792
1441193764586054,-0.448303,0.21759,-0.494995,0.711792
1441193764608980,-0.448303,0.21759,-0.494995,0.711792
1441193764624817,-0.44812,0.21759,-0.494995,0.711914
1441193764647873,-0.447998,0.217651,-0.494995,0.711975
1441193764668832,-0.447876,0.217834,-0.494934,0.712097
1441193764684812,-0.447632,0.217957,-0.494873,0.712219
1441193764707822,-0.447388,0.218018,-0.494934,0.71228
1441193764728969,-0.447083,0.21814,-0.494934,0.712402
1441193764744818,-0.446777,0.21814,-0.494995,0.712585
1441193764767815,-0.446777,0.218201,-0.494995,0.712585
1441193764788998,-0.446777,0.218201,-0.494995,0.712585
1441193764804818,-0.446716,0.218079,-0.495117,0.712585
1441193764827818,-0.446716,0.218079,-0.495117,0.712524
1441193764848959,-0.446716,0.21814,-0.495117,0.712524
1441193764864820,-0.446716,0.21814,-0.495117,0.712524
1441193764887821,-0.446777,0.218201,-0.495056,0.712524
1441193764901821,-0.446777,0.21814,-0.495056,0.712524
1441193764924818,-0.446777,0.218201,-0.495056,0.712524
1441193764947823,-0.446777,0.218201,-0.495056,0.712524
1441193764961819,-0.446777,0.218201,-0.495056,0.712524
1441193764984818,-0.446777,0.218262,-0.495056,0.712524
1441193765007820,-0.446777,0.218262,-0.495056,0.712524
1441193765021820,-0.446594,0.218201,-0.494995,0.712708
1441193765043822,-0.446533,0.218018,-0.494812,0.712891
1441193765067880,-0.446411,0.217529,-0.494568,0.713257
1441193765082821,-0.446106,0.217163,-0.494385,0.713745
1441193765104822,-0.445801,0.216919,-0.494446,0.713928
1441193765127840,-0.44574,0.216858,-0.494385,0.71405
1441193765148827,-0.44574,0.216919,-0.494385,0.71405
1441193765164823,-0.445862,0.217163,-0.494324,0.713928
1441193765187829,-0.445862,0.217224,-0.494263,0.713928
1441193765208985,-0.445679,0.217346,-0.494385,0.713928
1441193765224829,-0.445618,0.217651,-0.494446,0.713867
1441193765247828,-0.445557,0.217834,-0.494507,0.713745
1441193765269036,-0.445496,0.218079,-0.494568,0.713745
1441193765284828,-0.445496,0.218079,-0.494507,0.713745
1441193765307826,-0.445496,0.21814,-0.494507,0.713745
1441193765328960,-0.445557,0.218079,-0.494202,0.713928
1441193765344830,-0.445618,0.218079,-0.494202,0.713867
1441193765367829,-0.445618,0.218079,-0.494202,0.713867
1441193765388831,-0.445618,0.218079,-0.494202,0.713867
1441193765404831,-0.445618,0.21814,-0.494202,0.713867
1441193765427832,-0.445618,0.21814,-0.494202,0.713867
1441193765448928,-0.44574,0.218384,-0.494263,0.713623
1441193765464840,-0.445679,0.218628,-0.494385,0.713562
1441193765486829,-0.445679,0.218811,-0.494446,0.71344
1441193765508988,-0.445618,0.218994,-0.494507,0.713379
1441193765524832,-0.445618,0.219055,-0.494507,0.713379
1441193765546836,-0.445618,0.219055,-0.494507,0.713379
1441193765569885,-0.445618,0.219055,-0.494507,0.713379
1441193765584831,-0.445618,0.219055,-0.494507,0.713379
1441193765606834,-0.445618,0.219116,-0.494507,0.713379
1441193765630854,-0.445618,0.219116,-0.494446,0.713379
1441193765644831,-0.445618,0.219116,-0.494446,0.713379
1441193765666833,-0.445618,0.219116,-0.494446,0.713379
1441193765689863,-0.445618,0.219177,-0.494446,0.713379
1441193765704838,-0.445679,0.219177,-0.494446,0.713379
1441193765726839,-0.445679,0.219177,-0.494446,0.713379
1441193765749835,-0.445679,0.219177,-0.494385,0.713379
1441193765763949,-0.445679,0.219238,-0.494385,0.713318
1441193765786835,-0.445679,0.219238,-0.494385,0.713318
1441193765809836,-0.445679,0.219238,-0.494385,0.713318
1441193765823937,-0.445679,0.219299,-0.494385,0.713318
1441193765846842,-0.44574,0.219299,-0.494385,0.713318
1441193765869839,-0.44574,0.219299,-0.494324,0.713318
1441193765884836,-0.44574,0.21936,-0.494324,0.713318
1441193765906837,-0.44574,0.219604,-0.494324,0.713257
1441193765929838,-0.445679,0.21991,-0.494385,0.713135
1441193765944862,-0.44574,0.220154,-0.494385,0.713074
1441193765966843,-0.44574,0.220154,-0.494385,0.713074
1441193765990863,-0.445679,0.220154,-0.494385,0.713074
1441193766004840,-0.445679,0.220215,-0.494385,0.713074
1441193766026840,-0.445557,0.220337,-0.494446,0.713074
1441193766049840,-0.445496,0.220581,-0.494507,0.712952
1441193766071082,-0.445496,0.220581,-0.494507,0.712952
1441193766086842,-0.445496,0.220642,-0.494507,0.712952
1441193766109845,-0.445496,0.220642,-0.494507,0.712952
1441193766131887,-0.445435,0.220947,-0.494385,0.712952
1441193766146846,-0.445313,0.221375,-0.494324,0.713013
1441193766169900,-0.445251,0.221863,-0.494324,0.712891
1441193766191095,-0.446106,0.2229,-0.494202,0.712097
1441193766206846,-0.449463,0.226257,-0.49408,0.709045
1441193766229845,-0.454956,0.231384,-0.493591,0.704163
1441193766251069,-0.4646,0.237976,-0.491821,0.696838
1441193766266860,-0.478088,0.24762,-0.488831,0.686401
1441193766289849,-0.490051,0.261047,-0.486389,0.674622
1441193766311133,-0.498474,0.275513,-0.484314,0.664124
1441193766326849,-0.504761,0.291016,-0.481018,0.65509
1441193766350848,-0.510193,0.307434,-0.477173,0.646179
1441193766371852,-0.510559,0.323608,-0.472839,0.641113
1441193766386852,-0.506409,0.339233,-0.470215,0.638306
1441193766409851,-0.501282,0.355896,-0.468933,0.634155
1441193766431121,-0.497559,0.375122,-0.466309,0.627869
1441193766446852,-0.493469,0.394775,-0.463684,0.621033
1441193766469851,-0.487549,0.412659,-0.462036,0.615234
1441193766482867,-0.479431,0.42688,-0.461975,0.612
1441193766506855,-0.47168,0.43866,-0.46283,0.608948
1441193766521000,-0.463806,0.448608,-0.466125,0.605286
1441193766542961,-0.454285,0.457092,-0.471985,0.601624
1441193766566117,-0.443726,0.465332,-0.478577,0.597961
1441193766580852,-0.436401,0.47345,-0.481262,0.594788
1441193766603156,-0.434998,0.480652,-0.479126,0.591736
1441193766626060,-0.436035,0.483093,-0.476196,0.59137
1441193766640993,-0.437866,0.481812,-0.473328,0.593323
1441193766662903,-0.439026,0.477173,-0.471741,0.597473
1441193766686143,-0.439331,0.470642,-0.470947,0.603027
1441193766700965,-0.440308,0.464172,-0.470215,0.60791
1441193766723145,-0.442688,0.459229,-0.468567,0.611206
1441193766746856,-0.446289,0.456177,-0.466064,0.612793
1441193766760883,-0.450623,0.454773,-0.462952,0.613037
1441193766783056,-0.455261,0.454224,-0.459656,0.612488
1441193766806101,-0.459961,0.454773,-0.455933,0.611328
1441193766820963,-0.463806,0.455933,-0.452209,0.610352
1441193766843013,-0.466492,0.457458,-0.449036,0.609497
1441193766866056,-0.468628,0.459595,-0.446106,0.608398
1441193766880877,-0.470093,0.461792,-0.443665,0.607361
1441193766903940,-0.470947,0.463867,-0.441956,0.606384
1441193766925940,-0.471558,0.465637,-0.440491,0.605652
1441193766949862,-0.471924,0.467102,-0.439331,0.605042
1441193766979008,-0.471802,0.46814,-0.438721,0.604797
1441193767002861,-0.470703,0.468567,-0.438782,0.605286
1441193767009051,-0.469727,0.468811,-0.439148,0.605591
1441193767032859,-0.469177,0.469116,-0.43988,0.605225
1441193767054860,-0.468628,0.469055,-0.441162,0.604797
1441193767085935,-0.468445,0.468872,-0.442566,0.604065
1441193767086863,-0.468811,0.468811,-0.443665,0.602966
1441193767107863,-0.468811,0.46875,-0.444885,0.602112
1441193767137865,-0.46814,0.468506,-0.446594,0.601563
1441193767159863,-0.467529,0.468445,-0.448059,0.600952
1441193767165867,-0.467651,0.468567,-0.449036,0.600098
1441193767189866,-0.468689,0.469055,-0.449036,0.598877
1441193767212895,-0.46991,0.469666,-0.448853,0.597595
1441193767242877,-0.470581,0.470154,-0.448792,0.596741
1441193767265863,-0.471008,0.470337,-0.448914,0.596191
1441193767266904,-0.47168,0.470581,-0.448608,0.595642
1441193767294903,-0.472412,0.470764,-0.448242,0.595215
1441193767317868,-0.472839,0.470703,-0.448181,0.594971
1441193767348031,-0.473145,0.470764,-0.448364,0.594543
1441193767348865,-0.473877,0.471191,-0.448364,0.593567
1441193767369865,-0.477356,0.473511,-0.44696,0.590027
1441193767399869,-0.47937,0.4729,-0.447754,0.588257
1441193767421885,-0.478821,0.469421,-0.44928,0.590393
1441193767429012,-0.478577,0.468079,-0.446533,0.593689
1441193767452887,-0.482544,0.469299,-0.440186,0.594299
1441193767483870,-0.488098,0.468384,-0.432129,0.596375
1441193767484869,-0.487244,0.462585,-0.424744,0.60675
1441193767511148,-0.480713,0.454407,-0.41864,0.622253
1441193767527949,-0.47345,0.446899,-0.42218,0.630798
1441193767550871,-0.47052,0.436523,-0.440369,0.627808
1441193767564871,-0.467041,0.431641,-0.460938,0.618958
1441193767587870,-0.459961,0.431396,-0.478271,0.611206
1441193767602893,-0.454224,0.433838,-0.493164,0.601868
1441193767623111,-0.453369,0.436829,-0.504639,0.590759
1441193767646002,-0.451477,0.435486,-0.514282,0.584778
1441193767660872,-0.449219,0.432678,-0.521912,0.581909
1441193767683124,-0.449402,0.433105,-0.524902,0.578735
1441193767706027,-0.451965,0.435852,-0.524841,0.574707
1441193767720931,-0.453918,0.438232,-0.525085,0.571167
1441193767759876,-0.454529,0.43988,-0.526733,0.567871
1441193767773928,-0.453857,0.441956,-0.529175,0.564453
1441193767797918,-0.452637,0.444885,-0.53125,0.561218
1441193767812877,-0.451355,0.447754,-0.533325,0.557983
1441193767834010,-0.4505,0.451538,-0.533203,0.555725
1441193767849878,-0.449036,0.455627,-0.532654,0.554077
1441193767871119,-0.447815,0.459534,-0.532043,0.552429
1441193767887876,-0.448853,0.460022,-0.533264,0.550049
1441193767901876,-0.446411,0.459045,-0.53717,0.549011
1441193767924879,-0.444214,0.463745,-0.534912,0.549072
1441193767946062,-0.444885,0.461304,-0.537842,0.547729
1441193767962908,-0.448181,0.460999,-0.537903,0.545227
1441193767984920,-0.447021,0.466187,-0.534363,0.545288
1441193767999880,-0.443665,0.47113,-0.530823,0.54718
1441193768022882,-0.440979,0.475586,-0.527222,0.54895
1441193768045881,-0.441284,0.479309,-0.523926,0.548706
1441193768066131,-0.444702,0.476746,-0.52533,0.546814
1441193768089114,-0.444885,0.472412,-0.528503,0.547363
1441193768104884,-0.443054,0.477844,-0.524048,0.548462
1441193768119944,-0.444763,0.471008,-0.529419,0.547729
1441193768142882,-0.442871,0.476929,-0.524353,0.549011
1441193768164885,-0.444824,0.470642,-0.529297,0.548096
1441193768186887,-0.445557,0.475647,-0.525146,0.54718
1441193768202882,-0.443359,0.476257,-0.524658,0.548889
1441193768224883,-0.444397,0.468872,-0.530762,0.548645
1441193768246170,-0.446899,0.467041,-0.532166,0.546753
1441193768262924,-0.447937,0.472046,-0.527893,0.545715
1441193768285886,-0.447083,0.478088,-0.522949,0.545959
1441193768306130,-0.445129,0.482605,-0.519226,0.547119
1441193768322887,-0.44281,0.48584,-0.516602,0.548645
1441193768344885,-0.440857,0.489624,-0.51355,0.549744
1441193768367924,-0.439392,0.494873,-0.509216,0.550171
1441193768382883,-0.438843,0.500488,-0.504578,0.549805
1441193768404888,-0.439636,0.502319,-0.50354,0.548462
1441193768426891,-0.441406,0.497314,-0.508728,0.546875
1441193768442887,-0.441223,0.491333,-0.514526,0.546997
1441193768464890,-0.439636,0.495422,-0.511353,0.547546
1441193768486138,-0.440613,0.497864,-0.509949,0.545837
1441193768502889,-0.440369,0.490601,-0.517151,0.545837
1441193768524889,-0.43866,0.49585,-0.512817,0.54657
1441193768546125,-0.440491,0.49231,-0.516296,0.545044
1441193768562915,-0.438721,0.493225,-0.515747,0.546143
1441193768584891,-0.440186,0.492432,-0.516724,0.544739
1441193768606165,-0.43811,0.490479,-0.518616,0.546448
1441193768622970,-0.439758,0.491943,-0.517151,0.545105
1441193768644893,-0.438965,0.488586,-0.519958,0.546082
1441193768674035,-0.440552,0.491882,-0.516724,0.544922
1441193768682895,-0.439453,0.486206,-0.52179,0.546082
1441193768704956,-0.439941,0.490845,-0.517456,0.545654
1441193768752892,-0.439941,0.489136,-0.518982,0.545776
1441193768758896,-0.440735,0.495422,-0.512939,0.545227
1441193768764890,-0.441589,0.487915,-0.519409,0.545166
1441193768779012,-0.440735,0.486389,-0.520569,0.546021
1441193768801894,-0.442017,0.485291,-0.520325,0.546204
1441193768823123,-0.4422,0.484436,-0.520996,0.546265
1441193768840898,-0.442566,0.483765,-0.521606,0.545959
1441193768861895,-0.443054,0.483215,-0.521912,0.545715
1441193768883145,-0.443237,0.482422,-0.5224,0.545776
1441193768898999,-0.443298,0.481812,-0.522888,0.545837
1441193768921900,-0.446472,0.480103,-0.523682,0.544006
1441193768943891,-0.446716,0.485046,-0.519348,0.543518
1441193768958957,-0.447449,0.4776,-0.526123,0.54303
1441193768981902,-0.446655,0.483826,-0.520691,0.543396
1441193769003140,-0.447266,0.476624,-0.527222,0.542969
1441193769019897,-0.447021,0.483276,-0.521606,0.542725
1441193769041902,-0.44696,0.47583,-0.528503,0.542664
1441193769063164,-0.446472,0.482178,-0.523193,0.542603
1441193769079899,-0.445984,0.475037,-0.529785,0.542908
1441193769101902,-0.445923,0.476563,-0.528442,0.542908
1441193769132922,-0.44519,0.478394,-0.526855,0.543518
1441193769139024,-0.445251,0.478088,-0.527466,0.543091
1441193769161902,-0.445068,0.477661,-0.527954,0.543152
1441193769182905,-0.445007,0.477356,-0.528442,0.542969
1441193769206094,-0.444824,0.477173,-0.528809,0.542908
1441193769228903,-0.444641,0.476746,-0.529297,0.542969
1441193769244903,-0.444702,0.476685,-0.529358,0.542969
1441193769266071,-0.444641,0.476624,-0.529419,0.542969
1441193769282937,-0.444702,0.476501,-0.52948,0.542969
1441193769304907,-0.444702,0.47644,-0.529602,0.542969
1441193769325935,-0.444763,0.476501,-0.530029,0.542419
1441193769342931,-0.444519,0.476196,-0.53064,0.542297
1441193769364904,-0.444275,0.475464,-0.531494,0.542297
1441193769386907,-0.444214,0.474792,-0.532349,0.542114
1441193769402974,-0.444275,0.474548,-0.532654,0.541931
1441193769424906,-0.442566,0.474182,-0.53363,0.542664
1441193769446105,-0.440125,0.474854,-0.534424,0.543335
1441193769462907,-0.437927,0.47699,-0.534912,0.542725
1441193769484913,-0.435181,0.478882,-0.536194,0.541992
1441193769506143,-0.43158,0.47998,-0.538147,0.541992
1441193769521912,-0.427673,0.480164,-0.5401,0.542969
1441193769544911,-0.425049,0.480469,-0.540527,0.544312
1441193769567907,-0.425415,0.481506,-0.53894,0.544739
1441193769581908,-0.429688,0.482849,-0.5354,0.54364
1441193769604914,-0.43512,0.482971,-0.531616,0.542969
1441193769627906,-0.437683,0.481445,-0.53009,0.543762
1441193769649050,-0.435242,0.479065,-0.531616,0.546265
1441193769664915,-0.430725,0.477783,-0.533264,0.549377
1441193769687913,-0.428528,0.47876,-0.532898,0.550598
1441193769701915,-0.429688,0.481323,-0.530579,0.549744
1441193769724943,-0.43219,0.483521,-0.527649,0.548645
1441193769747921,-0.433716,0.48468,-0.525696,0.548279
1441193769761916,-0.433655,0.484497,-0.525635,0.548584
1441193769784916,-0.432678,0.483337,-0.526917,0.549133
1441193769807960,-0.431885,0.482178,-0.528259,0.549438
1441193769821913,-0.431641,0.48114,-0.529175,0.549622
1441193769844914,-0.431946,0.480225,-0.529724,0.549744
1441193769867914,-0.432678,0.479675,-0.530029,0.549316
1441193769881919,-0.43335,0.479065,-0.530518,0.548889
1441193769904917,-0.433899,0.478821,-0.530884,0.548279
1441193769927919,-0.434998,0.479309,-0.53064,0.54718
1441193769941923,-0.43512,0.479004,-0.531006,0.547058
1441193769964932,-0.435364,0.478699,-0.530884,0.547241
1441193769987917,-0.436096,0.479065,-0.530334,0.546875
1441193770001920,-0.437195,0.479858,-0.529907,0.545715
1441193770024979,-0.439819,0.481628,-0.528381,0.543457
1441193770047921,-0.438721,0.480164,-0.529602,0.544556
1441193770069028,-0.437622,0.478577,-0.529907,0.546509
1441193770084921,-0.439392,0.479553,-0.5271,0.546997
1441193770107923,-0.438171,0.47998,-0.527466,0.54718
1441193770129034,-0.435913,0.478577,-0.529663,0.548096
1441193770144920,-0.4328,0.477356,-0.530884,0.550476
1441193770167930,-0.428589,0.476257,-0.532959,0.552612
1441193770189085,-0.425537,0.47583,-0.534119,0.554199
1441193770204963,-0.42334,0.475769,-0.534668,0.555481
1441193770227945,-0.423401,0.477234,-0.53302,0.555786
1441193770249065,-0.423523,0.4776,-0.531189,0.557129
1441193770265925,-0.423584,0.476746,-0.531006,0.557983
1441193770287926,-0.423645,0.476501,-0.53064,0.558472
1441193770309077,-0.423462,0.47644,-0.530701,0.558655
1441193770324963,-0.423462,0.477478,-0.530029,0.55835
1441193770347955,-0.424194,0.479187,-0.52887,0.557434
1441193770369036,-0.424255,0.480774,-0.528198,0.556641
1441193770384927,-0.423645,0.481323,-0.528564,0.556274
1441193770407927,-0.422974,0.481445,-0.528992,0.556213
1441193770429067,-0.422424,0.480896,-0.52948,0.556702
1441193770444962,-0.422119,0.480408,-0.53009,0.556824
1441193770467929,-0.422241,0.480286,-0.529968,0.556946
1441193770489045,-0.422485,0.479858,-0.529968,0.557129
1441193770504943,-0.422913,0.479553,-0.529907,0.557129
1441193770527932,-0.422729,0.479187,-0.529968,0.557556
1441193770549940,-0.421814,0.479004,-0.530273,0.558044
1441193770564928,-0.42157,0.479309,-0.529785,0.558472
1441193770587989,-0.422302,0.479919,-0.528625,0.558472
1441193770617949,-0.421936,0.480042,-0.528503,0.558716
1441193770624929,-0.420288,0.479614,-0.529297,0.559631
1441193770647933,-0.418213,0.479431,-0.52948,0.561157
1441193770669932,-0.417297,0.479248,-0.528809,0.562622
1441193770684986,-0.417419,0.479919,-0.527893,0.562866
1441193770707933,-0.415405,0.479858,-0.528015,0.56427
1441193770729931,-0.413086,0.479309,-0.528137,0.566284
1441193770744029,-0.411621,0.479736,-0.526855,0.568237
1441193770767935,-0.411133,0.481079,-0.524719,0.569397
1441193770789936,-0.410889,0.482727,-0.522339,0.570313
1441193770804935,-0.409424,0.483398,-0.520752,0.572266
1441193770827963,-0.40802,0.484009,-0.519653,0.573792
1441193770849937,-0.406677,0.485107,-0.518127,0.575195
1441193770864137,-0.406311,0.48645,-0.516235,0.575989
1441193770894110,-0.406067,0.487671,-0.514587,0.57666
1441193770909935,-0.405701,0.488403,-0.513123,0.577515
1441193770931166,-0.405518,0.488953,-0.512268,0.578003
1441193770947934,-0.404785,0.489624,-0.511902,0.578247
1441193770969938,-0.404724,0.490845,-0.511475,0.577637
1441193770984938,-0.404724,0.491821,-0.511292,0.576965
1441193771007939,-0.40509,0.491882,-0.511414,0.576538
1441193771029937,-0.405396,0.491638,-0.511963,0.57605
1441193771051148,-0.405823,0.491638,-0.512756,0.575012
1441193771067938,-0.406372,0.492493,-0.513489,0.573242
1441193771089941,-0.408203,0.494873,-0.513367,0.570007
1441193771111169,-0.411804,0.500549,-0.511353,0.56427
1441193771127942,-0.416321,0.507568,-0.508179,0.557495
1441193771150943,-0.421143,0.510132,-0.504395,0.554993
1441193771170943,-0.424011,0.504883,-0.503357,0.558472
1441193771187943,-0.425781,0.495117,-0.504456,0.56488
1441193771209946,-0.427368,0.484802,-0.507507,0.569885
1441193771231215,-0.430786,0.480225,-0.510437,0.568542
1441193771247944,-0.431763,0.481079,-0.511047,0.566528
1441193771269947,-0.433044,0.484192,-0.508667,0.565063
1441193771291945,-0.436951,0.486816,-0.504517,0.563477
1441193771307943,-0.441345,0.485962,-0.501526,0.563477
1441193771329946,-0.444275,0.483398,-0.499573,0.565063
1441193771351182,-0.446167,0.480896,-0.498779,0.566467
1441193771367944,-0.449097,0.478394,-0.499451,0.565674
1441193771389947,-0.45166,0.479858,-0.49939,0.562439
1441193771411175,-0.45343,0.482849,-0.498047,0.559692
1441193771426948,-0.456055,0.48407,-0.496887,0.557434
1441193771450952,-0.45813,0.483276,-0.496948,0.556458
1441193771472949,-0.458252,0.481506,-0.497742,0.557129
1441193771486953,-0.458679,0.479187,-0.498413,0.558167
1441193771509951,-0.459595,0.476196,-0.49884,0.559631
1441193771532949,-0.460815,0.473755,-0.498718,0.560791
1441193771546947,-0.460999,0.472229,-0.49939,0.561279
1441193771569948,-0.462219,0.474548,-0.498291,0.559326
1441193771592966,-0.465942,0.478394,-0.494507,0.556274
1441193771606948,-0.460999,0.472656,-0.499451,0.560913
1441193771629999,-0.456726,0.466736,-0.506165,0.563354
1441193771652949,-0.452942,0.466492,-0.510803,0.562317
1441193771666954,-0.448364,0.468323,-0.513184,0.562378
1441193771691015,-0.453064,0.47644,-0.505005,0.559204
1441193771712956,-0.459656,0.482056,-0.496094,0.556946
1441193771726950,-0.459717,0.478516,-0.499146,0.557251
1441193771749950,-0.453247,0.473206,-0.505066,0.561768
1441193771772948,-0.44696,0.470215,-0.508423,0.566284
1441193771794070,-0.443359,0.470093,-0.509521,0.568176
1441193771809952,-0.440735,0.472168,-0.508789,0.569153
1441193771832952,-0.439148,0.474365,-0.507446,0.569763
1441193771854116,-0.437378,0.476135,-0.506592,0.570374
1441193771869957,-0.435791,0.477112,-0.506409,0.570984
1441193771892957,-0.434204,0.477539,-0.506714,0.571533
1441193771906958,-0.433411,0.478271,-0.506714,0.571533
1441193771929958,-0.433655,0.47937,-0.505981,0.571106
1441193771952954,-0.433411,0.479492,-0.505737,0.57135
1441193771974955,-0.434326,0.479187,-0.505737,0.570923
1441193771989959,-0.434875,0.479492,-0.506287,0.569824
1441193772012988,-0.435059,0.480591,-0.506592,0.568481
1441193772034085,-0.435608,0.481628,-0.506897,0.566833
1441193772049956,-0.435913,0.482971,-0.507385,0.565002
1441193772073003,-0.436646,0.485535,-0.50708,0.562561
1441193772094151,-0.439697,0.491455,-0.504211,0.557556
1441193772116188,-0.444519,0.497192,-0.500366,0.552063
1441193772132962,-0.44873,0.498596,-0.498413,0.549194
1441193772154111,-0.451965,0.495544,-0.49823,0.549438
1441193772169963,-0.454041,0.48999,-0.498779,0.552246
1441193772192965,-0.455688,0.483337,-0.498535,0.556946
1441193772214095,-0.456848,0.475525,-0.498535,0.562744
1441193772229964,-0.458374,0.468384,-0.498474,0.567505
1441193772252988,-0.460571,0.46344,-0.497925,0.570251
1441193772258159,-0.463074,0.461487,-0.496338,0.571167
1441193772281018,-0.466187,0.46106,-0.494202,0.570862
1441193772295969,-0.469971,0.460693,-0.492615,0.569397
1441193772318198,-0.473022,0.460754,-0.491455,0.56781
1441193772341135,-0.474731,0.463013,-0.489258,0.566467
1441193772356121,-0.476196,0.464539,-0.486938,0.565979
1441193772378183,-0.47876,0.465332,-0.484924,0.56488
1441193772401059,-0.480774,0.465576,-0.483582,0.564148
1441193772416048,-0.480713,0.464722,-0.483459,0.565002
1441193772438221,-0.479553,0.46405,-0.484253,0.565857
1441193772460981,-0.478882,0.463623,-0.485107,0.56604
1441193772476044,-0.479004,0.463684,-0.484985,0.56604
1441193772497980,-0.479309,0.463867,-0.484375,0.566101
1441193772521091,-0.479065,0.463928,-0.484436,0.566162
1441193772536108,-0.47821,0.464111,-0.485413,0.565918
1441193772560969,-0.478088,0.465027,-0.486389,0.564453
1441193772581102,-0.47998,0.467773,-0.485168,0.561584
1441193772596078,-0.479309,0.467407,-0.485352,0.562256
1441193772618162,-0.478149,0.465942,-0.486877,0.563232
1441193772641064,-0.475647,0.464417,-0.49115,0.562927
1441193772656001,-0.4729,0.466675,-0.494385,0.560547
1441193772678209,-0.47406,0.473816,-0.49115,0.556396
1441193772701002,-0.474243,0.478271,-0.490112,0.553284
1441193772716054,-0.474976,0.480347,-0.489319,0.551575
1441193772738206,-0.473389,0.48053,-0.487061,0.554749
1441193772761012,-0.470032,0.478088,-0.488098,0.558777
1441193772776076,-0.465637,0.476929,-0.489929,0.56189
1441193772798144,-0.460327,0.475647,-0.491699,0.565796
1441193772821022,-0.459351,0.477539,-0.48999,0.566467
1441193772836036,-0.459473,0.480225,-0.488159,0.565674
1441193772857975,-0.458374,0.481201,-0.488403,0.565491
1441193772880974,-0.456848,0.481506,-0.488647,0.566223
1441193772896031,-0.456055,0.481445,-0.48822,0.567322
1441193772918261,-0.456421,0.480835,-0.48761,0.568054
1441193772940976,-0.45697,0.480896,-0.487366,0.567749
1441193772955987,-0.457886,0.482056,-0.486633,0.566711
1441193772978214,-0.458557,0.483276,-0.486084,0.565552
1441193773001169,-0.458923,0.485046,-0.485657,0.564148
1441193773016979,-0.459045,0.48761,-0.484375,0.562927
1441193773038279,-0.458618,0.488281,-0.485352,0.56189
1441193773060988,-0.460754,0.489441,-0.485718,0.558777
1441193773076981,-0.464844,0.490601,-0.484375,0.555481
1441193773098207,-0.468323,0.489685,-0.483154,0.554443
1441193773121010,-0.470398,0.486938,-0.482483,0.555725
1441193773136982,-0.47168,0.482544,-0.482117,0.558716
1441193773158190,-0.471924,0.476379,-0.483643,0.5625
1441193773180981,-0.472046,0.469727,-0.485596,0.566345
1441193773200005,-0.473694,0.465393,-0.486206,0.567993
1441193773218240,-0.476318,0.463501,-0.485535,0.567871
1441193773240981,-0.478455,0.462952,-0.484497,0.567444
1441193773256983,-0.479553,0.462402,-0.483887,0.567505
1441193773278180,-0.48053,0.46167,-0.483276,0.567749
1441193773302984,-0.483215,0.461243,-0.481873,0.567078
1441193773316986,-0.485962,0.460693,-0.480103,0.566589
1441193773338223,-0.487305,0.460083,-0.478516,0.567261
1441193773361086,-0.487976,0.460022,-0.47699,0.568115
1441193773377986,-0.488708,0.458984,-0.476257,0.56897
1441193773398233,-0.489563,0.457642,-0.475708,0.569702
1441193773420988,-0.490051,0.456482,-0.475281,0.570618
1441193773439022,-0.490356,0.455811,-0.474792,0.571289
1441193773458193,-0.490906,0.455017,-0.47406,0.572021
1441193773481084,-0.491821,0.454895,-0.473145,0.572144
1441193773501124,-0.492249,0.454956,-0.4729,0.571899
1441193773518203,-0.491699,0.455261,-0.47406,0.571167
1441193773540993,-0.493408,0.457886,-0.473145,0.568359
1441193773557989,-0.497498,0.461731,-0.470459,0.563904
1441193773578290,-0.493225,0.458618,-0.474304,0.566956
1441193773601134,-0.487671,0.455505,-0.479065,0.570251
1441193773617991,-0.487183,0.457642,-0.480225,0.567932
1441193773638225,-0.492676,0.462463,-0.476379,0.5625
1441193773660992,-0.496399,0.466309,-0.470215,0.561279
1441193773677991,-0.490601,0.462341,-0.473816,0.56665
1441193773698256,-0.487915,0.459656,-0.476074,0.569214
1441193773721015,-0.483704,0.458496,-0.477417,0.572632
1441193773738991,-0.480896,0.458191,-0.477234,0.575378
1441193773758256,-0.479065,0.459167,-0.476868,0.576416
1441193773781088,-0.476868,0.460449,-0.477173,0.576965
1441193773797995,-0.473938,0.461243,-0.4776,0.57843
1441193773818145,-0.472961,0.462036,-0.477173,0.578918
1441193773841314,-0.472656,0.462585,-0.476196,0.579529
1441193773863243,-0.472839,0.46167,-0.476013,0.580261
1441193773878240,-0.472961,0.460754,-0.476685,0.580383
1441193773895996,-0.472412,0.461548,-0.477966,0.579102
1441193773917993,-0.472656,0.462891,-0.478455,0.577393
1441193773938256,-0.473328,0.46344,-0.47876,0.576111
1441193773955993,-0.473694,0.462708,-0.479797,0.575623
1441193773979994,-0.473816,0.463074,-0.481323,0.573914
1441193774000028,-0.473145,0.464172,-0.482605,0.57251
1441193774015997,-0.472717,0.464478,-0.483521,0.571838
1441193774037995,-0.471741,0.464294,-0.484314,0.572144
1441193774060066,-0.471252,0.463806,-0.484924,0.572449
1441193774076111,-0.471741,0.464233,-0.485229,0.571472
1441193774099000,-0.473877,0.465698,-0.484558,0.56897
1441193774119999,-0.478943,0.469238,-0.482117,0.563904
1441193774141069,-0.48468,0.47406,-0.478821,0.557739
1441193774158001,-0.489441,0.478149,-0.475708,0.552795
1441193774180010,-0.493042,0.479553,-0.472717,0.550903
1441193774201078,-0.495056,0.477783,-0.470581,0.552429
1441193774220003,-0.495789,0.473938,-0.469299,0.556152
1441193774240054,-0.495178,0.469604,-0.469543,0.56012
1441193774261167,-0.495483,0.464539,-0.47113,0.562805
1441193774278004,-0.497498,0.462097,-0.470947,0.563171
1441193774300009,-0.499817,0.461426,-0.469238,0.563049
1441193774321053,-0.501648,0.460632,-0.467285,0.563782
1441193774339002,-0.503601,0.459595,-0.465515,0.56427
1441193774361106,-0.505249,0.458069,-0.464722,0.564758
1441193774381276,-0.50647,0.456055,-0.464844,0.565186
1441193774398006,-0.507751,0.455078,-0.464539,0.565063
1441193774420006,-0.509155,0.455139,-0.463562,0.564514
1441193774441230,-0.509705,0.454163,-0.463196,0.565125
1441193774458006,-0.510193,0.452454,-0.462891,0.566284
1441193774480008,-0.51123,0.450806,-0.463074,0.566589
1441193774501258,-0.514221,0.452026,-0.461609,0.564087
1441193774518024,-0.516418,0.453308,-0.460388,0.562012
1441193774541007,-0.512756,0.450195,-0.463013,0.565674
1441193774561245,-0.510193,0.449036,-0.464661,0.567566
1441193774578005,-0.511902,0.453369,-0.462341,0.564514
1441193774600010,-0.511169,0.455994,-0.462769,0.562683
1441193774621280,-0.50647,0.454102,-0.467102,0.56488
1441193774638008,-0.500427,0.451843,-0.470886,0.56897
1441193774660011,-0.497925,0.453003,-0.47229,0.569092
1441193774681247,-0.497864,0.456421,-0.471497,0.566956
1441193774698012,-0.495728,0.458618,-0.471313,0.567261
1441193774720009,-0.493774,0.459717,-0.471375,0.567993
1441193774741254,-0.49231,0.460693,-0.471741,0.568237
1441193774758027,-0.489868,0.461121,-0.473083,0.568848
1441193774781035,-0.487305,0.461243,-0.474426,0.569763
1441193774795012,-0.485229,0.46167,-0.475159,0.570618
1441193774818046,-0.484253,0.462402,-0.474976,0.571045
1441193774841014,-0.483704,0.463013,-0.47467,0.571228
1441193774861286,-0.483093,0.463562,-0.475891,0.570313
1441193774878010,-0.483215,0.464966,-0.476074,0.568909
1441193774900011,-0.483215,0.465515,-0.476135,0.56842
1441193774921260,-0.483826,0.466064,-0.476196,0.567383
1441193774938016,-0.483765,0.466797,-0.476318,0.566711
1441193774960016,-0.483459,0.467773,-0.476501,0.56604
1441193774981262,-0.483643,0.469116,-0.475891,0.565247
1441193774998017,-0.484009,0.470154,-0.475525,0.564392
1441193775020015,-0.484375,0.470886,-0.475525,0.563477
1441193775041271,-0.485413,0.471619,-0.475098,0.562317
1441193775058027,-0.487976,0.473999,-0.473022,0.559875
1441193775080020,-0.49115,0.47699,-0.470215,0.556885
1441193775101268,-0.494202,0.477661,-0.466675,0.55658
1441193775118040,-0.495728,0.474976,-0.465027,0.558899
1441193775140021,-0.496399,0.470886,-0.464539,0.562134
1441193775161231,-0.495972,0.465698,-0.466675,0.565125
1441193775178084,-0.495544,0.459839,-0.470703,0.566895
1441193775200018,-0.495422,0.457947,-0.472412,0.567139
1441193775221270,-0.495178,0.457825,-0.472839,0.567139
1441193775237019,-0.495056,0.458191,-0.472229,0.567444
1441193775261110,-0.495728,0.459412,-0.469971,0.567688
1441193775281268,-0.497009,0.459595,-0.468079,0.567993
1441193775304201,-0.498291,0.458984,-0.467041,0.568237
1441193775320025,-0.498108,0.458313,-0.467102,0.568909
1441193775342144,-0.496399,0.457458,-0.468506,0.569946
1441193775357021,-0.494995,0.457092,-0.469543,0.570557
1441193775380023,-0.496643,0.458618,-0.468506,0.568787
1441193775403025,-0.498291,0.459473,-0.467468,0.567505
1441193775418065,-0.497253,0.458374,-0.468018,0.568848
1441193775440026,-0.49823,0.459167,-0.466309,0.568787
1441193775463020,-0.500305,0.461304,-0.464539,0.56665
1441193775477028,-0.500061,0.461487,-0.465088,0.566223
1441193775501032,-0.499451,0.46106,-0.46521,0.567078
1441193775523021,-0.498535,0.460815,-0.465576,0.567749
1441193775537024,-0.498352,0.46167,-0.466064,0.566833
1441193775560025,-0.496948,0.461975,-0.466858,0.567139
1441193775583025,-0.4953,0.462158,-0.466064,0.569031
1441193775597028,-0.493469,0.46167,-0.465942,0.571167
1441193775620030,-0.493103,0.462463,-0.465454,0.571289
1441193775643031,-0.492249,0.463318,-0.464539,0.572021
1441193775664152,-0.490479,0.462952,-0.464661,0.573792
1441193775680031,-0.489746,0.463318,-0.463989,0.574585
1441193775703026,-0.489197,0.464294,-0.46283,0.575195
1441193775717028,-0.489319,0.464661,-0.461548,0.575867
1441193775740032,-0.490295,0.464294,-0.459045,0.577332
1441193775763055,-0.489441,0.461731,-0.457764,0.581116
1441193775784229,-0.486328,0.456177,-0.459045,0.587036
1441193775800034,-0.481445,0.448975,-0.462036,0.594238
1441193775823030,-0.477783,0.441895,-0.465088,0.600159
1441193775844101,-0.474182,0.432922,-0.468079,0.607178
1441193775860031,-0.47052,0.421814,-0.470154,0.616089
1441193775889163,-0.466309,0.4104,-0.471985,0.62561
1441193775904188,-0.461548,0.400513,-0.473877,0.634033
1441193775920038,-0.456055,0.393127,-0.475464,0.641357
1441193775943098,-0.450684,0.387878,-0.476501,0.647583
1441193775964038,-0.445679,0.383057,-0.476563,0.65387
1441193775980034,-0.441956,0.377808,-0.475769,0.659973
1441193776002178,-0.440063,0.372559,-0.474365,0.665222
1441193776024190,-0.43866,0.367126,-0.473694,0.669617
1441193776040035,-0.437317,0.361572,-0.473694,0.673523
1441193776063034,-0.436096,0.355957,-0.474243,0.676941
1441193776084206,-0.435608,0.350708,-0.474426,0.67981
1441193776100040,-0.436707,0.34552,-0.473938,0.682068
1441193776123035,-0.43811,0.340515,-0.473511,0.684021
1441193776144184,-0.438293,0.336182,-0.473572,0.685974
1441193776160038,-0.438171,0.333374,-0.473816,0.687317
1441193776184041,-0.438599,0.332275,-0.47345,0.687805
1441193776204091,-0.439514,0.331604,-0.472473,0.688171
1441193776219039,-0.440369,0.330444,-0.47168,0.688782
1441193776242083,-0.440613,0.328491,-0.47168,0.689575
1441193776265037,-0.440063,0.325989,-0.47229,0.690613
1441193776280037,-0.439148,0.323364,-0.473083,0.691956
1441193776303066,-0.439209,0.32074,-0.473694,0.692688
1441193776325040,-0.440308,0.318054,-0.474182,0.692932
1441193776340039,-0.441162,0.315552,-0.474792,0.693054
1441193776364045,-0.441406,0.313477,-0.475647,0.693298
1441193776385047,-0.441406,0.31189,-0.47644,0.693481
1441193776399040,-0.441895,0.310791,-0.477051,0.693237
1441193776422043,-0.442932,0.310059,-0.477844,0.692383
1441193776445042,-0.44397,0.30957,-0.478638,0.691345
1441193776459044,-0.44397,0.308655,-0.479675,0.69104
1441193776482195,-0.443176,0.307678,-0.480896,0.691162
1441193776505043,-0.44281,0.306396,-0.482117,0.691101
1441193776519042,-0.443054,0.305359,-0.483032,0.690735
1441193776543045,-0.442993,0.30426,-0.483887,0.690674
1441193776565047,-0.442383,0.302979,-0.484802,0.690979
1441193776579079,-0.442017,0.301697,-0.485596,0.691223
1441193776603084,-0.442139,0.300049,-0.486145,0.691467
1441193776625048,-0.442871,0.298462,-0.486511,0.691467
1441193776639046,-0.444824,0.297119,-0.486633,0.690674
1441193776663050,-0.448303,0.296143,-0.486877,0.68866
1441193776686054,-0.452698,0.29541,-0.487793,0.685486
1441193776707078,-0.456909,0.294556,-0.489014,0.68219
1441193776723093,-0.459106,0.29364,-0.490173,0.680237
1441193776745051,-0.458374,0.29248,-0.491638,0.680176
1441193776766266,-0.456543,0.29187,-0.493225,0.680542
1441193776783060,-0.455872,0.292236,-0.494019,0.680237
1441193776805053,-0.456177,0.292969,-0.494507,0.679321
1441193776826257,-0.456238,0.293579,-0.495056,0.67865
1441193776843080,-0.455322,0.293274,-0.496094,0.67865
1441193776865055,-0.45343,0.292114,-0.497192,0.679565
1441193776886289,-0.451721,0.291077,-0.497986,0.680603
1441193776903097,-0.450317,0.2901,-0.498291,0.681702
1441193776926060,-0.449402,0.289307,-0.498657,0.682434
1441193776946077,-0.448486,0.288757,-0.498901,0.683044
1441193776963051,-0.446411,0.288574,-0.499023,0.684387
1441193776985056,-0.444092,0.289368,-0.498779,0.685791
1441193777008051,-0.44281,0.291016,-0.498291,0.686218
1441193777022052,-0.44281,0.29248,-0.498108,0.68573
1441193777045058,-0.44281,0.293396,-0.498779,0.684875
1441193777066289,-0.441711,0.293762,-0.499756,0.684692
1441193777083065,-0.441284,0.294128,-0.499878,0.684753
1441193777105056,-0.442505,0.294678,-0.499023,0.684326
1441193777126284,-0.444031,0.294617,-0.497864,0.684265
1441193777143058,-0.445374,0.293152,-0.497375,0.684326
1441193777165095,-0.44574,0.290833,-0.497986,0.684631
1441193777188098,-0.444336,0.288513,-0.499084,0.68573
1441193777203058,-0.44281,0.286865,-0.499939,0.686829
1441193777225061,-0.443115,0.286438,-0.499817,0.68689
1441193777248058,-0.443909,0.286255,-0.499451,0.686707
1441193777263061,-0.444397,0.285828,-0.499207,0.686707
1441193777285062,-0.445007,0.285278,-0.498901,0.686829
1441193777308099,-0.44574,0.284729,-0.498474,0.686829
1441193777323115,-0.446533,0.284485,-0.498108,0.686707
1441193777345061,-0.446899,0.284302,-0.497864,0.686707
1441193777368092,-0.44696,0.284302,-0.497864,0.686646
1441193777382060,-0.447449,0.284241,-0.498169,0.686157
1441193777405063,-0.448242,0.284607,-0.498474,0.685242
1441193777428076,-0.449768,0.285645,-0.498718,0.683655
1441193777442061,-0.452087,0.287415,-0.498657,0.681458
1441193777465068,-0.455383,0.290344,-0.498901,0.677795
1441193777488061,-0.460388,0.294434,-0.498962,0.672607
1441193777509138,-0.465332,0.299622,-0.499084,0.666748
1441193777526065,-0.471008,0.305481,-0.498535,0.660461
1441193777548061,-0.47821,0.312378,-0.49707,0.653198
1441193777569256,-0.487305,0.320435,-0.493591,0.645203
1441193777585064,-0.49823,0.33136,-0.485962,0.637024
1441193777607190,-0.509155,0.345093,-0.475098,0.629272
1441193777629185,-0.518555,0.360779,-0.463379,0.62146
1441193777645067,-0.525208,0.378357,-0.45282,0.613098
1441193777668064,-0.528748,0.394714,-0.446594,0.604248
1441193777689232,-0.529968,0.410095,-0.442261,0.59613
1441193777706067,-0.530457,0.42334,-0.438721,0.588989
1441193777727194,-0.532898,0.434753,-0.435303,0.580933
1441193777749221,-0.535278,0.442871,-0.434265,0.573364
1441193777765071,-0.530945,0.445251,-0.438477,0.572327
1441193777788100,-0.518799,0.444153,-0.447693,0.577209
1441193777809226,-0.517212,0.448975,-0.444702,0.577209
1441193777825069,-0.512756,0.451294,-0.445923,0.57843
1441193777848069,-0.508118,0.451172,-0.449646,0.579712
1441193777869224,-0.501892,0.452698,-0.451538,0.582458
1441193777885066,-0.4953,0.453918,-0.454468,0.5849
1441193777907209,-0.487671,0.455078,-0.45697,0.588379
1441193777929163,-0.480591,0.457153,-0.457703,0.592102
1441193777945066,-0.475769,0.460388,-0.456726,0.594238
1441193777968102,-0.471069,0.463745,-0.455872,0.596008
1441193777989184,-0.466736,0.467224,-0.455322,0.597168
1441193778005071,-0.462341,0.470154,-0.455261,0.598267
1441193778028065,-0.459717,0.472656,-0.454956,0.598572
1441193778049182,-0.458618,0.474731,-0.454407,0.598145
1441193778056069,-0.458252,0.476074,-0.454102,0.597595
1441193778073070,-0.458557,0.477051,-0.453918,0.59668
1441193778093355,-0.459229,0.478149,-0.453857,0.595398
1441193778116069,-0.459961,0.479553,-0.453857,0.593689
1441193778131121,-0.461304,0.4823,-0.453308,0.59082
1441193778153299,-0.463989,0.487793,-0.450745,0.586121
1441193778176071,-0.467468,0.49231,-0.447021,0.582458
1441193778191102,-0.470642,0.491882,-0.444824,0.581909
1441193778213345,-0.473145,0.487854,-0.444153,0.583801
1441193778236071,-0.476013,0.481873,-0.442688,0.587524
1441193778251079,-0.478394,0.474731,-0.442139,0.591858
1441193778273225,-0.479004,0.467468,-0.443604,0.596008
1441193778296110,-0.480164,0.462219,-0.44574,0.597534
1441193778311091,-0.483521,0.459412,-0.446838,0.596191
1441193778333350,-0.487366,0.458496,-0.446777,0.593811
1441193778356072,-0.488892,0.458069,-0.446655,0.593018
1441193778373073,-0.488892,0.457886,-0.446716,0.593079
1441193778393344,-0.48938,0.458862,-0.44635,0.592224
1441193778416074,-0.489929,0.4599,-0.446655,0.590698
1441193778431073,-0.489868,0.460327,-0.447876,0.589478
1441193778453350,-0.489929,0.460815,-0.448914,0.588318
1441193778476074,-0.490845,0.460938,-0.449402,0.587097
1441193778491096,-0.493164,0.461243,-0.448486,0.585571
1441193778513285,-0.492126,0.459167,-0.450195,0.586792
1441193778536155,-0.491028,0.458801,-0.451843,0.586731
1441193778551072,-0.491394,0.461121,-0.451355,0.5849
1441193778573074,-0.492493,0.463562,-0.450012,0.58313
1441193778596106,-0.492737,0.46283,-0.449829,0.583679
1441193778610303,-0.489929,0.459595,-0.452576,0.586487
1441193778633306,-0.488831,0.459656,-0.453857,0.586365
1441193778656074,-0.486145,0.46051,-0.454407,0.587463
1441193778671134,-0.484497,0.461182,-0.453125,0.589294
1441193778693302,-0.483215,0.462158,-0.451416,0.590881
1441193778716101,-0.482849,0.463562,-0.450073,0.591064
1441193778732088,-0.48114,0.464111,-0.4505,0.591736
1441193778753286,-0.478882,0.464905,-0.45105,0.592468
1441193778776140,-0.478149,0.466492,-0.450562,0.592224
1441193778792074,-0.47821,0.467468,-0.449707,0.592041
1441193778813331,-0.479004,0.46759,-0.449158,0.591736
1441193778836079,-0.480591,0.467651,-0.448486,0.590942
1441193778852076,-0.482544,0.468323,-0.447388,0.5896
1441193778873195,-0.485046,0.469421,-0.446106,0.587646
1441193778896149,-0.487488,0.469788,-0.444641,0.586487
1441193778912072,-0.489319,0.468018,-0.444092,0.586792
1441193778941074,-0.49176,0.463745,-0.443298,0.588745
1441193778956072,-0.494202,0.458618,-0.442261,0.591431
1441193778972073,-0.496033,0.454529,-0.441467,0.593689
1441193778993271,-0.497131,0.451721,-0.441467,0.59491
1441193779016075,-0.497498,0.450378,-0.442261,0.595032
1441193779032076,-0.49762,0.450439,-0.443359,0.594055
1441193779053277,-0.497559,0.451721,-0.444397,0.592346
1441193779076077,-0.497559,0.453796,-0.445007,0.590332
1441193779093075,-0.497925,0.455933,-0.445007,0.588318
1441193779113303,-0.497925,0.457642,-0.445007,0.587036
1441193779136078,-0.497375,0.458191,-0.445862,0.586365
1441193779154130,-0.497253,0.45874,-0.446289,0.585754
1441193779173186,-0.497314,0.459167,-0.446533,0.585144
1441193779196078,-0.49646,0.45929,-0.447388,0.585205
1441193779214077,-0.495361,0.459778,-0.448486,0.584839
1441193779233307,-0.494324,0.460632,-0.44989,0.583984
1441193779256084,-0.49707,0.462891,-0.448914,0.580688
1441193779273077,-0.497314,0.463318,-0.448975,0.580017
1441193779293079,-0.495667,0.463135,-0.449341,0.581238
1441193779316079,-0.492676,0.461975,-0.452271,0.58252
1441193779333077,-0.492249,0.46405,-0.452393,0.581055
1441193779353319,-0.494263,0.467468,-0.449097,0.579224
1441193779376099,-0.493469,0.465942,-0.449768,0.580566
1441193779393075,-0.491943,0.463257,-0.451477,0.582703
1441193779413338,-0.492676,0.462585,-0.450806,0.58313
1441193779436094,-0.492859,0.463013,-0.449829,0.583374
1441193779454077,-0.491882,0.462402,-0.449951,0.584595
1441193779473218,-0.489746,0.460876,-0.450989,0.586853
1441193779496090,-0.489197,0.460693,-0.450317,0.587891
1441193779514079,-0.489624,0.461304,-0.449158,0.587891
1441193779533210,-0.488403,0.461426,-0.449768,0.588379
1441193779556132,-0.485901,0.461853,-0.450989,0.589233
1441193779573076,-0.483887,0.463196,-0.451538,0.589417
1441193779594100,-0.482605,0.46521,-0.451416,0.588989
1441193779616080,-0.481384,0.467468,-0.45166,0.588013
1441193779633079,-0.480164,0.470276,-0.452209,0.586304
1441193779656088,-0.479675,0.472778,-0.452454,0.584534
1441193779676081,-0.479553,0.473267,-0.452637,0.584106
1441193779694077,-0.479858,0.472046,-0.452576,0.5849
1441193779715080,-0.480713,0.469604,-0.452332,0.586304
1441193779736129,-0.482361,0.466064,-0.452026,0.588013
1441193779753080,-0.483765,0.461914,-0.452026,0.590149
1441193779774144,-0.48407,0.457214,-0.45282,0.592957
1441193779796149,-0.484619,0.453918,-0.45343,0.594543
1441193779813082,-0.486023,0.451477,-0.453369,0.595276
1441193779835080,-0.487732,0.449646,-0.453552,0.595154
1441193779856083,-0.488831,0.448181,-0.453796,0.595215
1441193779873093,-0.489441,0.447266,-0.453613,0.595459
1441193779895081,-0.490479,0.447083,-0.452942,0.595337
1441193779916082,-0.491333,0.447632,-0.451904,0.594971
1441193779933083,-0.491577,0.448364,-0.451294,0.594666
1441193779955082,-0.491272,0.448669,-0.451294,0.594666
1441193779975311,-0.491272,0.449219,-0.451111,0.594421
1441193779993081,-0.493286,0.451294,-0.450012,0.59198
1441193780014093,-0.494873,0.451843,-0.450195,0.590149
1441193780036106,-0.493469,0.450806,-0.451538,0.591064
1441193780053082,-0.491394,0.450867,-0.452576,0.59198
1441193780076084,-0.492737,0.454529,-0.450806,0.589417
1441193780096126,-0.493042,0.45752,-0.449463,0.587891
1441193780113082,-0.489929,0.456909,-0.450745,0.589905
1441193780136205,-0.48645,0.4552,-0.452881,0.592529
1441193780156084,-0.484863,0.456299,-0.453735,0.592285
1441193780172081,-0.484619,0.458801,-0.453308,0.590881
1441193780196236,-0.48291,0.459961,-0.453064,0.591553
1441193780216248,-0.48053,0.459167,-0.453674,0.593628
1441193780233080,-0.47998,0.458374,-0.453735,0.594666
1441193780256101,-0.479614,0.458313,-0.453857,0.594971
1441193780276311,-0.479004,0.458862,-0.454224,0.594666
1441193780293083,-0.479065,0.460571,-0.453613,0.59375
1441193780315088,-0.479492,0.461792,-0.452393,0.593445
1441193780330082,-0.480896,0.46228,-0.450928,0.593018
1441193780352187,-0.483398,0.463074,-0.448425,0.592346
1441193780375086,-0.485779,0.463074,-0.445435,0.59259
1441193780396086,-0.487549,0.461914,-0.443359,0.593567
1441193780413086,-0.488953,0.459106,-0.44281,0.595032
1441193780435089,-0.490356,0.455688,-0.443237,0.596191
1441193780456372,-0.491638,0.452393,-0.444519,0.59668
1441193780473086,-0.492737,0.449951,-0.44635,0.596252
1441193780495089,-0.493591,0.448486,-0.448364,0.595093
1441193780516315,-0.493896,0.447876,-0.450317,0.593872
1441193780532248,-0.493408,0.447632,-0.452209,0.593018
1441193780555083,-0.49292,0.447876,-0.453552,0.592285
1441193780576333,-0.493225,0.448608,-0.453796,0.591187
1441193780593087,-0.493713,0.449463,-0.453552,0.590332
1441193780615088,-0.493835,0.449585,-0.453552,0.590149
1441193780637094,-0.493591,0.449524,-0.453613,0.590332
1441193780653088,-0.493164,0.44928,-0.453735,0.59082
1441193780675088,-0.492981,0.448975,-0.453491,0.59137
1441193780696313,-0.493103,0.448547,-0.452881,0.592041
1441193780713086,-0.493164,0.447876,-0.452515,0.592834
1441193780735089,-0.492615,0.447021,-0.452576,0.593872
1441193780756334,-0.491699,0.446411,-0.452698,0.594971
1441193780773121,-0.49176,0.44696,-0.452209,0.59491
1441193780795088,-0.491821,0.447144,-0.452576,0.594421
1441193780816358,-0.492859,0.448303,-0.452332,0.592834
1441193780833087,-0.493652,0.44989,-0.452515,0.590881
1441193780855090,-0.493408,0.451355,-0.452942,0.589661
1441193780876322,-0.494385,0.453186,-0.452271,0.587891
1441193780893089,-0.494751,0.455383,-0.451233,0.58667
1441193780915090,-0.49292,0.457703,-0.449951,0.587463
1441193780936333,-0.490356,0.459106,-0.448486,0.5896
1441193780952090,-0.486206,0.458252,-0.450317,0.592285
1441193780975091,-0.485291,0.457275,-0.450134,0.593933
1441193780998090,-0.482971,0.457092,-0.450378,0.595764
1441193781012089,-0.481445,0.457214,-0.450684,0.59668
1441193781035091,-0.47937,0.457764,-0.4505,0.598083
1441193781058089,-0.478394,0.458801,-0.449158,0.59906
1441193781073089,-0.478516,0.459961,-0.447083,0.599609
1441193781096092,-0.477844,0.459839,-0.44696,0.600403
1441193781117254,-0.478088,0.460205,-0.447693,0.599365
1441193781133085,-0.47699,0.46051,-0.449463,0.598694
1441193781155088,-0.476624,0.460876,-0.451538,0.597107
1441193781178108,-0.478699,0.462402,-0.452148,0.593811
1441193781199198,-0.481812,0.463806,-0.451965,0.590332
1441193781215092,-0.484253,0.464355,-0.451599,0.588135
1441193781245089,-0.485291,0.463806,-0.451721,0.587646
1441193781259167,-0.485291,0.461487,-0.452087,0.589172
1441193781275089,-0.485535,0.457886,-0.452148,0.591675
1441193781305089,-0.486328,0.453918,-0.452026,0.594238
1441193781319224,-0.487366,0.449829,-0.452148,0.596436
1441193781335088,-0.488342,0.446045,-0.452576,0.598145
1441193781358087,-0.488892,0.442688,-0.453674,0.599304
1441193781379154,-0.489197,0.439941,-0.455261,0.599854
1441193781395093,-0.489258,0.438171,-0.456421,0.60022
1441193781418093,-0.489441,0.437256,-0.457031,0.600342
1441193781439181,-0.489929,0.436768,-0.457092,0.60022
1441193781455094,-0.490601,0.436707,-0.456665,0.600098
1441193781477179,-0.491821,0.437622,-0.455444,0.599243
1441193781499277,-0.493896,0.439209,-0.454163,0.597412
1441193781515095,-0.493713,0.438721,-0.454834,0.597473
1441193781538092,-0.493347,0.438538,-0.454346,0.598206
1441193781559103,-0.493958,0.439697,-0.452759,0.598022
1441193781575091,-0.494019,0.440857,-0.452026,0.597717
1441193781598089,-0.492126,0.44104,-0.453003,0.598389
1441193781619173,-0.490173,0.441467,-0.454468,0.598572
1441193781635095,-0.490417,0.44043,-0.4552,0.598633
1441193781657163,-0.491455,0.438416,-0.454773,0.599548
1441193781679117,-0.492432,0.436279,-0.454041,0.600891
1441193781695098,-0.492859,0.434692,-0.453796,0.601807
1441193781718095,-0.49292,0.43457,-0.453918,0.601807
1441193781739192,-0.493652,0.435791,-0.453735,0.600403
1441193781755091,-0.496643,0.440247,-0.450806,0.596924
1441193781778093,-0.499512,0.443298,-0.448425,0.594055
1441193781799134,-0.495056,0.440369,-0.452087,0.597229
1441193781815096,-0.492676,0.442688,-0.452942,0.596802
1441193781838094,-0.492371,0.449158,-0.449463,0.594788
1441193781859254,-0.492004,0.452332,-0.448303,0.593567
1441193781875094,-0.490662,0.449646,-0.450928,0.594727
1441193781898092,-0.490356,0.449341,-0.450623,0.595459
1441193781919182,-0.491333,0.450745,-0.449158,0.594727
1441193781935095,-0.490417,0.450684,-0.449524,0.595215
1441193781958092,-0.488464,0.450623,-0.450195,0.596375
1441193781980097,-0.488708,0.452576,-0.448914,0.595642
1441193781995098,-0.49054,0.454773,-0.446838,0.593994
1441193782018097,-0.49115,0.456665,-0.445618,0.593018
1441193782040098,-0.490356,0.458069,-0.445679,0.592468
1441193782054140,-0.489136,0.459595,-0.446167,0.592041
1441193782078091,-0.487549,0.461121,-0.446533,0.591858
1441193782100097,-0.486694,0.462463,-0.446655,0.59137
1441193782115096,-0.487183,0.463989,-0.446655,0.589844
1441193782138096,-0.487671,0.464844,-0.44635,0.588989
1441193782160093,-0.487793,0.464111,-0.446167,0.589539
1441193782174094,-0.487549,0.461426,-0.446594,0.591553
1441193782197237,-0.487793,0.457092,-0.44751,0.593994
1441193782220099,-0.489197,0.451721,-0.448364,0.596313
1441193782241366,-0.49115,0.446228,-0.44928,0.598145
1441193782258099,-0.492676,0.441833,-0.4505,0.599243
1441193782280094,-0.493286,0.439148,-0.452209,0.599426
1441193782301386,-0.493835,0.437622,-0.453613,0.59906
1441193782318094,-0.494629,0.437195,-0.454346,0.598083
1441193782340097,-0.495728,0.437439,-0.454285,0.597107
1441193782354221,-0.496582,0.438049,-0.453857,0.596252
1441193782377175,-0.497253,0.438477,-0.453369,0.595764
1441193782400100,-0.49762,0.43866,-0.45282,0.595764
1441193782415098,-0.497375,0.438721,-0.452759,0.595947
1441193782438102,-0.496643,0.43866,-0.453003,0.596436
1441193782460144,-0.497192,0.440186,-0.452393,0.595337
1441193782481349,-0.499329,0.442078,-0.451233,0.592957
1441193782501090,-0.498352,0.441467,-0.452026,0.593628
1441193782520100,-0.497864,0.442627,-0.450989,0.593994
1441193782541278,-0.497925,0.445007,-0.449097,0.593567
1441193782558099,-0.49823,0.448425,-0.44751,0.59198
1441193782580101,-0.49585,0.449036,-0.449097,0.592285
1441193782601345,-0.491577,0.447021,-0.452454,0.594788
1441193782618136,-0.489197,0.444824,-0.453796,0.597412
1441193782640101,-0.489624,0.445313,-0.452026,0.598022
1441193782661332,-0.489502,0.446289,-0.450317,0.598633
1441193782678102,-0.487793,0.446411,-0.450195,0.600098
1441193782700102,-0.486938,0.447144,-0.449402,0.60083
1441193782721356,-0.486938,0.448059,-0.447937,0.601257
1441193782738096,-0.486755,0.447754,-0.44812,0.601501
1441193782760098,-0.487244,0.446899,-0.448975,0.601074
1441193782781364,-0.488159,0.445679,-0.449951,0.600525
1441193782797274,-0.489441,0.444519,-0.450623,0.599792
1441193782820098,-0.490662,0.443665,-0.451355,0.598877
1441193782841323,-0.490601,0.443176,-0.452698,0.598328
1441193782858101,-0.489807,0.442627,-0.454163,0.598206
1441193782880099,-0.488831,0.441467,-0.455688,0.598694
1441193782903103,-0.488403,0.439209,-0.456421,0.60022
1441193782917128,-0.489014,0.436279,-0.456421,0.601868
1441193782940157,-0.489685,0.431946,-0.457031,0.604004
1441193782963099,-0.489258,0.426392,-0.458191,0.6073
1441193782977103,-0.488831,0.421814,-0.458862,0.610413
1441193783000105,-0.487976,0.418274,-0.459778,0.612793
1441193783022180,-0.486084,0.415344,-0.461426,0.615112
1441193783037100,-0.483276,0.413086,-0.463562,0.617188
1441193783060105,-0.48053,0.411438,-0.465454,0.619019
1441193783083099,-0.47876,0.410645,-0.466309,0.6203
1441193783097105,-0.477905,0.410156,-0.466125,0.621399
1441193783120100,-0.477539,0.40979,-0.46521,0.622559
1441193783143100,-0.477661,0.410095,-0.463989,0.623169
1441193783157104,-0.477722,0.410828,-0.462952,0.623474
1441193783180105,-0.478394,0.41156,-0.461731,0.623352
1441193783203101,-0.481934,0.413757,-0.458008,0.621887
1441193783224268,-0.485718,0.417236,-0.45343,0.619995
1441193783240106,-0.486267,0.419556,-0.450989,0.619751
1441193783263100,-0.487305,0.423096,-0.447815,0.618896
1441193783284224,-0.487793,0.427979,-0.443909,0.61792
1441193783300102,-0.486206,0.43335,-0.44043,0.61792
1441193783323104,-0.483765,0.438049,-0.437866,0.618347
1441193783344137,-0.485229,0.442688,-0.434143,0.616516
1441193783360106,-0.485474,0.445313,-0.433899,0.614624
1441193783383104,-0.483215,0.443848,-0.436035,0.615906
1441193783404102,-0.479492,0.442078,-0.437683,0.618958
1441193783420167,-0.476685,0.441956,-0.438599,0.620544
1441193783443105,-0.475769,0.44397,-0.438232,0.620056
1441193783464123,-0.475525,0.446045,-0.437256,0.619446
1441193783480108,-0.474792,0.447083,-0.436279,0.619934
1441193783503102,-0.474609,0.447571,-0.435669,0.620178
1441193783524262,-0.473999,0.447815,-0.436035,0.620178
1441193783540103,-0.473694,0.448242,-0.436768,0.619629
1441193783570107,-0.473877,0.44873,-0.437744,0.618408
1441193783584114,-0.475159,0.450378,-0.438477,0.615723
1441193783600103,-0.477722,0.45282,-0.438538,0.611938
1441193783623150,-0.480286,0.454407,-0.438721,0.608582
1441193783644118,-0.48175,0.454224,-0.439331,0.607117
1441193783660104,-0.482422,0.452209,-0.440063,0.607544
1441193783683103,-0.483154,0.448914,-0.440552,0.609009
1441193783704124,-0.484558,0.445618,-0.440735,0.610168
1441193783720109,-0.486084,0.442444,-0.440918,0.611206
1441193783742281,-0.487122,0.439575,-0.441406,0.612061
1441193783764162,-0.487915,0.437561,-0.442139,0.612366
1441193783780107,-0.488586,0.436157,-0.442505,0.612549
1441193783803119,-0.489136,0.435791,-0.442688,0.612305
1441193783824130,-0.490601,0.436462,-0.44281,0.610535
1441193783840108,-0.492615,0.437439,-0.442749,0.608215
1441193783863108,-0.496643,0.440247,-0.440308,0.604614
1441193783885105,-0.497009,0.44165,-0.439514,0.604004
1441193783891108,-0.494507,0.441406,-0.440491,0.605469
1441193783913306,-0.492981,0.442261,-0.440735,0.605896
1441193783928303,-0.494629,0.446655,-0.438477,0.602905
1441193783951110,-0.495789,0.450806,-0.43689,0.600098
1441193783973324,-0.495056,0.452454,-0.436462,0.599731
1441193783988336,-0.491638,0.452393,-0.438354,0.601196
1441193784011166,-0.48938,0.45282,-0.439941,0.601624
1441193784027110,-0.489075,0.454041,-0.440308,0.600708
1441193784048310,-0.488953,0.454895,-0.439941,0.600342
1441193784071115,-0.487427,0.455139,-0.440247,0.601196
1441193784095109,-0.486572,0.454895,-0.440002,0.602234
1441193784108111,-0.486877,0.454407,-0.438965,0.603088
1441193784130348,-0.487793,0.452576,-0.437927,0.604492
1441193784146109,-0.488342,0.449097,-0.437683,0.606812
1441193784168322,-0.487549,0.44397,-0.438477,0.610718
1441193784199126,-0.485046,0.437744,-0.441101,0.615295
1441193784207106,-0.481384,0.431335,-0.445313,0.619629
1441193784228322,-0.476501,0.425171,-0.4505,0.62384
1441193784251130,-0.470886,0.419617,-0.456177,0.627747
1441193784267108,-0.463196,0.413391,-0.462891,0.63269
1441193784288286,-0.454834,0.407104,-0.469177,0.638184
1441193784311112,-0.447998,0.401245,-0.474182,0.642944
1441193784327112,-0.444946,0.397461,-0.47644,0.645813
1441193784348114,-0.444397,0.395874,-0.476379,0.647156
1441193784371182,-0.444824,0.395447,-0.474976,0.648193
1441193784387112,-0.445923,0.395142,-0.472717,0.649292
1441193784408114,-0.446655,0.393982,-0.470337,0.651184
1441193784430377,-0.446045,0.391479,-0.46875,0.654236
1441193784447113,-0.443848,0.387451,-0.46814,0.65863
1441193784468334,-0.440186,0.382263,-0.468384,0.663879
1441193784491146,-0.436707,0.377136,-0.468323,0.669128
1441193784507112,-0.434387,0.372498,-0.468079,0.673401
1441193784528333,-0.433655,0.368591,-0.467285,0.676514
1441193784551113,-0.43396,0.365417,-0.465881,0.679077
1441193784574115,-0.433655,0.361694,-0.464478,0.68219
1441193784588114,-0.432739,0.357483,-0.463623,0.685547
1441193784610354,-0.431458,0.353149,-0.463074,0.688965
1441193784627109,-0.429993,0.349121,-0.462402,0.692383
1441193784648330,-0.42926,0.345642,-0.461426,0.69519
1441193784674110,-0.429749,0.342285,-0.460266,0.697327
1441193784687130,-0.430603,0.338745,-0.459106,0.699341
1441193784708279,-0.430603,0.334656,-0.458496,0.701721
1441193784731137,-0.429932,0.330566,-0.458069,0.704285
1441193784747115,-0.429565,0.327087,-0.45752,0.706482
1441193784769111,-0.429871,0.324646,-0.456848,0.707886
1441193784791158,-0.430054,0.322571,-0.456238,0.709106
1441193784808133,-0.429871,0.320435,-0.455688,0.710571
1441193784828152,-0.429993,0.318542,-0.4552,0.711609
1441193784851118,-0.430298,0.316956,-0.454834,0.712402
1441193784868114,-0.430664,0.315796,-0.45459,0.71283
1441193784888356,-0.431091,0.314758,-0.45459,0.713074
1441193784911116,-0.432007,0.313538,-0.454285,0.713196
1441193784928113,-0.433044,0.312439,-0.453857,0.713379
1441193784956178,-0.43396,0.311523,-0.453369,0.713501
1441193784971118,-0.434509,0.311035,-0.453125,0.713501
1441193784989115,-0.434814,0.311035,-0.45343,0.713135
1441193785011115,-0.435791,0.311035,-0.453918,0.71228
1441193785030336,-0.436768,0.310425,-0.454102,0.711792
1441193785048113,-0.437561,0.309448,-0.454285,0.711609
1441193785068118,-0.438171,0.308533,-0.454651,0.711426
1441193785091117,-0.43927,0.308228,-0.45459,0.710876
1441193785108162,-0.440369,0.307617,-0.455261,0.710022
1441193785128334,-0.442322,0.307495,-0.455383,0.708801
1441193785151136,-0.443787,0.307983,-0.455139,0.707825
1441193785168116,-0.444946,0.308411,-0.454773,0.707153
1441193785188351,-0.447021,0.30835,-0.453735,0.706543
1441193785211158,-0.451416,0.307922,-0.450989,0.705688
1441193785228117,-0.455994,0.307922,-0.44812,0.704529
1441193785248353,-0.458618,0.3078,-0.447327,0.70343
1441193785270336,-0.461426,0.309143,-0.446838,0.701294
1441193785288129,-0.463745,0.315857,-0.44397,0.698669
1441193785308121,-0.463806,0.322998,-0.438721,0.698608
1441193785331176,-0.467957,0.328857,-0.433655,0.696289
1441193785348118,-0.472595,0.331177,-0.430969,0.693726
1441193785369187,-0.471375,0.329834,-0.430969,0.69519
1441193785391119,-0.468628,0.327881,-0.432495,0.697021
1441193785408120,-0.465942,0.325623,-0.433655,0.699158
1441193785429156,-0.465088,0.323303,-0.43335,0.700989
1441193785451119,-0.464294,0.320251,-0.433289,0.702942
1441193785468118,-0.464905,0.31665,-0.433411,0.704102
1441193785490119,-0.463013,0.311096,-0.436707,0.705811
1441193785510317,-0.457397,0.30603,-0.442322,0.708191
1441193785528119,-0.452454,0.303162,-0.445557,0.71051
1441193785549119,-0.448669,0.301758,-0.447754,0.712158
1441193785570360,-0.445007,0.302917,-0.451294,0.711731
1441193785588116,-0.450378,0.307251,-0.448975,0.707947
1441193785610120,-0.450195,0.304321,-0.450317,0.708496
1441193785630381,-0.445984,0.297058,-0.454285,0.71167
1441193785648116,-0.436768,0.289307,-0.45874,0.717712
1441193785669179,-0.431946,0.282959,-0.46167,0.721252
1441193785691121,-0.434631,0.279419,-0.463135,0.720093
1441193785708120,-0.440735,0.278809,-0.46405,0.716003
1441193785731277,-0.447754,0.280701,-0.465088,0.710205
1441193785750370,-0.452637,0.283813,-0.467407,0.704346
1441193785768117,-0.454956,0.2854,-0.470154,0.700317
1441193785791120,-0.45575,0.28479,-0.47229,0.698669
1441193785811122,-0.454651,0.281982,-0.474548,0.698975
1441193785828118,-0.451172,0.277649,-0.477844,0.700745
1441193785851246,-0.448608,0.273499,-0.480469,0.702271
1441193785870388,-0.447937,0.270081,-0.482971,0.702271
1441193785888118,-0.448975,0.268188,-0.485168,0.700745
1441193785911204,-0.450928,0.267395,-0.486755,0.69873
1441193785930359,-0.45282,0.268127,-0.487427,0.696716
1441193785948118,-0.453247,0.268494,-0.487793,0.696106
1441193785971122,-0.452454,0.267883,-0.488403,0.696411
1441193785990362,-0.450989,0.266357,-0.489441,0.697205
1441193786008119,-0.449524,0.264282,-0.490845,0.697998
1441193786030124,-0.448914,0.262268,-0.492126,0.698242
1441193786051219,-0.449402,0.260742,-0.493225,0.697693
1441193786068120,-0.450562,0.25885,-0.493652,0.697327
1441193786090124,-0.451294,0.256775,-0.494324,0.697144
1441193786111230,-0.450867,0.254639,-0.495605,0.697327
1441193786128122,-0.450134,0.253174,-0.496887,0.697449
1441193786150121,-0.449768,0.252747,-0.497375,0.69751
1441193786171289,-0.449463,0.25238,-0.497009,0.698059
1441193786188123,-0.447388,0.251099,-0.497986,0.699158
1441193786210121,-0.44458,0.25,-0.499939,0.69989
1441193786231348,-0.442932,0.249817,-0.501648,0.699829
1441193786248123,-0.441833,0.249573,-0.502747,0.699768
1441193786270125,-0.43988,0.248718,-0.50415,0.700317
1441193786291435,-0.438477,0.248474,-0.505127,0.700623
1441193786308123,-0.438049,0.248901,-0.505737,0.700256
1441193786330172,-0.438354,0.249329,-0.50592,0.699768
1441193786351395,-0.438049,0.249146,-0.506042,0.699951
1441193786368123,-0.437683,0.248352,-0.506042,0.7005
1441193786390126,-0.437073,0.247009,-0.506226,0.701233
1441193786412142,-0.436829,0.246033,-0.506226,0.70166
1441193786428126,-0.437439,0.245422,-0.506104,0.701599
1441193786450123,-0.438416,0.244751,-0.505981,0.701355
1441193786471358,-0.439331,0.244141,-0.505981,0.700989
1441193786488209,-0.439636,0.243591,-0.506104,0.700867
1441193786510127,-0.43927,0.242798,-0.505615,0.701721
1441193786531327,-0.438416,0.241699,-0.50531,0.702881
1441193786548125,-0.438354,0.241089,-0.505249,0.703186
1441193786570123,-0.439148,0.241211,-0.505127,0.702698
1441193786591338,-0.439575,0.241211,-0.505127,0.702454
1441193786607135,-0.439148,0.240845,-0.505432,0.702637
1441193786630124,-0.438477,0.24054,-0.505554,0.703064
1441193786652182,-0.437744,0.240112,-0.505371,0.703796
1441193786668163,-0.436584,0.239136,-0.505493,0.704773
1441193786690126,-0.435669,0.238525,-0.505737,0.705322
1441193786712123,-0.434875,0.237793,-0.506104,0.705872
1441193786727179,-0.433167,0.23645,-0.506531,0.707031
1441193786750128,-0.432251,0.234802,-0.505859,0.708618
1441193786773127,-0.433289,0.233765,-0.505005,0.708923
1441193786787126,-0.437134,0.234497,-0.504028,0.707031
